{"type":"FeatureCollection", "features": [
{"type":"Feature","geometry":{"type":"MultiPolygon","coordinates":[[[[12.583,55.722],[12.578,55.722],[12.577,55.729],[12.564,55.732],[12.558,55.723],[12.557,55.723],[12.555,55.723],[12.554,55.723],[12.541,55.724],[12.536,55.727],[12.521,55.728],[12.514,55.721],[12.514,55.72],[12.513,55.72],[12.514,55.72],[12.512,55.72],[12.51,55.72],[12.509,55.72],[12.506,55.72],[12.505,55.72],[12.504,55.72],[12.502,55.721],[12.501,55.72],[12.484,55.725],[12.477,55.721],[12.475,55.72],[12.474,55.72],[12.471,55.719],[12.47,55.719],[12.467,55.719],[12.46,55.717],[12.459,55.717],[12.457,55.714],[12.456,55.714],[12.455,55.714],[12.453,55.712],[12.453,55.71],[12.457,55.704],[12.464,55.7],[12.464,55.699],[12.463,55.697],[12.463,55.696],[12.466,55.693],[12.468,55.682],[12.478,55.666],[12.478,55.665],[12.478,55.663],[12.478,55.662],[12.478,55.661],[12.477,55.659],[12.478,55.657],[12.485,55.653],[12.49,55.647],[12.491,55.646],[12.493,55.646],[12.494,55.646],[12.494,55.645],[12.495,55.645],[12.496,55.644],[12.498,55.643],[12.499,55.643],[12.499,55.642],[12.507,55.636],[12.532,55.638],[12.533,55.632],[12.549,55.642],[12.545,55.647],[12.556,55.65],[12.564,55.659],[12.563,55.663],[12.58,55.672],[12.58,55.678],[12.59,55.677],[12.6,55.691],[12.597,55.701],[12.6,55.712],[12.61,55.71],[12.64,55.722],[12.632,55.725],[12.62,55.723],[12.616,55.721],[12.606,55.724],[12.596,55.719],[12.591,55.713],[12.584,55.717],[12.583,55.722]],[[12.53,55.696],[12.536,55.697],[12.536,55.696],[12.535,55.695],[12.537,55.69],[12.538,55.69],[12.54,55.689],[12.543,55.687],[12.545,55.686],[12.547,55.685],[12.549,55.685],[12.55,55.685],[12.551,55.685],[12.552,55.685],[12.553,55.685],[12.554,55.685],[12.555,55.684],[12.554,55.682],[12.555,55.682],[12.557,55.682],[12.557,55.681],[12.556,55.678],[12.556,55.677],[12.555,55.674],[12.552,55.674],[12.551,55.674],[12.55,55.674],[12.55,55.673],[12.549,55.673],[12.547,55.673],[12.546,55.673],[12.546,55.672],[12.545,55.672],[12.544,55.672],[12.543,55.672],[12.541,55.671],[12.54,55.671],[12.539,55.67],[12.538,55.67],[12.537,55.67],[12.536,55.67],[12.534,55.669],[12.534,55.668],[12.533,55.668],[12.532,55.668],[12.531,55.668],[12.53,55.668],[12.527,55.667],[12.526,55.667],[12.525,55.667],[12.523,55.667],[12.522,55.667],[12.521,55.667],[12.52,55.667],[12.52,55.668],[12.519,55.668],[12.518,55.668],[12.517,55.668],[12.516,55.668],[12.515,55.668],[12.514,55.669],[12.512,55.669],[12.511,55.67],[12.511,55.669],[12.51,55.669],[12.509,55.669],[12.508,55.669],[12.507,55.669],[12.506,55.669],[12.505,55.669],[12.504,55.669],[12.503,55.669],[12.502,55.669],[12.501,55.669],[12.499,55.669],[12.497,55.669],[12.496,55.669],[12.492,55.679],[12.492,55.68],[12.492,55.681],[12.493,55.682],[12.494,55.683],[12.495,55.683],[12.495,55.684],[12.501,55.687],[12.502,55.688],[12.503,55.688],[12.508,55.689],[12.509,55.689],[12.516,55.69],[12.516,55.691],[12.517,55.691],[12.521,55.693],[12.53,55.696]]],[[[12.648,55.646],[12.642,55.651],[12.632,55.669],[12.645,55.672],[12.648,55.676],[12.639,55.68],[12.633,55.691],[12.62,55.687],[12.629,55.697],[12.608,55.697],[12.606,55.686],[12.607,55.678],[12.599,55.678],[12.588,55.67],[12.584,55.672],[12.568,55.661],[12.552,55.64],[12.534,55.63],[12.513,55.614],[12.524,55.615],[12.565,55.615],[12.568,55.615],[12.569,55.615],[12.569,55.616],[12.571,55.616],[12.572,55.616],[12.573,55.616],[12.574,55.616],[12.578,55.618],[12.579,55.618],[12.592,55.624],[12.593,55.631],[12.593,55.632],[12.593,55.633],[12.593,55.634],[12.593,55.635],[12.593,55.636],[12.593,55.637],[12.592,55.637],[12.592,55.638],[12.602,55.638],[12.603,55.638],[12.608,55.639],[12.609,55.639],[12.615,55.64],[12.616,55.64],[12.618,55.64],[12.619,55.64],[12.623,55.64],[12.623,55.641],[12.624,55.641],[12.627,55.641],[12.627,55.642],[12.627,55.643],[12.626,55.643],[12.626,55.644],[12.627,55.644],[12.634,55.644],[12.64,55.645],[12.641,55.645],[12.648,55.646]]]]},"properties":{"code":"101","name":"København","region":"Region Hovedstaden"}},
{"type":"Feature","geometry":{"type":"Polygon","coordinates":[[[12.53,55.696],[12.521,55.693],[12.517,55.691],[12.516,55.691],[12.516,55.69],[12.509,55.689],[12.508,55.689],[12.503,55.688],[12.502,55.688],[12.501,55.687],[12.495,55.684],[12.495,55.683],[12.494,55.683],[12.493,55.682],[12.492,55.681],[12.492,55.68],[12.492,55.679],[12.496,55.669],[12.497,55.669],[12.499,55.669],[12.501,55.669],[12.502,55.669],[12.503,55.669],[12.504,55.669],[12.505,55.669],[12.506,55.669],[12.507,55.669],[12.508,55.669],[12.509,55.669],[12.51,55.669],[12.511,55.669],[12.511,55.67],[12.512,55.669],[12.514,55.669],[12.515,55.668],[12.516,55.668],[12.517,55.668],[12.518,55.668],[12.519,55.668],[12.52,55.668],[12.52,55.667],[12.521,55.667],[12.522,55.667],[12.523,55.667],[12.525,55.667],[12.526,55.667],[12.527,55.667],[12.53,55.668],[12.531,55.668],[12.532,55.668],[12.533,55.668],[12.534,55.668],[12.534,55.669],[12.536,55.67],[12.537,55.67],[12.538,55.67],[12.539,55.67],[12.54,55.671],[12.541,55.671],[12.543,55.672],[12.544,55.672],[12.545,55.672],[12.546,55.672],[12.546,55.673],[12.547,55.673],[12.549,55.673],[12.55,55.673],[12.55,55.674],[12.551,55.674],[12.552,55.674],[12.555,55.674],[12.556,55.677],[12.556,55.678],[12.557,55.681],[12.557,55.682],[12.555,55.682],[12.554,55.682],[12.555,55.684],[12.554,55.685],[12.553,55.685],[12.552,55.685],[12.551,55.685],[12.55,55.685],[12.549,55.685],[12.547,55.685],[12.545,55.686],[12.543,55.687],[12.54,55.689],[12.538,55.69],[12.537,55.69],[12.535,55.695],[12.536,55.696],[12.536,55.697],[12.53,55.696]]]},"properties":{"code":"147","name":"Frederiksberg","region":"Region Hovedstaden"}},
{"type":"Feature","geometry":{"type":"Polygon","coordinates":[[[12.31,55.761],[12.304,55.762],[12.3,55.763],[12.292,55.758],[12.275,55.76],[12.267,55.756],[12.269,55.747],[12.288,55.752],[12.307,55.75],[12.314,55.749],[12.316,55.741],[12.331,55.742],[12.334,55.734],[12.326,55.733],[12.322,55.727],[12.323,55.717],[12.328,55.715],[12.342,55.711],[12.343,55.711],[12.356,55.707],[12.361,55.706],[12.362,55.706],[12.364,55.705],[12.365,55.705],[12.366,55.704],[12.367,55.704],[12.369,55.703],[12.371,55.703],[12.387,55.697],[12.388,55.707],[12.4,55.705],[12.409,55.709],[12.423,55.709],[12.424,55.709],[12.425,55.709],[12.424,55.709],[12.424,55.711],[12.426,55.716],[12.425,55.719],[12.424,55.719],[12.423,55.719],[12.423,55.72],[12.422,55.72],[12.422,55.721],[12.421,55.721],[12.42,55.721],[12.42,55.722],[12.419,55.723],[12.418,55.723],[12.417,55.723],[12.417,55.724],[12.416,55.724],[12.416,55.725],[12.415,55.725],[12.415,55.726],[12.414,55.726],[12.414,55.727],[12.413,55.727],[12.414,55.727],[12.413,55.728],[12.412,55.728],[12.411,55.729],[12.41,55.729],[12.409,55.729],[12.408,55.729],[12.407,55.729],[12.407,55.73],[12.407,55.731],[12.408,55.731],[12.409,55.734],[12.402,55.738],[12.401,55.738],[12.4,55.738],[12.4,55.739],[12.4,55.74],[12.4,55.743],[12.4,55.744],[12.399,55.744],[12.397,55.747],[12.394,55.757],[12.394,55.758],[12.388,55.759],[12.383,55.761],[12.381,55.761],[12.378,55.758],[12.365,55.754],[12.364,55.754],[12.36,55.754],[12.359,55.754],[12.358,55.754],[12.347,55.757],[12.346,55.757],[12.338,55.757],[12.334,55.758],[12.315,55.76],[12.314,55.76],[12.313,55.76],[12.311,55.76],[12.311,55.761],[12.31,55.761]]]},"properties":{"code":"151","name":"Ballerup","region":"Region Hovedstaden"}},
{"type":"Feature","geometry":{"type":"Polygon","coordinates":[[[12.453,55.665],[12.443,55.672],[12.425,55.67],[12.424,55.669],[12.422,55.669],[12.421,55.669],[12.42,55.669],[12.419,55.669],[12.419,55.668],[12.417,55.667],[12.416,55.666],[12.415,55.666],[12.415,55.665],[12.416,55.662],[12.414,55.66],[12.413,55.66],[12.412,55.66],[12.411,55.66],[12.41,55.66],[12.409,55.66],[12.408,55.659],[12.408,55.658],[12.407,55.658],[12.406,55.658],[12.405,55.659],[12.404,55.659],[12.401,55.659],[12.4,55.66],[12.4,55.659],[12.399,55.659],[12.399,55.66],[12.398,55.66],[12.397,55.66],[12.395,55.66],[12.395,55.661],[12.394,55.661],[12.391,55.661],[12.39,55.661],[12.375,55.66],[12.363,55.659],[12.364,55.657],[12.365,55.657],[12.365,55.656],[12.367,55.655],[12.368,55.654],[12.369,55.654],[12.369,55.653],[12.37,55.653],[12.37,55.652],[12.372,55.651],[12.373,55.65],[12.374,55.65],[12.374,55.649],[12.376,55.647],[12.378,55.645],[12.379,55.645],[12.38,55.644],[12.381,55.643],[12.382,55.642],[12.382,55.641],[12.383,55.64],[12.388,55.634],[12.389,55.633],[12.39,55.632],[12.391,55.631],[12.392,55.629],[12.393,55.629],[12.393,55.628],[12.394,55.628],[12.396,55.625],[12.397,55.625],[12.399,55.623],[12.4,55.622],[12.4,55.621],[12.401,55.621],[12.401,55.62],[12.402,55.62],[12.403,55.618],[12.404,55.618],[12.404,55.617],[12.405,55.612],[12.413,55.613],[12.439,55.612],[12.447,55.607],[12.442,55.622],[12.442,55.623],[12.441,55.623],[12.43,55.632],[12.427,55.642],[12.439,55.646],[12.441,55.646],[12.442,55.646],[12.444,55.647],[12.455,55.648],[12.456,55.648],[12.457,55.648],[12.458,55.648],[12.459,55.648],[12.46,55.648],[12.456,55.654],[12.455,55.663],[12.456,55.664],[12.453,55.665]]]},"properties":{"code":"153","name":"Brøndby","region":"Region Hovedstaden"}},
{"type":"Feature","geometry":{"type":"Polygon","coordinates":[[[12.67,55.607],[12.632,55.609],[12.631,55.602],[12.622,55.603],[12.622,55.595],[12.617,55.59],[12.615,55.58],[12.61,55.577],[12.592,55.577],[12.59,55.58],[12.564,55.576],[12.557,55.575],[12.56,55.564],[12.571,55.558],[12.583,55.557],[12.592,55.555],[12.602,55.561],[12.621,55.568],[12.632,55.577],[12.644,55.578],[12.668,55.584],[12.677,55.591],[12.673,55.596],[12.67,55.607]]]},"properties":{"code":"155","name":"Dragør","region":"Region Hovedstaden"}},
{"type":"Feature","geometry":{"type":"Polygon","coordinates":[[[12.583,55.722],[12.589,55.726],[12.581,55.731],[12.584,55.74],[12.59,55.749],[12.6,55.76],[12.593,55.779],[12.584,55.776],[12.571,55.774],[12.559,55.771],[12.539,55.774],[12.52,55.762],[12.509,55.763],[12.501,55.76],[12.5,55.759],[12.499,55.758],[12.5,55.758],[12.5,55.756],[12.5,55.755],[12.5,55.753],[12.5,55.752],[12.499,55.752],[12.499,55.751],[12.5,55.751],[12.501,55.75],[12.5,55.748],[12.501,55.748],[12.502,55.747],[12.503,55.747],[12.518,55.742],[12.518,55.741],[12.518,55.74],[12.518,55.739],[12.519,55.734],[12.52,55.732],[12.52,55.731],[12.521,55.728],[12.536,55.727],[12.541,55.724],[12.554,55.723],[12.555,55.723],[12.557,55.723],[12.558,55.723],[12.564,55.732],[12.577,55.729],[12.578,55.722],[12.583,55.722]]]},"properties":{"code":"157","name":"Gentofte","region":"Region Hovedstaden"}},
{"type":"Feature","geometry":{"type":"Polygon","coordinates":[[[12.521,55.728],[12.52,55.731],[12.52,55.732],[12.519,55.734],[12.518,55.739],[12.518,55.74],[12.518,55.741],[12.518,55.742],[12.503,55.747],[12.502,55.747],[12.501,55.748],[12.5,55.748],[12.501,55.75],[12.5,55.751],[12.499,55.751],[12.499,55.752],[12.5,55.752],[12.5,55.753],[12.5,55.755],[12.5,55.756],[12.5,55.758],[12.499,55.758],[12.5,55.759],[12.501,55.76],[12.48,55.76],[12.485,55.77],[12.482,55.774],[12.468,55.774],[12.46,55.77],[12.459,55.771],[12.439,55.777],[12.439,55.776],[12.438,55.776],[12.425,55.772],[12.417,55.77],[12.416,55.753],[12.435,55.752],[12.446,55.75],[12.445,55.74],[12.453,55.73],[12.453,55.724],[12.459,55.717],[12.46,55.717],[12.467,55.719],[12.47,55.719],[12.471,55.719],[12.474,55.72],[12.475,55.72],[12.477,55.721],[12.484,55.725],[12.501,55.72],[12.502,55.721],[12.504,55.72],[12.505,55.72],[12.506,55.72],[12.509,55.72],[12.51,55.72],[12.512,55.72],[12.514,55.72],[12.513,55.72],[12.514,55.72],[12.514,55.721],[12.521,55.728]]]},"properties":{"code":"159","name":"Gladsaxe","region":"Region Hovedstaden"}},
{"type":"Feature","geometry":{"type":"Polygon","coordinates":[[[12.387,55.697],[12.388,55.697],[12.387,55.697],[12.387,55.696],[12.388,55.695],[12.391,55.692],[12.391,55.691],[12.392,55.691],[12.393,55.69],[12.395,55.688],[12.396,55.68],[12.394,55.675],[12.386,55.677],[12.385,55.677],[12.385,55.675],[12.385,55.674],[12.385,55.673],[12.384,55.674],[12.384,55.673],[12.382,55.672],[12.381,55.672],[12.381,55.671],[12.38,55.671],[12.379,55.671],[12.378,55.672],[12.375,55.67],[12.371,55.669],[12.37,55.669],[12.37,55.668],[12.369,55.668],[12.368,55.668],[12.369,55.666],[12.37,55.666],[12.371,55.665],[12.372,55.664],[12.372,55.663],[12.371,55.662],[12.371,55.661],[12.371,55.66],[12.372,55.66],[12.374,55.66],[12.375,55.66],[12.39,55.661],[12.391,55.661],[12.394,55.661],[12.395,55.661],[12.395,55.66],[12.397,55.66],[12.398,55.66],[12.399,55.66],[12.399,55.659],[12.4,55.659],[12.4,55.66],[12.401,55.659],[12.404,55.659],[12.405,55.659],[12.406,55.658],[12.407,55.658],[12.408,55.658],[12.408,55.659],[12.409,55.66],[12.41,55.66],[12.411,55.66],[12.412,55.66],[12.413,55.66],[12.414,55.66],[12.416,55.662],[12.415,55.665],[12.415,55.666],[12.416,55.666],[12.417,55.667],[12.419,55.668],[12.419,55.669],[12.42,55.669],[12.421,55.669],[12.422,55.669],[12.424,55.669],[12.425,55.67],[12.424,55.67],[12.424,55.671],[12.423,55.672],[12.423,55.673],[12.424,55.674],[12.424,55.675],[12.432,55.689],[12.429,55.691],[12.429,55.708],[12.425,55.709],[12.424,55.709],[12.423,55.709],[12.409,55.709],[12.4,55.705],[12.388,55.707],[12.387,55.697]]]},"properties":{"code":"161","name":"Glostrup","region":"Region Hovedstaden"}},
{"type":"Feature","geometry":{"type":"Polygon","coordinates":[[[12.459,55.717],[12.453,55.724],[12.453,55.73],[12.445,55.74],[12.446,55.75],[12.435,55.752],[12.416,55.753],[12.406,55.753],[12.394,55.758],[12.394,55.757],[12.397,55.747],[12.399,55.744],[12.4,55.744],[12.4,55.743],[12.4,55.74],[12.4,55.739],[12.4,55.738],[12.401,55.738],[12.402,55.738],[12.409,55.734],[12.408,55.731],[12.407,55.731],[12.407,55.73],[12.407,55.729],[12.408,55.729],[12.409,55.729],[12.41,55.729],[12.411,55.729],[12.412,55.728],[12.413,55.728],[12.414,55.727],[12.413,55.727],[12.414,55.727],[12.414,55.726],[12.415,55.726],[12.415,55.725],[12.416,55.725],[12.416,55.724],[12.417,55.724],[12.417,55.723],[12.418,55.723],[12.419,55.723],[12.42,55.722],[12.42,55.721],[12.421,55.721],[12.422,55.721],[12.422,55.72],[12.423,55.72],[12.423,55.719],[12.424,55.719],[12.425,55.719],[12.426,55.716],[12.424,55.711],[12.424,55.709],[12.425,55.709],[12.429,55.708],[12.435,55.713],[12.446,55.715],[12.453,55.712],[12.455,55.714],[12.456,55.714],[12.457,55.714],[12.459,55.717]]]},"properties":{"code":"163","name":"Herlev","region":"Region Hovedstaden"}},
{"type":"Feature","geometry":{"type":"Polygon","coordinates":[[[12.342,55.711],[12.342,55.71],[12.342,55.709],[12.342,55.707],[12.341,55.707],[12.341,55.706],[12.335,55.7],[12.334,55.7],[12.33,55.7],[12.324,55.699],[12.323,55.699],[12.317,55.697],[12.317,55.696],[12.316,55.696],[12.315,55.695],[12.313,55.695],[12.312,55.695],[12.311,55.694],[12.318,55.687],[12.322,55.679],[12.322,55.678],[12.316,55.67],[12.318,55.668],[12.322,55.66],[12.323,55.658],[12.318,55.659],[12.317,55.659],[12.318,55.658],[12.319,55.658],[12.319,55.657],[12.32,55.657],[12.323,55.655],[12.324,55.654],[12.331,55.65],[12.332,55.65],[12.334,55.65],[12.335,55.65],[12.335,55.649],[12.337,55.649],[12.337,55.648],[12.338,55.646],[12.338,55.645],[12.338,55.644],[12.341,55.642],[12.346,55.647],[12.354,55.649],[12.353,55.655],[12.365,55.656],[12.365,55.657],[12.364,55.657],[12.363,55.659],[12.375,55.66],[12.374,55.66],[12.372,55.66],[12.371,55.66],[12.371,55.661],[12.371,55.662],[12.372,55.663],[12.372,55.664],[12.371,55.665],[12.37,55.666],[12.369,55.666],[12.368,55.668],[12.369,55.668],[12.37,55.668],[12.37,55.669],[12.371,55.669],[12.375,55.67],[12.378,55.672],[12.379,55.671],[12.38,55.671],[12.381,55.671],[12.381,55.672],[12.382,55.672],[12.384,55.673],[12.384,55.674],[12.385,55.673],[12.385,55.674],[12.385,55.675],[12.385,55.677],[12.386,55.677],[12.394,55.675],[12.396,55.68],[12.395,55.688],[12.393,55.69],[12.392,55.691],[12.391,55.691],[12.391,55.692],[12.388,55.695],[12.387,55.696],[12.387,55.697],[12.388,55.697],[12.387,55.697],[12.371,55.703],[12.369,55.703],[12.367,55.704],[12.366,55.704],[12.365,55.705],[12.364,55.705],[12.362,55.706],[12.361,55.706],[12.356,55.707],[12.343,55.711],[12.342,55.711]]]},"properties":{"code":"165","name":"Albertslund","region":"Region Hovedstaden"}},
{"type":"Feature","geometry":{"type":"Polygon","coordinates":[[[12.478,55.666],[12.453,55.665],[12.456,55.664],[12.455,55.663],[12.456,55.654],[12.46,55.648],[12.459,55.648],[12.458,55.648],[12.457,55.648],[12.456,55.648],[12.455,55.648],[12.444,55.647],[12.442,55.646],[12.441,55.646],[12.439,55.646],[12.427,55.642],[12.43,55.632],[12.441,55.623],[12.442,55.623],[12.442,55.622],[12.447,55.607],[12.448,55.604],[12.48,55.601],[12.492,55.601],[12.497,55.61],[12.502,55.611],[12.494,55.619],[12.502,55.626],[12.507,55.636],[12.499,55.642],[12.499,55.643],[12.498,55.643],[12.496,55.644],[12.495,55.645],[12.494,55.645],[12.494,55.646],[12.493,55.646],[12.491,55.646],[12.49,55.647],[12.485,55.653],[12.478,55.657],[12.477,55.659],[12.478,55.661],[12.478,55.662],[12.478,55.663],[12.478,55.665],[12.478,55.666]]]},"properties":{"code":"167","name":"Hvidovre","region":"Region Hovedstaden"}},
{"type":"Feature","geometry":{"type":"Polygon","coordinates":[[[12.311,55.694],[12.295,55.697],[12.269,55.704],[12.253,55.705],[12.251,55.708],[12.25,55.708],[12.249,55.708],[12.246,55.705],[12.244,55.704],[12.243,55.704],[12.23,55.697],[12.221,55.694],[12.212,55.687],[12.205,55.688],[12.204,55.688],[12.199,55.688],[12.197,55.688],[12.195,55.688],[12.194,55.688],[12.185,55.688],[12.182,55.683],[12.181,55.682],[12.18,55.682],[12.178,55.682],[12.177,55.682],[12.176,55.682],[12.175,55.682],[12.171,55.682],[12.17,55.682],[12.169,55.682],[12.169,55.676],[12.16,55.671],[12.157,55.659],[12.164,55.653],[12.158,55.651],[12.158,55.65],[12.158,55.649],[12.158,55.648],[12.157,55.644],[12.157,55.643],[12.157,55.634],[12.167,55.634],[12.167,55.633],[12.167,55.632],[12.166,55.632],[12.166,55.628],[12.166,55.627],[12.165,55.624],[12.164,55.622],[12.164,55.621],[12.16,55.613],[12.179,55.608],[12.21,55.605],[12.215,55.618],[12.209,55.618],[12.217,55.632],[12.213,55.635],[12.23,55.636],[12.233,55.635],[12.238,55.634],[12.239,55.634],[12.249,55.634],[12.25,55.634],[12.257,55.634],[12.258,55.634],[12.282,55.635],[12.293,55.636],[12.299,55.636],[12.3,55.636],[12.305,55.637],[12.326,55.638],[12.333,55.636],[12.343,55.637],[12.344,55.637],[12.347,55.638],[12.343,55.641],[12.342,55.642],[12.341,55.642],[12.338,55.644],[12.338,55.645],[12.338,55.646],[12.337,55.648],[12.337,55.649],[12.335,55.649],[12.335,55.65],[12.334,55.65],[12.332,55.65],[12.331,55.65],[12.324,55.654],[12.323,55.655],[12.32,55.657],[12.319,55.657],[12.319,55.658],[12.318,55.658],[12.317,55.659],[12.318,55.659],[12.323,55.658],[12.322,55.66],[12.318,55.668],[12.316,55.67],[12.322,55.678],[12.322,55.679],[12.318,55.687],[12.311,55.694]]]},"properties":{"code":"169","name":"Høje-Taastrup","region":"Region Hovedstaden"}},
{"type":"Feature","geometry":{"type":"Polygon","coordinates":[[[12.593,55.779],[12.595,55.788],[12.587,55.804],[12.582,55.808],[12.576,55.808],[12.572,55.809],[12.567,55.808],[12.559,55.806],[12.551,55.807],[12.545,55.804],[12.544,55.804],[12.543,55.804],[12.542,55.804],[12.541,55.803],[12.536,55.803],[12.535,55.803],[12.529,55.803],[12.528,55.803],[12.527,55.803],[12.524,55.804],[12.514,55.802],[12.511,55.801],[12.51,55.801],[12.509,55.801],[12.505,55.8],[12.503,55.8],[12.5,55.799],[12.489,55.801],[12.484,55.799],[12.475,55.8],[12.475,55.801],[12.472,55.802],[12.471,55.802],[12.47,55.802],[12.469,55.802],[12.468,55.801],[12.465,55.801],[12.464,55.801],[12.463,55.801],[12.463,55.8],[12.462,55.8],[12.461,55.8],[12.458,55.8],[12.453,55.8],[12.45,55.8],[12.449,55.8],[12.435,55.802],[12.416,55.795],[12.415,55.775],[12.417,55.775],[12.417,55.774],[12.421,55.776],[12.422,55.776],[12.426,55.775],[12.427,55.775],[12.439,55.777],[12.459,55.771],[12.46,55.77],[12.468,55.774],[12.482,55.774],[12.485,55.77],[12.48,55.76],[12.501,55.76],[12.509,55.763],[12.52,55.762],[12.539,55.774],[12.559,55.771],[12.571,55.774],[12.584,55.776],[12.593,55.779]]]},"properties":{"code":"173","name":"Lyngby-Taarbæk","region":"Region Hovedstaden"}},
{"type":"Feature","geometry":{"type":"Polygon","coordinates":[[[12.453,55.712],[12.446,55.715],[12.435,55.713],[12.429,55.708],[12.429,55.691],[12.432,55.689],[12.424,55.675],[12.424,55.674],[12.423,55.673],[12.423,55.672],[12.424,55.671],[12.424,55.67],[12.425,55.67],[12.443,55.672],[12.453,55.665],[12.478,55.666],[12.468,55.682],[12.466,55.693],[12.463,55.696],[12.463,55.697],[12.464,55.699],[12.464,55.7],[12.457,55.704],[12.453,55.71],[12.453,55.712]]]},"properties":{"code":"175","name":"Rødovre","region":"Region Hovedstaden"}},
{"type":"Feature","geometry":{"type":"Polygon","coordinates":[[[12.215,55.618],[12.23,55.617],[12.235,55.621],[12.243,55.614],[12.257,55.616],[12.271,55.622],[12.279,55.621],[12.288,55.616],[12.294,55.617],[12.305,55.614],[12.305,55.613],[12.315,55.61],[12.323,55.609],[12.324,55.609],[12.325,55.61],[12.325,55.609],[12.329,55.609],[12.33,55.609],[12.333,55.608],[12.337,55.608],[12.342,55.606],[12.343,55.606],[12.343,55.605],[12.344,55.604],[12.352,55.603],[12.353,55.603],[12.354,55.602],[12.359,55.601],[12.36,55.601],[12.363,55.594],[12.391,55.605],[12.4,55.61],[12.385,55.612],[12.378,55.617],[12.377,55.617],[12.377,55.618],[12.373,55.62],[12.371,55.622],[12.364,55.626],[12.362,55.626],[12.357,55.628],[12.356,55.628],[12.347,55.637],[12.347,55.638],[12.344,55.637],[12.343,55.637],[12.333,55.636],[12.326,55.638],[12.305,55.637],[12.3,55.636],[12.299,55.636],[12.293,55.636],[12.282,55.635],[12.258,55.634],[12.257,55.634],[12.25,55.634],[12.249,55.634],[12.239,55.634],[12.238,55.634],[12.233,55.635],[12.23,55.636],[12.213,55.635],[12.217,55.632],[12.209,55.618],[12.215,55.618]]]},"properties":{"code":"183","name":"Ishøj","region":"Region Hovedstaden"}},
{"type":"Feature","geometry":{"type":"MultiPolygon","coordinates":[[[[12.513,55.614],[12.509,55.607],[12.511,55.597],[12.516,55.589],[12.528,55.577],[12.534,55.573],[12.546,55.573],[12.564,55.576],[12.59,55.58],[12.592,55.577],[12.61,55.577],[12.615,55.58],[12.617,55.59],[12.622,55.595],[12.622,55.603],[12.631,55.602],[12.632,55.609],[12.67,55.607],[12.676,55.607],[12.681,55.615],[12.681,55.629],[12.67,55.634],[12.657,55.634],[12.648,55.646],[12.641,55.645],[12.64,55.645],[12.634,55.644],[12.627,55.644],[12.626,55.644],[12.626,55.643],[12.627,55.643],[12.627,55.642],[12.627,55.641],[12.624,55.641],[12.623,55.641],[12.623,55.64],[12.619,55.64],[12.618,55.64],[12.616,55.64],[12.615,55.64],[12.609,55.639],[12.608,55.639],[12.603,55.638],[12.602,55.638],[12.592,55.638],[12.592,55.637],[12.593,55.637],[12.593,55.636],[12.593,55.635],[12.593,55.634],[12.593,55.633],[12.593,55.632],[12.593,55.631],[12.592,55.624],[12.579,55.618],[12.578,55.618],[12.574,55.616],[12.573,55.616],[12.572,55.616],[12.571,55.616],[12.569,55.616],[12.569,55.615],[12.568,55.615],[12.565,55.615],[12.524,55.615],[12.513,55.614]]],[[[12.776,55.588],[12.777,55.59],[12.756,55.599],[12.744,55.607],[12.735,55.606],[12.748,55.599],[12.758,55.592],[12.776,55.588]]],[[[12.769,55.672],[12.755,55.666],[12.747,55.666],[12.739,55.654],[12.736,55.644],[12.735,55.635],[12.744,55.627],[12.743,55.621],[12.761,55.614],[12.766,55.606],[12.782,55.606],[12.792,55.61],[12.786,55.616],[12.781,55.632],[12.784,55.64],[12.78,55.641],[12.779,55.661],[12.769,55.672]]]]},"properties":{"code":"185","name":"Tårnby","region":"Region Hovedstaden"}},
{"type":"Feature","geometry":{"type":"Polygon","coordinates":[[[12.365,55.656],[12.353,55.655],[12.354,55.649],[12.346,55.647],[12.341,55.642],[12.342,55.642],[12.343,55.641],[12.347,55.638],[12.347,55.637],[12.356,55.628],[12.357,55.628],[12.362,55.626],[12.364,55.626],[12.371,55.622],[12.373,55.62],[12.377,55.618],[12.377,55.617],[12.378,55.617],[12.385,55.612],[12.4,55.61],[12.405,55.612],[12.404,55.617],[12.404,55.618],[12.403,55.618],[12.402,55.62],[12.401,55.62],[12.401,55.621],[12.4,55.621],[12.4,55.622],[12.399,55.623],[12.397,55.625],[12.396,55.625],[12.394,55.628],[12.393,55.628],[12.393,55.629],[12.392,55.629],[12.391,55.631],[12.39,55.632],[12.389,55.633],[12.388,55.634],[12.383,55.64],[12.382,55.641],[12.382,55.642],[12.381,55.643],[12.38,55.644],[12.379,55.645],[12.378,55.645],[12.376,55.647],[12.374,55.649],[12.374,55.65],[12.373,55.65],[12.372,55.651],[12.37,55.652],[12.37,55.653],[12.369,55.653],[12.369,55.654],[12.368,55.654],[12.367,55.655],[12.365,55.656]]]},"properties":{"code":"187","name":"Vallensbæk","region":"Region Hovedstaden"}},
{"type":"Feature","geometry":{"type":"Polygon","coordinates":[[[12.394,55.758],[12.406,55.753],[12.416,55.753],[12.417,55.77],[12.425,55.772],[12.438,55.776],[12.439,55.776],[12.439,55.777],[12.427,55.775],[12.426,55.775],[12.422,55.776],[12.421,55.776],[12.417,55.774],[12.417,55.775],[12.415,55.775],[12.416,55.795],[12.413,55.799],[12.412,55.802],[12.417,55.806],[12.419,55.808],[12.42,55.809],[12.421,55.81],[12.424,55.812],[12.425,55.813],[12.426,55.813],[12.42,55.826],[12.396,55.831],[12.393,55.84],[12.388,55.842],[12.37,55.848],[12.361,55.849],[12.357,55.84],[12.349,55.834],[12.314,55.824],[12.318,55.818],[12.326,55.812],[12.333,55.809],[12.333,55.8],[12.333,55.799],[12.33,55.794],[12.305,55.793],[12.309,55.789],[12.31,55.789],[12.311,55.789],[12.312,55.789],[12.314,55.789],[12.315,55.788],[12.316,55.788],[12.316,55.787],[12.317,55.787],[12.317,55.786],[12.316,55.785],[12.315,55.783],[12.314,55.783],[12.313,55.782],[12.312,55.782],[12.311,55.778],[12.309,55.777],[12.304,55.777],[12.303,55.778],[12.297,55.779],[12.295,55.779],[12.295,55.778],[12.294,55.778],[12.294,55.777],[12.294,55.776],[12.294,55.774],[12.294,55.773],[12.293,55.773],[12.297,55.768],[12.3,55.763],[12.304,55.762],[12.31,55.761],[12.311,55.761],[12.311,55.76],[12.313,55.76],[12.314,55.76],[12.315,55.76],[12.334,55.758],[12.338,55.757],[12.346,55.757],[12.347,55.757],[12.358,55.754],[12.359,55.754],[12.36,55.754],[12.364,55.754],[12.365,55.754],[12.378,55.758],[12.381,55.761],[12.383,55.761],[12.388,55.759],[12.394,55.758]]]},"properties":{"code":"190","name":"Furesø","region":"Region Hovedstaden"}},
{"type":"Feature","geometry":{"type":"Polygon","coordinates":[[[12.393,55.84],[12.402,55.842],[12.398,55.847],[12.409,55.847],[12.415,55.852],[12.419,55.864],[12.422,55.866],[12.427,55.867],[12.426,55.869],[12.413,55.872],[12.41,55.872],[12.41,55.873],[12.407,55.874],[12.405,55.875],[12.402,55.876],[12.402,55.885],[12.398,55.887],[12.391,55.896],[12.373,55.899],[12.371,55.898],[12.37,55.897],[12.364,55.894],[12.363,55.894],[12.355,55.896],[12.354,55.896],[12.337,55.893],[12.336,55.893],[12.322,55.891],[12.311,55.892],[12.311,55.888],[12.318,55.883],[12.316,55.881],[12.315,55.881],[12.314,55.881],[12.313,55.881],[12.311,55.881],[12.31,55.881],[12.3,55.886],[12.3,55.885],[12.299,55.885],[12.298,55.885],[12.297,55.884],[12.295,55.883],[12.294,55.883],[12.286,55.884],[12.284,55.884],[12.282,55.884],[12.281,55.884],[12.28,55.883],[12.279,55.883],[12.278,55.883],[12.275,55.882],[12.279,55.878],[12.279,55.877],[12.28,55.877],[12.279,55.869],[12.279,55.868],[12.278,55.866],[12.265,55.859],[12.264,55.859],[12.259,55.854],[12.234,55.852],[12.235,55.851],[12.233,55.846],[12.232,55.846],[12.231,55.846],[12.229,55.843],[12.218,55.838],[12.207,55.828],[12.209,55.828],[12.234,55.82],[12.241,55.819],[12.248,55.82],[12.248,55.819],[12.258,55.818],[12.259,55.818],[12.263,55.816],[12.265,55.817],[12.266,55.817],[12.267,55.817],[12.278,55.817],[12.285,55.82],[12.305,55.819],[12.306,55.819],[12.307,55.818],[12.308,55.818],[12.309,55.818],[12.31,55.818],[12.313,55.816],[12.326,55.812],[12.318,55.818],[12.314,55.824],[12.349,55.834],[12.357,55.84],[12.361,55.849],[12.37,55.848],[12.388,55.842],[12.393,55.84]]]},"properties":{"code":"201","name":"Allerød","region":"Region Hovedstaden"}},
{"type":"Feature","geometry":{"type":"Polygon","coordinates":[[[12.398,55.887],[12.399,55.889],[12.4,55.889],[12.41,55.891],[12.424,55.889],[12.446,55.896],[12.456,55.896],[12.464,55.896],[12.468,55.9],[12.474,55.901],[12.475,55.901],[12.501,55.904],[12.502,55.904],[12.504,55.904],[12.506,55.904],[12.508,55.905],[12.509,55.905],[12.511,55.905],[12.511,55.906],[12.512,55.906],[12.513,55.907],[12.513,55.908],[12.514,55.908],[12.514,55.909],[12.514,55.91],[12.514,55.911],[12.515,55.911],[12.517,55.912],[12.518,55.912],[12.519,55.912],[12.52,55.913],[12.521,55.913],[12.523,55.913],[12.517,55.92],[12.518,55.925],[12.523,55.929],[12.527,55.942],[12.542,55.964],[12.549,55.977],[12.541,55.981],[12.53,55.979],[12.522,55.984],[12.522,55.985],[12.521,55.985],[12.519,55.986],[12.499,55.984],[12.491,55.989],[12.486,55.987],[12.483,55.985],[12.477,55.982],[12.476,55.982],[12.475,55.982],[12.472,55.992],[12.474,56.006],[12.465,56.007],[12.464,56.007],[12.454,56.004],[12.453,56.004],[12.452,56.004],[12.451,56.004],[12.449,56.004],[12.442,56.004],[12.438,56.003],[12.437,56.001],[12.436,56.001],[12.416,56.005],[12.41,56.011],[12.39,56.014],[12.378,56.002],[12.367,55.985],[12.367,55.971],[12.358,55.968],[12.364,55.955],[12.346,55.949],[12.347,55.949],[12.347,55.948],[12.348,55.948],[12.356,55.942],[12.367,55.94],[12.374,55.929],[12.37,55.927],[12.395,55.911],[12.373,55.899],[12.391,55.896],[12.398,55.887]]]},"properties":{"code":"210","name":"Fredensborg","region":"Region Hovedstaden"}},
{"type":"Feature","geometry":{"type":"Polygon","coordinates":[[[12.549,55.977],[12.554,55.985],[12.566,55.997],[12.58,56.005],[12.595,56.011],[12.609,56.029],[12.616,56.032],[12.623,56.04],[12.614,56.041],[12.57,56.063],[12.56,56.07],[12.539,56.08],[12.498,56.091],[12.456,56.095],[12.445,56.093],[12.424,56.094],[12.417,56.097],[12.414,56.087],[12.415,56.08],[12.41,56.077],[12.413,56.072],[12.41,56.068],[12.401,56.063],[12.405,56.06],[12.399,56.053],[12.398,56.039],[12.395,56.032],[12.4,56.027],[12.389,56.019],[12.39,56.014],[12.41,56.011],[12.416,56.005],[12.436,56.001],[12.437,56.001],[12.438,56.003],[12.442,56.004],[12.449,56.004],[12.451,56.004],[12.452,56.004],[12.453,56.004],[12.454,56.004],[12.464,56.007],[12.465,56.007],[12.474,56.006],[12.472,55.992],[12.475,55.982],[12.476,55.982],[12.477,55.982],[12.483,55.985],[12.486,55.987],[12.491,55.989],[12.499,55.984],[12.519,55.986],[12.521,55.985],[12.522,55.985],[12.522,55.984],[12.53,55.979],[12.541,55.981],[12.549,55.977]]]},"properties":{"code":"217","name":"Helsingør","region":"Region Hovedstaden"}},
{"type":"Feature","geometry":{"type":"Polygon","coordinates":[[[12.373,55.899],[12.395,55.911],[12.37,55.927],[12.374,55.929],[12.367,55.94],[12.356,55.942],[12.348,55.948],[12.347,55.948],[12.347,55.949],[12.346,55.949],[12.364,55.955],[12.358,55.968],[12.367,55.971],[12.367,55.985],[12.378,56.002],[12.362,56.003],[12.346,56.003],[12.336,56.003],[12.33,56.003],[12.314,56.002],[12.31,56.002],[12.284,56.003],[12.287,55.996],[12.288,55.996],[12.287,55.996],[12.284,55.996],[12.282,55.995],[12.281,55.994],[12.281,55.993],[12.28,55.993],[12.279,55.992],[12.278,55.992],[12.277,55.991],[12.276,55.991],[12.273,55.989],[12.267,55.988],[12.267,55.99],[12.263,55.991],[12.263,55.99],[12.258,55.989],[12.251,55.992],[12.234,55.993],[12.234,55.992],[12.229,55.992],[12.227,55.992],[12.226,55.992],[12.223,55.991],[12.222,55.991],[12.222,55.99],[12.222,55.988],[12.221,55.988],[12.222,55.986],[12.222,55.985],[12.218,55.98],[12.217,55.98],[12.212,55.979],[12.211,55.978],[12.21,55.978],[12.21,55.979],[12.209,55.979],[12.207,55.979],[12.204,55.977],[12.203,55.975],[12.203,55.974],[12.202,55.974],[12.201,55.973],[12.2,55.973],[12.199,55.974],[12.198,55.973],[12.197,55.972],[12.196,55.972],[12.195,55.972],[12.194,55.972],[12.189,55.972],[12.189,55.971],[12.188,55.971],[12.186,55.971],[12.17,55.968],[12.165,55.971],[12.151,55.97],[12.126,55.973],[12.108,55.96],[12.095,55.957],[12.086,55.949],[12.086,55.936],[12.08,55.933],[12.093,55.922],[12.107,55.921],[12.107,55.92],[12.108,55.917],[12.115,55.914],[12.115,55.91],[12.116,55.907],[12.117,55.906],[12.112,55.903],[12.107,55.903],[12.104,55.902],[12.104,55.901],[12.1,55.9],[12.099,55.899],[12.098,55.898],[12.09,55.896],[12.088,55.895],[12.089,55.894],[12.09,55.894],[12.091,55.894],[12.092,55.894],[12.093,55.893],[12.094,55.893],[12.095,55.893],[12.096,55.892],[12.094,55.886],[12.11,55.882],[12.116,55.872],[12.124,55.867],[12.125,55.867],[12.126,55.867],[12.128,55.868],[12.13,55.868],[12.131,55.868],[12.148,55.871],[12.155,55.872],[12.163,55.878],[12.166,55.879],[12.168,55.879],[12.169,55.879],[12.17,55.879],[12.176,55.879],[12.177,55.879],[12.178,55.878],[12.181,55.876],[12.182,55.876],[12.184,55.875],[12.185,55.875],[12.185,55.874],[12.186,55.874],[12.187,55.874],[12.19,55.873],[12.191,55.873],[12.192,55.873],[12.192,55.872],[12.193,55.872],[12.194,55.872],[12.199,55.869],[12.2,55.868],[12.203,55.858],[12.206,55.855],[12.208,55.847],[12.218,55.847],[12.231,55.846],[12.232,55.846],[12.233,55.846],[12.235,55.851],[12.234,55.852],[12.259,55.854],[12.264,55.859],[12.265,55.859],[12.278,55.866],[12.279,55.868],[12.279,55.869],[12.28,55.877],[12.279,55.877],[12.279,55.878],[12.275,55.882],[12.278,55.883],[12.279,55.883],[12.28,55.883],[12.281,55.884],[12.282,55.884],[12.284,55.884],[12.286,55.884],[12.294,55.883],[12.295,55.883],[12.297,55.884],[12.298,55.885],[12.299,55.885],[12.3,55.885],[12.3,55.886],[12.31,55.881],[12.311,55.881],[12.313,55.881],[12.314,55.881],[12.315,55.881],[12.316,55.881],[12.318,55.883],[12.311,55.888],[12.311,55.892],[12.322,55.891],[12.336,55.893],[12.337,55.893],[12.354,55.896],[12.355,55.896],[12.363,55.894],[12.364,55.894],[12.37,55.897],[12.371,55.898],[12.373,55.899]]]},"properties":{"code":"219","name":"Hillerød","region":"Region Hovedstaden"}},
{"type":"Feature","geometry":{"type":"Polygon","coordinates":[[[12.427,55.867],[12.431,55.867],[12.434,55.866],[12.435,55.866],[12.436,55.866],[12.441,55.865],[12.442,55.865],[12.443,55.865],[12.444,55.866],[12.46,55.867],[12.469,55.873],[12.493,55.877],[12.497,55.875],[12.5,55.864],[12.512,55.866],[12.527,55.864],[12.538,55.862],[12.562,55.863],[12.548,55.878],[12.536,55.897],[12.523,55.913],[12.521,55.913],[12.52,55.913],[12.519,55.912],[12.518,55.912],[12.517,55.912],[12.515,55.911],[12.514,55.911],[12.514,55.91],[12.514,55.909],[12.514,55.908],[12.513,55.908],[12.513,55.907],[12.512,55.906],[12.511,55.906],[12.511,55.905],[12.509,55.905],[12.508,55.905],[12.506,55.904],[12.504,55.904],[12.502,55.904],[12.501,55.904],[12.475,55.901],[12.474,55.901],[12.468,55.9],[12.464,55.896],[12.456,55.896],[12.446,55.896],[12.424,55.889],[12.41,55.891],[12.4,55.889],[12.399,55.889],[12.398,55.887],[12.402,55.885],[12.402,55.876],[12.405,55.875],[12.407,55.874],[12.41,55.873],[12.41,55.872],[12.413,55.872],[12.426,55.869],[12.427,55.867]]]},"properties":{"code":"223","name":"Hørsholm","region":"Region Hovedstaden"}},
{"type":"Feature","geometry":{"type":"Polygon","coordinates":[[[12.582,55.808],[12.578,55.811],[12.574,55.834],[12.575,55.843],[12.562,55.863],[12.538,55.862],[12.527,55.864],[12.512,55.866],[12.5,55.864],[12.497,55.875],[12.493,55.877],[12.469,55.873],[12.46,55.867],[12.444,55.866],[12.443,55.865],[12.442,55.865],[12.441,55.865],[12.436,55.866],[12.435,55.866],[12.434,55.866],[12.431,55.867],[12.427,55.867],[12.422,55.866],[12.419,55.864],[12.415,55.852],[12.409,55.847],[12.398,55.847],[12.402,55.842],[12.393,55.84],[12.396,55.831],[12.42,55.826],[12.426,55.813],[12.425,55.813],[12.424,55.812],[12.421,55.81],[12.42,55.809],[12.419,55.808],[12.417,55.806],[12.412,55.802],[12.413,55.799],[12.416,55.795],[12.435,55.802],[12.449,55.8],[12.45,55.8],[12.453,55.8],[12.458,55.8],[12.461,55.8],[12.462,55.8],[12.463,55.8],[12.463,55.801],[12.464,55.801],[12.465,55.801],[12.468,55.801],[12.469,55.802],[12.47,55.802],[12.471,55.802],[12.472,55.802],[12.475,55.801],[12.475,55.8],[12.484,55.799],[12.489,55.801],[12.5,55.799],[12.503,55.8],[12.505,55.8],[12.509,55.801],[12.51,55.801],[12.511,55.801],[12.514,55.802],[12.524,55.804],[12.527,55.803],[12.528,55.803],[12.529,55.803],[12.535,55.803],[12.536,55.803],[12.541,55.803],[12.542,55.804],[12.543,55.804],[12.544,55.804],[12.545,55.804],[12.551,55.807],[12.559,55.806],[12.567,55.808],[12.572,55.809],[12.576,55.808],[12.582,55.808]]]},"properties":{"code":"230","name":"Rudersdal","region":"Region Hovedstaden"}},
{"type":"Feature","geometry":{"type":"Polygon","coordinates":[[[12.3,55.763],[12.297,55.768],[12.293,55.773],[12.294,55.773],[12.294,55.774],[12.294,55.776],[12.294,55.777],[12.294,55.778],[12.295,55.778],[12.295,55.779],[12.297,55.779],[12.303,55.778],[12.304,55.777],[12.309,55.777],[12.311,55.778],[12.312,55.782],[12.313,55.782],[12.314,55.783],[12.315,55.783],[12.316,55.785],[12.317,55.786],[12.317,55.787],[12.316,55.787],[12.316,55.788],[12.315,55.788],[12.314,55.789],[12.312,55.789],[12.311,55.789],[12.31,55.789],[12.309,55.789],[12.305,55.793],[12.33,55.794],[12.333,55.799],[12.333,55.8],[12.333,55.809],[12.326,55.812],[12.313,55.816],[12.31,55.818],[12.309,55.818],[12.308,55.818],[12.307,55.818],[12.306,55.819],[12.305,55.819],[12.285,55.82],[12.278,55.817],[12.267,55.817],[12.266,55.817],[12.265,55.817],[12.263,55.816],[12.259,55.818],[12.258,55.818],[12.248,55.819],[12.248,55.82],[12.241,55.819],[12.234,55.82],[12.209,55.828],[12.207,55.828],[12.207,55.827],[12.2,55.822],[12.189,55.818],[12.173,55.827],[12.166,55.827],[12.165,55.827],[12.164,55.826],[12.163,55.826],[12.161,55.825],[12.16,55.825],[12.15,55.821],[12.148,55.821],[12.141,55.823],[12.127,55.821],[12.128,55.818],[12.128,55.817],[12.127,55.816],[12.13,55.813],[12.135,55.811],[12.135,55.809],[12.134,55.806],[12.127,55.801],[12.126,55.801],[12.128,55.796],[12.125,55.796],[12.123,55.795],[12.123,55.794],[12.122,55.792],[12.12,55.787],[12.113,55.785],[12.112,55.785],[12.111,55.785],[12.111,55.784],[12.109,55.775],[12.113,55.768],[12.115,55.767],[12.12,55.765],[12.121,55.765],[12.123,55.764],[12.128,55.762],[12.132,55.761],[12.143,55.757],[12.144,55.757],[12.145,55.757],[12.15,55.756],[12.152,55.756],[12.152,55.755],[12.152,55.754],[12.153,55.753],[12.153,55.752],[12.154,55.752],[12.155,55.751],[12.157,55.749],[12.159,55.748],[12.16,55.748],[12.17,55.748],[12.171,55.748],[12.182,55.748],[12.186,55.748],[12.196,55.748],[12.196,55.749],[12.203,55.75],[12.205,55.751],[12.206,55.751],[12.207,55.751],[12.209,55.751],[12.218,55.748],[12.227,55.74],[12.222,55.739],[12.222,55.738],[12.224,55.737],[12.227,55.736],[12.228,55.736],[12.223,55.733],[12.222,55.733],[12.218,55.734],[12.217,55.734],[12.215,55.733],[12.209,55.73],[12.211,55.729],[12.212,55.729],[12.214,55.728],[12.214,55.727],[12.216,55.727],[12.219,55.726],[12.219,55.725],[12.22,55.725],[12.221,55.725],[12.222,55.724],[12.224,55.723],[12.224,55.722],[12.226,55.72],[12.229,55.717],[12.242,55.715],[12.251,55.708],[12.253,55.705],[12.269,55.704],[12.295,55.697],[12.311,55.694],[12.312,55.695],[12.313,55.695],[12.315,55.695],[12.316,55.696],[12.317,55.696],[12.317,55.697],[12.323,55.699],[12.324,55.699],[12.33,55.7],[12.334,55.7],[12.335,55.7],[12.341,55.706],[12.341,55.707],[12.342,55.707],[12.342,55.709],[12.342,55.71],[12.342,55.711],[12.328,55.715],[12.323,55.717],[12.322,55.727],[12.326,55.733],[12.334,55.734],[12.331,55.742],[12.316,55.741],[12.314,55.749],[12.307,55.75],[12.288,55.752],[12.269,55.747],[12.267,55.756],[12.275,55.76],[12.292,55.758],[12.3,55.763]]]},"properties":{"code":"240","name":"Egedal","region":"Region Hovedstaden"}},
{"type":"Feature","geometry":{"type":"MultiPolygon","coordinates":[[[[11.981,55.73],[11.986,55.736],[12.008,55.734],[12.009,55.725],[12.017,55.72],[12.028,55.728],[12.033,55.728],[12.047,55.733],[12.064,55.731],[12.065,55.738],[12.062,55.74],[12.063,55.748],[12.055,55.757],[12.067,55.767],[12.06,55.772],[12.052,55.783],[12.057,55.796],[12.049,55.799],[12.042,55.798],[12.04,55.805],[12.052,55.811],[12.043,55.812],[12.036,55.82],[12.036,55.838],[12.03,55.851],[11.999,55.86],[11.998,55.864],[12.002,55.873],[12.002,55.882],[12.022,55.896],[12.026,55.9],[12.024,55.907],[12.011,55.911],[12.005,55.915],[11.994,55.913],[11.984,55.914],[11.976,55.918],[11.964,55.93],[11.95,55.932],[11.906,55.936],[11.902,55.918],[11.92,55.904],[11.924,55.896],[11.931,55.892],[11.929,55.881],[11.936,55.872],[11.945,55.871],[11.96,55.852],[11.959,55.846],[11.951,55.836],[11.944,55.823],[11.935,55.821],[11.934,55.818],[11.921,55.817],[11.913,55.82],[11.894,55.816],[11.878,55.814],[11.881,55.805],[11.879,55.801],[11.864,55.796],[11.862,55.778],[11.857,55.773],[11.859,55.764],[11.853,55.755],[11.857,55.751],[11.855,55.741],[11.86,55.736],[11.876,55.738],[11.89,55.737],[11.899,55.732],[11.905,55.731],[11.923,55.74],[11.923,55.745],[11.936,55.746],[11.948,55.742],[11.947,55.74],[11.958,55.734],[11.981,55.73]]],[[[12.078,55.744],[12.071,55.735],[12.073,55.727],[12.085,55.727],[12.09,55.73],[12.086,55.739],[12.078,55.744]]],[[[12.231,55.846],[12.218,55.847],[12.208,55.847],[12.206,55.855],[12.203,55.858],[12.2,55.868],[12.199,55.869],[12.194,55.872],[12.193,55.872],[12.192,55.872],[12.192,55.873],[12.191,55.873],[12.19,55.873],[12.187,55.874],[12.186,55.874],[12.185,55.874],[12.185,55.875],[12.184,55.875],[12.182,55.876],[12.181,55.876],[12.178,55.878],[12.177,55.879],[12.176,55.879],[12.17,55.879],[12.169,55.879],[12.168,55.879],[12.166,55.879],[12.163,55.878],[12.155,55.872],[12.148,55.871],[12.131,55.868],[12.13,55.868],[12.128,55.868],[12.126,55.867],[12.125,55.867],[12.124,55.867],[12.116,55.872],[12.11,55.882],[12.094,55.886],[12.096,55.892],[12.095,55.893],[12.094,55.893],[12.093,55.893],[12.092,55.894],[12.091,55.894],[12.09,55.894],[12.089,55.894],[12.088,55.895],[12.081,55.893],[12.081,55.892],[12.078,55.891],[12.077,55.891],[12.077,55.89],[12.076,55.89],[12.076,55.889],[12.077,55.886],[12.074,55.886],[12.073,55.886],[12.072,55.886],[12.068,55.885],[12.068,55.884],[12.065,55.879],[12.064,55.868],[12.065,55.861],[12.059,55.858],[12.045,55.856],[12.043,55.844],[12.051,55.841],[12.063,55.828],[12.063,55.823],[12.069,55.812],[12.068,55.809],[12.08,55.799],[12.074,55.786],[12.09,55.781],[12.109,55.775],[12.111,55.784],[12.111,55.785],[12.112,55.785],[12.113,55.785],[12.12,55.787],[12.122,55.792],[12.123,55.794],[12.123,55.795],[12.125,55.796],[12.128,55.796],[12.126,55.801],[12.127,55.801],[12.134,55.806],[12.135,55.809],[12.135,55.811],[12.13,55.813],[12.127,55.816],[12.128,55.817],[12.128,55.818],[12.127,55.821],[12.141,55.823],[12.148,55.821],[12.15,55.821],[12.16,55.825],[12.161,55.825],[12.163,55.826],[12.164,55.826],[12.165,55.827],[12.166,55.827],[12.173,55.827],[12.189,55.818],[12.2,55.822],[12.207,55.827],[12.207,55.828],[12.218,55.838],[12.229,55.843],[12.231,55.846]]]]},"properties":{"code":"250","name":"Frederikssund","region":"Region Hovedstaden"}},
{"type":"Feature","geometry":{"type":"Polygon","coordinates":[[[12.16,55.613],[12.159,55.612],[12.145,55.599],[12.145,55.598],[12.141,55.592],[12.14,55.59],[12.14,55.589],[12.139,55.588],[12.157,55.583],[12.166,55.581],[12.167,55.581],[12.173,55.58],[12.175,55.58],[12.176,55.579],[12.178,55.579],[12.178,55.578],[12.179,55.578],[12.183,55.577],[12.182,55.57],[12.182,55.569],[12.183,55.569],[12.184,55.568],[12.184,55.567],[12.185,55.567],[12.186,55.567],[12.19,55.566],[12.202,55.566],[12.218,55.558],[12.227,55.559],[12.245,55.555],[12.246,55.555],[12.247,55.555],[12.247,55.554],[12.248,55.554],[12.25,55.554],[12.252,55.554],[12.253,55.554],[12.255,55.554],[12.264,55.559],[12.285,55.566],[12.288,55.57],[12.301,55.576],[12.34,55.589],[12.363,55.594],[12.36,55.601],[12.359,55.601],[12.354,55.602],[12.353,55.603],[12.352,55.603],[12.344,55.604],[12.343,55.605],[12.343,55.606],[12.342,55.606],[12.337,55.608],[12.333,55.608],[12.33,55.609],[12.329,55.609],[12.325,55.609],[12.325,55.61],[12.324,55.609],[12.323,55.609],[12.315,55.61],[12.305,55.613],[12.305,55.614],[12.294,55.617],[12.288,55.616],[12.279,55.621],[12.271,55.622],[12.257,55.616],[12.243,55.614],[12.235,55.621],[12.23,55.617],[12.215,55.618],[12.21,55.605],[12.179,55.608],[12.16,55.613]]]},"properties":{"code":"253","name":"Greve","region":"Region Sjælland"}},
{"type":"Feature","geometry":{"type":"Polygon","coordinates":[[[11.976,55.53],[11.97,55.535],[11.96,55.531],[11.96,55.53],[11.95,55.529],[11.944,55.529],[11.943,55.529],[11.941,55.528],[11.94,55.528],[11.939,55.528],[11.939,55.527],[11.937,55.527],[11.935,55.528],[11.934,55.527],[11.93,55.529],[11.929,55.529],[11.918,55.53],[11.917,55.53],[11.914,55.53],[11.911,55.514],[11.914,55.512],[11.922,55.512],[11.916,55.497],[11.923,55.494],[11.929,55.477],[11.938,55.471],[11.941,55.461],[11.944,55.46],[11.942,55.459],[11.942,55.458],[11.941,55.458],[11.94,55.457],[11.939,55.456],[11.939,55.455],[11.938,55.455],[11.934,55.447],[11.935,55.441],[11.934,55.441],[11.933,55.441],[11.932,55.441],[11.932,55.44],[11.933,55.44],[11.933,55.439],[11.935,55.438],[11.935,55.437],[11.936,55.437],[11.936,55.436],[11.935,55.435],[11.936,55.435],[11.935,55.435],[11.935,55.434],[11.935,55.433],[11.936,55.432],[11.938,55.432],[11.941,55.43],[11.944,55.43],[11.947,55.427],[11.955,55.425],[11.956,55.425],[11.956,55.424],[11.957,55.424],[11.958,55.424],[11.957,55.423],[11.956,55.421],[11.956,55.42],[11.957,55.42],[11.957,55.419],[11.958,55.419],[11.958,55.415],[11.958,55.414],[11.958,55.413],[11.959,55.413],[11.958,55.413],[11.959,55.413],[11.959,55.412],[11.958,55.412],[11.959,55.412],[11.957,55.411],[11.956,55.411],[11.955,55.41],[11.954,55.41],[11.954,55.409],[11.955,55.409],[11.956,55.406],[11.957,55.405],[11.958,55.405],[11.959,55.404],[11.96,55.403],[11.961,55.403],[11.962,55.402],[11.963,55.402],[11.964,55.402],[11.98,55.405],[11.986,55.403],[12.003,55.402],[12.011,55.399],[12.018,55.401],[12.024,55.396],[12.039,55.393],[12.043,55.394],[12.044,55.394],[12.047,55.394],[12.049,55.393],[12.052,55.391],[12.057,55.387],[12.058,55.387],[12.059,55.387],[12.06,55.387],[12.061,55.387],[12.062,55.386],[12.065,55.386],[12.066,55.385],[12.066,55.384],[12.062,55.382],[12.061,55.377],[12.065,55.376],[12.065,55.375],[12.068,55.375],[12.074,55.374],[12.08,55.368],[12.099,55.373],[12.11,55.373],[12.131,55.369],[12.138,55.371],[12.14,55.372],[12.14,55.373],[12.14,55.375],[12.141,55.375],[12.139,55.376],[12.139,55.377],[12.14,55.377],[12.141,55.378],[12.145,55.377],[12.147,55.377],[12.154,55.38],[12.155,55.381],[12.166,55.376],[12.166,55.375],[12.167,55.375],[12.171,55.374],[12.172,55.374],[12.172,55.375],[12.174,55.376],[12.175,55.377],[12.176,55.377],[12.177,55.377],[12.178,55.377],[12.18,55.377],[12.181,55.378],[12.189,55.38],[12.188,55.38],[12.191,55.382],[12.193,55.385],[12.192,55.386],[12.19,55.387],[12.19,55.388],[12.187,55.393],[12.188,55.394],[12.188,55.395],[12.194,55.406],[12.202,55.41],[12.214,55.41],[12.216,55.416],[12.231,55.416],[12.228,55.421],[12.216,55.427],[12.201,55.442],[12.195,55.456],[12.212,55.458],[12.204,55.469],[12.197,55.47],[12.204,55.49],[12.202,55.495],[12.204,55.507],[12.209,55.509],[12.208,55.509],[12.207,55.51],[12.206,55.51],[12.204,55.511],[12.203,55.511],[12.202,55.511],[12.202,55.512],[12.203,55.512],[12.202,55.512],[12.199,55.513],[12.197,55.513],[12.194,55.513],[12.189,55.51],[12.179,55.51],[12.178,55.51],[12.178,55.511],[12.153,55.514],[12.137,55.513],[12.131,55.517],[12.13,55.517],[12.128,55.518],[12.117,55.522],[12.116,55.522],[12.114,55.522],[12.114,55.523],[12.112,55.523],[12.112,55.524],[12.111,55.524],[12.111,55.525],[12.11,55.526],[12.109,55.526],[12.108,55.526],[12.107,55.526],[12.104,55.527],[12.103,55.527],[12.103,55.526],[12.102,55.525],[12.101,55.525],[12.1,55.526],[12.1,55.525],[12.099,55.525],[12.098,55.525],[12.096,55.525],[12.095,55.524],[12.085,55.526],[12.084,55.526],[12.081,55.527],[12.072,55.528],[12.071,55.528],[12.07,55.528],[12.067,55.528],[12.065,55.528],[12.064,55.528],[12.062,55.527],[12.058,55.523],[12.059,55.523],[12.058,55.523],[12.055,55.523],[12.055,55.522],[12.054,55.521],[12.054,55.522],[12.051,55.524],[12.036,55.524],[12.025,55.517],[12.021,55.52],[12.023,55.52],[12.024,55.521],[12.024,55.526],[12.018,55.528],[12.016,55.528],[12.013,55.529],[12.013,55.53],[12.008,55.531],[12.007,55.531],[12.005,55.53],[12.002,55.528],[12,55.528],[12,55.527],[11.999,55.527],[11.997,55.526],[11.996,55.526],[11.994,55.526],[11.99,55.526],[11.989,55.527],[11.986,55.528],[11.984,55.528],[11.982,55.529],[11.977,55.529],[11.977,55.53],[11.976,55.53]]]},"properties":{"code":"259","name":"Køge","region":"Region Sjælland"}},
{"type":"Feature","geometry":{"type":"MultiPolygon","coordinates":[[[[12.126,55.973],[12.128,55.987],[12.118,55.991],[12.101,55.995],[12.088,56.001],[12.066,55.993],[12.065,55.999],[12.05,56.003],[12.051,56.023],[12.04,56.026],[12.016,56.029],[12.009,56.031],[11.972,56.017],[11.963,56.015],[11.925,56.002],[11.917,55.997],[11.89,55.987],[11.874,55.983],[11.855,55.977],[11.844,55.967],[11.851,55.955],[11.855,55.945],[11.865,55.942],[11.87,55.945],[11.891,55.942],[11.906,55.946],[11.926,55.949],[11.94,55.952],[11.949,55.958],[11.956,55.959],[11.976,55.967],[11.987,55.965],[11.997,55.968],[12.004,55.961],[12.021,55.956],[12.023,55.946],[12.039,55.931],[12.046,55.919],[12.048,55.913],[12.046,55.9],[12.055,55.886],[12.065,55.879],[12.068,55.884],[12.068,55.885],[12.072,55.886],[12.073,55.886],[12.074,55.886],[12.077,55.886],[12.076,55.889],[12.076,55.89],[12.077,55.89],[12.077,55.891],[12.078,55.891],[12.081,55.892],[12.081,55.893],[12.088,55.895],[12.09,55.896],[12.098,55.898],[12.099,55.899],[12.1,55.9],[12.104,55.901],[12.104,55.902],[12.107,55.903],[12.112,55.903],[12.117,55.906],[12.116,55.907],[12.115,55.91],[12.115,55.914],[12.108,55.917],[12.107,55.92],[12.107,55.921],[12.093,55.922],[12.08,55.933],[12.086,55.936],[12.086,55.949],[12.095,55.957],[12.108,55.96],[12.126,55.973]]],[[[11.699,56.2],[11.704,56.193],[11.715,56.193],[11.715,56.198],[11.699,56.2]]]]},"properties":{"code":"260","name":"Halsnæs","region":"Region Hovedstaden"}},
{"type":"Feature","geometry":{"type":"Polygon","coordinates":[[[12.251,55.708],[12.242,55.715],[12.229,55.717],[12.226,55.72],[12.224,55.722],[12.224,55.723],[12.222,55.724],[12.221,55.725],[12.22,55.725],[12.219,55.725],[12.219,55.726],[12.216,55.727],[12.214,55.727],[12.214,55.728],[12.212,55.729],[12.211,55.729],[12.209,55.73],[12.215,55.733],[12.217,55.734],[12.218,55.734],[12.222,55.733],[12.223,55.733],[12.228,55.736],[12.227,55.736],[12.224,55.737],[12.222,55.738],[12.222,55.739],[12.227,55.74],[12.218,55.748],[12.209,55.751],[12.207,55.751],[12.206,55.751],[12.205,55.751],[12.203,55.75],[12.196,55.749],[12.196,55.748],[12.186,55.748],[12.182,55.748],[12.171,55.748],[12.17,55.748],[12.16,55.748],[12.159,55.748],[12.157,55.749],[12.155,55.751],[12.154,55.752],[12.153,55.752],[12.153,55.753],[12.152,55.754],[12.152,55.755],[12.152,55.756],[12.15,55.756],[12.145,55.757],[12.144,55.757],[12.143,55.757],[12.132,55.761],[12.128,55.762],[12.123,55.764],[12.121,55.765],[12.12,55.765],[12.115,55.767],[12.113,55.768],[12.109,55.775],[12.09,55.781],[12.086,55.765],[12.101,55.756],[12.101,55.75],[12.097,55.744],[12.102,55.737],[12.12,55.729],[12.111,55.726],[12.109,55.721],[12.101,55.719],[12.102,55.711],[12.111,55.711],[12.109,55.703],[12.096,55.697],[12.095,55.687],[12.086,55.69],[12.076,55.688],[12.07,55.677],[12.084,55.67],[12.091,55.669],[12.085,55.653],[12.08,55.65],[12.07,55.655],[12.058,55.657],[12.056,55.663],[12.062,55.667],[12.051,55.674],[12.036,55.672],[12.03,55.668],[12.019,55.672],[12.009,55.667],[12.012,55.666],[12.013,55.655],[12.004,55.65],[12.003,55.639],[11.99,55.63],[11.989,55.619],[11.999,55.621],[12.018,55.618],[12.055,55.616],[12.052,55.607],[12.074,55.593],[12.073,55.59],[12.058,55.583],[12.05,55.586],[12.044,55.582],[12.031,55.582],[12.021,55.587],[12.011,55.586],[12.009,55.578],[12.004,55.574],[11.993,55.577],[11.981,55.567],[11.976,55.554],[11.976,55.542],[11.97,55.535],[11.976,55.53],[11.977,55.53],[11.977,55.529],[11.982,55.529],[11.984,55.528],[11.986,55.528],[11.989,55.527],[11.99,55.526],[11.994,55.526],[11.996,55.526],[11.997,55.526],[11.999,55.527],[12,55.527],[12,55.528],[12.002,55.528],[12.005,55.53],[12.007,55.531],[12.008,55.531],[12.013,55.53],[12.013,55.529],[12.016,55.528],[12.018,55.528],[12.024,55.526],[12.024,55.521],[12.023,55.52],[12.021,55.52],[12.025,55.517],[12.036,55.524],[12.051,55.524],[12.054,55.522],[12.054,55.521],[12.055,55.522],[12.055,55.523],[12.058,55.523],[12.059,55.523],[12.058,55.523],[12.062,55.527],[12.064,55.528],[12.065,55.528],[12.067,55.528],[12.07,55.528],[12.071,55.528],[12.072,55.528],[12.081,55.527],[12.084,55.526],[12.085,55.526],[12.095,55.524],[12.096,55.525],[12.094,55.528],[12.103,55.534],[12.106,55.547],[12.11,55.554],[12.119,55.555],[12.135,55.551],[12.149,55.565],[12.155,55.561],[12.174,55.555],[12.181,55.554],[12.182,55.563],[12.19,55.566],[12.186,55.567],[12.185,55.567],[12.184,55.567],[12.184,55.568],[12.183,55.569],[12.182,55.569],[12.182,55.57],[12.183,55.577],[12.179,55.578],[12.178,55.578],[12.178,55.579],[12.176,55.579],[12.175,55.58],[12.173,55.58],[12.167,55.581],[12.166,55.581],[12.157,55.583],[12.139,55.588],[12.14,55.589],[12.14,55.59],[12.141,55.592],[12.145,55.598],[12.145,55.599],[12.159,55.612],[12.16,55.613],[12.164,55.621],[12.164,55.622],[12.165,55.624],[12.166,55.627],[12.166,55.628],[12.166,55.632],[12.167,55.632],[12.167,55.633],[12.167,55.634],[12.157,55.634],[12.157,55.643],[12.157,55.644],[12.158,55.648],[12.158,55.649],[12.158,55.65],[12.158,55.651],[12.164,55.653],[12.157,55.659],[12.16,55.671],[12.169,55.676],[12.169,55.682],[12.17,55.682],[12.171,55.682],[12.175,55.682],[12.176,55.682],[12.177,55.682],[12.178,55.682],[12.18,55.682],[12.181,55.682],[12.182,55.683],[12.185,55.688],[12.194,55.688],[12.195,55.688],[12.197,55.688],[12.199,55.688],[12.204,55.688],[12.205,55.688],[12.212,55.687],[12.221,55.694],[12.23,55.697],[12.243,55.704],[12.244,55.704],[12.246,55.705],[12.249,55.708],[12.25,55.708],[12.251,55.708]]]},"properties":{"code":"265","name":"Roskilde","region":"Region Sjælland"}},
{"type":"Feature","geometry":{"type":"Polygon","coordinates":[[[12.19,55.566],[12.182,55.563],[12.181,55.554],[12.174,55.555],[12.155,55.561],[12.149,55.565],[12.135,55.551],[12.119,55.555],[12.11,55.554],[12.106,55.547],[12.103,55.534],[12.094,55.528],[12.096,55.525],[12.098,55.525],[12.099,55.525],[12.1,55.525],[12.1,55.526],[12.101,55.525],[12.102,55.525],[12.103,55.526],[12.103,55.527],[12.104,55.527],[12.107,55.526],[12.108,55.526],[12.109,55.526],[12.11,55.526],[12.111,55.525],[12.111,55.524],[12.112,55.524],[12.112,55.523],[12.114,55.523],[12.114,55.522],[12.116,55.522],[12.117,55.522],[12.128,55.518],[12.13,55.517],[12.131,55.517],[12.137,55.513],[12.153,55.514],[12.178,55.511],[12.178,55.51],[12.179,55.51],[12.189,55.51],[12.194,55.513],[12.197,55.513],[12.199,55.513],[12.202,55.512],[12.203,55.512],[12.202,55.512],[12.202,55.511],[12.203,55.511],[12.204,55.511],[12.206,55.51],[12.207,55.51],[12.208,55.509],[12.209,55.509],[12.22,55.517],[12.228,55.53],[12.245,55.546],[12.255,55.554],[12.253,55.554],[12.252,55.554],[12.25,55.554],[12.248,55.554],[12.247,55.554],[12.247,55.555],[12.246,55.555],[12.245,55.555],[12.227,55.559],[12.218,55.558],[12.202,55.566],[12.19,55.566]]]},"properties":{"code":"269","name":"Solrød","region":"Region Sjælland"}},
{"type":"Feature","geometry":{"type":"Polygon","coordinates":[[[12.39,56.014],[12.389,56.019],[12.4,56.027],[12.395,56.032],[12.398,56.039],[12.399,56.053],[12.405,56.06],[12.401,56.063],[12.41,56.068],[12.413,56.072],[12.41,56.077],[12.415,56.08],[12.414,56.087],[12.417,56.097],[12.409,56.1],[12.386,56.101],[12.371,56.107],[12.355,56.118],[12.349,56.12],[12.328,56.122],[12.314,56.125],[12.309,56.129],[12.298,56.128],[12.287,56.129],[12.275,56.128],[12.247,56.122],[12.241,56.122],[12.21,56.114],[12.196,56.113],[12.183,56.109],[12.132,56.087],[12.072,56.062],[12.062,56.059],[12.019,56.036],[12.009,56.031],[12.016,56.029],[12.04,56.026],[12.051,56.023],[12.05,56.003],[12.065,55.999],[12.066,55.993],[12.088,56.001],[12.101,55.995],[12.118,55.991],[12.128,55.987],[12.126,55.973],[12.151,55.97],[12.165,55.971],[12.17,55.968],[12.186,55.971],[12.188,55.971],[12.189,55.971],[12.189,55.972],[12.194,55.972],[12.195,55.972],[12.196,55.972],[12.197,55.972],[12.198,55.973],[12.199,55.974],[12.2,55.973],[12.201,55.973],[12.202,55.974],[12.203,55.974],[12.203,55.975],[12.204,55.977],[12.207,55.979],[12.209,55.979],[12.21,55.979],[12.21,55.978],[12.211,55.978],[12.212,55.979],[12.217,55.98],[12.218,55.98],[12.222,55.985],[12.222,55.986],[12.221,55.988],[12.222,55.988],[12.222,55.99],[12.222,55.991],[12.223,55.991],[12.226,55.992],[12.227,55.992],[12.229,55.992],[12.234,55.992],[12.234,55.993],[12.251,55.992],[12.258,55.989],[12.263,55.99],[12.263,55.991],[12.267,55.99],[12.267,55.988],[12.273,55.989],[12.276,55.991],[12.277,55.991],[12.278,55.992],[12.279,55.992],[12.28,55.993],[12.281,55.993],[12.281,55.994],[12.282,55.995],[12.284,55.996],[12.287,55.996],[12.288,55.996],[12.287,55.996],[12.284,56.003],[12.31,56.002],[12.314,56.002],[12.33,56.003],[12.336,56.003],[12.346,56.003],[12.362,56.003],[12.378,56.002],[12.39,56.014]]]},"properties":{"code":"270","name":"Gribskov","region":"Region Hovedstaden"}},
{"type":"Feature","geometry":{"type":"Polygon","coordinates":[[[11.622,55.775],[11.609,55.782],[11.617,55.787],[11.627,55.788],[11.644,55.794],[11.649,55.803],[11.649,55.809],[11.663,55.818],[11.678,55.817],[11.694,55.812],[11.711,55.811],[11.715,55.806],[11.729,55.817],[11.735,55.824],[11.732,55.835],[11.726,55.843],[11.714,55.851],[11.708,55.86],[11.69,55.875],[11.67,55.88],[11.666,55.888],[11.666,55.895],[11.67,55.902],[11.67,55.91],[11.673,55.915],[11.681,55.915],[11.689,55.912],[11.697,55.915],[11.709,55.912],[11.711,55.904],[11.734,55.899],[11.753,55.906],[11.752,55.915],[11.749,55.924],[11.755,55.941],[11.766,55.945],[11.779,55.953],[11.791,55.952],[11.791,55.957],[11.777,55.977],[11.753,55.97],[11.739,55.965],[11.723,55.955],[11.704,55.949],[11.675,55.945],[11.658,55.941],[11.646,55.939],[11.63,55.939],[11.609,55.946],[11.597,55.955],[11.592,55.962],[11.583,55.961],[11.562,55.956],[11.537,55.952],[11.515,55.952],[11.497,55.956],[11.484,55.96],[11.471,55.96],[11.419,55.962],[11.399,55.966],[11.379,55.968],[11.349,55.979],[11.316,55.985],[11.297,55.993],[11.287,56.001],[11.286,55.991],[11.291,55.98],[11.297,55.975],[11.309,55.975],[11.324,55.97],[11.332,55.97],[11.344,55.967],[11.358,55.96],[11.376,55.953],[11.409,55.952],[11.429,55.949],[11.449,55.95],[11.464,55.949],[11.481,55.943],[11.495,55.94],[11.508,55.933],[11.517,55.932],[11.523,55.927],[11.526,55.913],[11.523,55.899],[11.529,55.895],[11.531,55.886],[11.524,55.883],[11.517,55.868],[11.507,55.857],[11.495,55.848],[11.48,55.846],[11.47,55.849],[11.451,55.848],[11.427,55.841],[11.407,55.833],[11.388,55.831],[11.376,55.837],[11.374,55.831],[11.377,55.82],[11.376,55.814],[11.378,55.795],[11.383,55.788],[11.371,55.768],[11.362,55.765],[11.349,55.757],[11.35,55.757],[11.351,55.757],[11.351,55.756],[11.359,55.754],[11.363,55.751],[11.368,55.749],[11.369,55.749],[11.371,55.748],[11.373,55.736],[11.39,55.737],[11.391,55.737],[11.392,55.739],[11.393,55.739],[11.404,55.738],[11.413,55.733],[11.426,55.737],[11.435,55.738],[11.448,55.735],[11.46,55.735],[11.475,55.738],[11.484,55.747],[11.534,55.772],[11.598,55.768],[11.622,55.775]]]},"properties":{"code":"306","name":"Odsherred","region":"Region Sjælland"}},
{"type":"Feature","geometry":{"type":"MultiPolygon","coordinates":[[[[11.413,55.733],[11.411,55.73],[11.409,55.718],[11.406,55.712],[11.394,55.706],[11.394,55.705],[11.392,55.704],[11.392,55.703],[11.388,55.699],[11.387,55.691],[11.385,55.688],[11.384,55.687],[11.381,55.686],[11.373,55.684],[11.373,55.682],[11.373,55.681],[11.376,55.677],[11.374,55.671],[11.382,55.664],[11.391,55.66],[11.364,55.646],[11.356,55.644],[11.351,55.64],[11.351,55.639],[11.355,55.64],[11.356,55.64],[11.357,55.64],[11.357,55.639],[11.373,55.64],[11.371,55.628],[11.378,55.62],[11.388,55.611],[11.391,55.605],[11.399,55.603],[11.404,55.588],[11.407,55.587],[11.414,55.584],[11.415,55.584],[11.416,55.584],[11.417,55.584],[11.419,55.583],[11.42,55.583],[11.422,55.581],[11.425,55.58],[11.426,55.58],[11.431,55.58],[11.432,55.58],[11.436,55.58],[11.453,55.577],[11.48,55.582],[11.494,55.583],[11.539,55.591],[11.546,55.588],[11.561,55.586],[11.582,55.58],[11.589,55.574],[11.613,55.573],[11.627,55.568],[11.643,55.566],[11.653,55.57],[11.662,55.567],[11.675,55.566],[11.687,55.556],[11.683,55.546],[11.684,55.541],[11.68,55.532],[11.668,55.534],[11.662,55.523],[11.675,55.521],[11.663,55.513],[11.664,55.513],[11.68,55.509],[11.692,55.512],[11.699,55.517],[11.71,55.516],[11.711,55.516],[11.72,55.516],[11.721,55.516],[11.731,55.517],[11.732,55.517],[11.737,55.518],[11.739,55.518],[11.739,55.519],[11.74,55.52],[11.741,55.521],[11.744,55.525],[11.743,55.525],[11.742,55.532],[11.738,55.538],[11.748,55.542],[11.754,55.547],[11.767,55.539],[11.782,55.54],[11.783,55.54],[11.785,55.54],[11.787,55.54],[11.788,55.54],[11.789,55.54],[11.79,55.54],[11.795,55.543],[11.797,55.543],[11.798,55.543],[11.799,55.543],[11.807,55.544],[11.808,55.544],[11.808,55.547],[11.808,55.548],[11.808,55.549],[11.81,55.549],[11.82,55.549],[11.823,55.559],[11.847,55.564],[11.858,55.569],[11.852,55.571],[11.853,55.582],[11.847,55.585],[11.821,55.591],[11.823,55.6],[11.809,55.611],[11.809,55.616],[11.802,55.62],[11.797,55.641],[11.793,55.644],[11.779,55.649],[11.779,55.658],[11.77,55.661],[11.781,55.67],[11.79,55.671],[11.789,55.681],[11.801,55.681],[11.807,55.687],[11.807,55.693],[11.791,55.702],[11.793,55.713],[11.784,55.724],[11.775,55.727],[11.77,55.721],[11.749,55.723],[11.733,55.72],[11.711,55.721],[11.703,55.719],[11.683,55.718],[11.667,55.716],[11.655,55.721],[11.657,55.725],[11.652,55.731],[11.662,55.734],[11.671,55.733],[11.686,55.736],[11.706,55.735],[11.72,55.736],[11.733,55.74],[11.745,55.739],[11.77,55.745],[11.77,55.751],[11.748,55.757],[11.741,55.766],[11.747,55.77],[11.753,55.763],[11.761,55.766],[11.75,55.774],[11.744,55.79],[11.728,55.796],[11.722,55.792],[11.702,55.79],[11.696,55.786],[11.685,55.785],[11.677,55.778],[11.654,55.773],[11.64,55.773],[11.631,55.772],[11.622,55.775],[11.598,55.768],[11.534,55.772],[11.484,55.747],[11.475,55.738],[11.46,55.735],[11.448,55.735],[11.435,55.738],[11.426,55.737],[11.413,55.733]]],[[[11.828,55.809],[11.821,55.806],[11.827,55.799],[11.822,55.788],[11.816,55.783],[11.806,55.786],[11.797,55.791],[11.79,55.786],[11.782,55.786],[11.775,55.782],[11.783,55.768],[11.797,55.759],[11.801,55.758],[11.812,55.75],[11.834,55.756],[11.834,55.763],[11.845,55.775],[11.848,55.781],[11.841,55.797],[11.834,55.802],[11.828,55.809]]]]},"properties":{"code":"316","name":"Holbæk","region":"Region Sjælland"}},
{"type":"Feature","geometry":{"type":"Polygon","coordinates":[[[11.964,55.402],[11.966,55.401],[11.967,55.401],[11.968,55.401],[11.969,55.401],[11.98,55.4],[11.979,55.4],[11.979,55.399],[11.978,55.398],[11.967,55.397],[11.965,55.398],[11.966,55.397],[11.965,55.396],[11.965,55.395],[11.965,55.394],[11.965,55.393],[11.966,55.392],[11.967,55.392],[11.967,55.391],[11.968,55.391],[11.969,55.391],[11.958,55.386],[11.957,55.386],[11.957,55.384],[11.956,55.383],[11.956,55.382],[11.956,55.381],[11.955,55.381],[11.954,55.381],[11.952,55.381],[11.951,55.381],[11.95,55.379],[11.949,55.379],[11.949,55.378],[11.948,55.377],[11.948,55.376],[11.947,55.376],[11.946,55.375],[11.943,55.375],[11.941,55.375],[11.938,55.375],[11.938,55.374],[11.933,55.37],[11.932,55.37],[11.924,55.369],[11.923,55.369],[11.92,55.368],[11.898,55.366],[11.877,55.37],[11.874,55.365],[11.872,55.362],[11.87,55.363],[11.869,55.363],[11.868,55.36],[11.869,55.358],[11.868,55.356],[11.866,55.352],[11.884,55.341],[11.881,55.335],[11.866,55.333],[11.858,55.334],[11.847,55.324],[11.859,55.319],[11.857,55.317],[11.843,55.314],[11.841,55.302],[11.853,55.291],[11.881,55.286],[11.891,55.282],[11.9,55.282],[11.905,55.271],[11.925,55.262],[11.932,55.265],[11.94,55.262],[11.935,55.257],[11.944,55.255],[11.943,55.248],[11.943,55.247],[11.944,55.245],[11.946,55.244],[11.948,55.243],[11.953,55.243],[11.955,55.243],[11.956,55.244],[11.957,55.245],[11.96,55.245],[11.962,55.246],[11.962,55.247],[11.971,55.247],[11.972,55.247],[11.972,55.248],[11.973,55.249],[11.974,55.249],[11.975,55.249],[11.981,55.244],[11.98,55.236],[11.981,55.236],[11.982,55.235],[11.981,55.234],[11.98,55.232],[11.979,55.231],[11.978,55.23],[11.977,55.23],[11.977,55.229],[11.975,55.228],[11.973,55.226],[11.974,55.225],[11.984,55.222],[12.008,55.219],[12.017,55.217],[12.023,55.212],[12.028,55.205],[12.022,55.194],[12.027,55.192],[12.024,55.186],[12.028,55.183],[12.042,55.179],[12.047,55.172],[12.061,55.175],[12.092,55.177],[12.095,55.172],[12.084,55.163],[12.084,55.153],[12.078,55.137],[12.086,55.134],[12.098,55.134],[12.11,55.139],[12.112,55.144],[12.106,55.16],[12.107,55.173],[12.111,55.18],[12.118,55.185],[12.136,55.192],[12.151,55.208],[12.158,55.213],[12.171,55.215],[12.187,55.223],[12.204,55.225],[12.217,55.228],[12.232,55.235],[12.259,55.241],[12.276,55.242],[12.284,55.24],[12.284,55.244],[12.284,55.245],[12.282,55.252],[12.284,55.255],[12.285,55.257],[12.285,55.258],[12.285,55.259],[12.284,55.263],[12.278,55.269],[12.278,55.27],[12.275,55.274],[12.274,55.274],[12.272,55.276],[12.267,55.279],[12.266,55.281],[12.269,55.283],[12.271,55.284],[12.269,55.286],[12.268,55.286],[12.25,55.288],[12.244,55.292],[12.229,55.294],[12.219,55.292],[12.214,55.299],[12.214,55.305],[12.222,55.311],[12.231,55.313],[12.233,55.319],[12.233,55.32],[12.235,55.332],[12.245,55.338],[12.244,55.339],[12.244,55.34],[12.238,55.339],[12.237,55.339],[12.228,55.335],[12.229,55.335],[12.229,55.334],[12.221,55.33],[12.22,55.33],[12.213,55.333],[12.189,55.331],[12.188,55.331],[12.181,55.333],[12.18,55.333],[12.175,55.333],[12.171,55.335],[12.17,55.335],[12.169,55.336],[12.167,55.336],[12.166,55.336],[12.153,55.336],[12.151,55.34],[12.151,55.342],[12.147,55.343],[12.139,55.346],[12.137,55.346],[12.136,55.346],[12.124,55.351],[12.113,55.352],[12.109,55.357],[12.11,55.373],[12.099,55.373],[12.08,55.368],[12.074,55.374],[12.068,55.375],[12.065,55.375],[12.065,55.376],[12.061,55.377],[12.062,55.382],[12.066,55.384],[12.066,55.385],[12.065,55.386],[12.062,55.386],[12.061,55.387],[12.06,55.387],[12.059,55.387],[12.058,55.387],[12.057,55.387],[12.052,55.391],[12.049,55.393],[12.047,55.394],[12.044,55.394],[12.043,55.394],[12.039,55.393],[12.024,55.396],[12.018,55.401],[12.011,55.399],[12.003,55.402],[11.986,55.403],[11.98,55.405],[11.964,55.402]]]},"properties":{"code":"320","name":"Faxe","region":"Region Sjælland"}},
{"type":"Feature","geometry":{"type":"MultiPolygon","coordinates":[[[[11.349,55.757],[11.327,55.753],[11.312,55.754],[11.305,55.75],[11.307,55.747],[11.291,55.745],[11.285,55.739],[11.27,55.731],[11.255,55.73],[11.236,55.74],[11.231,55.741],[11.223,55.748],[11.217,55.747],[11.218,55.736],[11.212,55.732],[11.197,55.732],[11.187,55.738],[11.187,55.742],[11.176,55.755],[11.161,55.751],[11.144,55.753],[11.127,55.752],[11.106,55.742],[11.081,55.735],[11.044,55.732],[11.027,55.736],[11.018,55.737],[11.008,55.742],[10.986,55.747],[10.956,55.75],[10.92,55.749],[10.898,55.744],[10.877,55.743],[10.885,55.735],[10.909,55.729],[10.928,55.727],[10.953,55.728],[10.968,55.73],[10.984,55.727],[10.995,55.724],[11.004,55.713],[11.024,55.698],[11.038,55.693],[11.045,55.688],[11.06,55.683],[11.068,55.678],[11.075,55.681],[11.083,55.677],[11.093,55.677],[11.09,55.67],[11.097,55.667],[11.087,55.661],[11.084,55.665],[11.067,55.661],[11.036,55.665],[11.027,55.665],[10.999,55.669],[10.987,55.667],[10.964,55.668],[10.957,55.672],[10.941,55.674],[10.932,55.67],[10.934,55.663],[10.943,55.659],[10.965,55.658],[10.974,55.657],[11.012,55.654],[11.04,55.649],[11.048,55.645],[11.072,55.638],[11.111,55.624],[11.126,55.616],[11.138,55.603],[11.15,55.586],[11.153,55.576],[11.156,55.571],[11.158,55.559],[11.151,55.545],[11.144,55.538],[11.13,55.535],[11.115,55.537],[11.105,55.534],[11.096,55.536],[11.088,55.534],[11.081,55.516],[11.097,55.511],[11.114,55.513],[11.121,55.522],[11.115,55.528],[11.122,55.533],[11.127,55.526],[11.135,55.524],[11.141,55.516],[11.15,55.509],[11.163,55.505],[11.173,55.498],[11.178,55.488],[11.178,55.476],[11.191,55.463],[11.21,55.462],[11.222,55.467],[11.229,55.466],[11.245,55.475],[11.251,55.472],[11.251,55.471],[11.252,55.471],[11.253,55.471],[11.254,55.47],[11.256,55.469],[11.258,55.468],[11.259,55.468],[11.263,55.465],[11.264,55.464],[11.265,55.464],[11.267,55.463],[11.269,55.463],[11.27,55.463],[11.27,55.462],[11.271,55.462],[11.272,55.462],[11.273,55.462],[11.274,55.462],[11.278,55.462],[11.285,55.462],[11.286,55.462],[11.287,55.462],[11.288,55.462],[11.289,55.462],[11.289,55.463],[11.292,55.468],[11.297,55.468],[11.299,55.468],[11.3,55.468],[11.301,55.468],[11.302,55.467],[11.302,55.466],[11.303,55.466],[11.306,55.467],[11.307,55.467],[11.308,55.473],[11.308,55.474],[11.309,55.474],[11.311,55.475],[11.313,55.476],[11.314,55.476],[11.317,55.477],[11.32,55.477],[11.32,55.478],[11.321,55.478],[11.325,55.478],[11.328,55.477],[11.333,55.472],[11.334,55.472],[11.338,55.467],[11.339,55.459],[11.347,55.461],[11.356,55.459],[11.369,55.462],[11.381,55.469],[11.384,55.474],[11.393,55.476],[11.4,55.48],[11.398,55.488],[11.398,55.489],[11.399,55.491],[11.414,55.494],[11.415,55.494],[11.416,55.494],[11.416,55.495],[11.417,55.495],[11.422,55.496],[11.421,55.497],[11.422,55.503],[11.412,55.512],[11.411,55.522],[11.419,55.526],[11.418,55.53],[11.406,55.53],[11.405,55.525],[11.379,55.52],[11.375,55.524],[11.362,55.525],[11.355,55.53],[11.344,55.533],[11.341,55.537],[11.332,55.534],[11.32,55.536],[11.319,55.536],[11.319,55.537],[11.32,55.537],[11.321,55.537],[11.322,55.538],[11.323,55.538],[11.324,55.538],[11.325,55.539],[11.331,55.542],[11.332,55.542],[11.334,55.541],[11.334,55.542],[11.336,55.546],[11.337,55.549],[11.369,55.553],[11.387,55.553],[11.403,55.546],[11.408,55.549],[11.443,55.546],[11.458,55.55],[11.454,55.556],[11.452,55.558],[11.451,55.558],[11.451,55.559],[11.443,55.563],[11.442,55.563],[11.442,55.562],[11.441,55.562],[11.437,55.561],[11.432,55.561],[11.432,55.562],[11.433,55.565],[11.436,55.58],[11.432,55.58],[11.431,55.58],[11.426,55.58],[11.425,55.58],[11.422,55.581],[11.42,55.583],[11.419,55.583],[11.417,55.584],[11.416,55.584],[11.415,55.584],[11.414,55.584],[11.407,55.587],[11.404,55.588],[11.399,55.603],[11.391,55.605],[11.388,55.611],[11.378,55.62],[11.371,55.628],[11.373,55.64],[11.357,55.639],[11.357,55.64],[11.356,55.64],[11.355,55.64],[11.351,55.639],[11.351,55.64],[11.356,55.644],[11.364,55.646],[11.391,55.66],[11.382,55.664],[11.374,55.671],[11.376,55.677],[11.373,55.681],[11.373,55.682],[11.373,55.684],[11.381,55.686],[11.384,55.687],[11.385,55.688],[11.387,55.691],[11.388,55.699],[11.392,55.703],[11.392,55.704],[11.394,55.705],[11.394,55.706],[11.406,55.712],[11.409,55.718],[11.411,55.73],[11.413,55.733],[11.404,55.738],[11.393,55.739],[11.392,55.739],[11.391,55.737],[11.39,55.737],[11.373,55.736],[11.371,55.748],[11.369,55.749],[11.368,55.749],[11.363,55.751],[11.359,55.754],[11.351,55.756],[11.351,55.757],[11.35,55.757],[11.349,55.757]]],[[[11.285,55.796],[11.279,55.789],[11.28,55.785],[11.298,55.767],[11.304,55.776],[11.29,55.785],[11.294,55.792],[11.285,55.796]]],[[[11.08,55.92],[11.078,55.913],[11.087,55.904],[11.1,55.9],[11.114,55.898],[11.134,55.881],[11.162,55.869],[11.172,55.869],[11.183,55.865],[11.191,55.865],[11.206,55.861],[11.213,55.864],[11.198,55.868],[11.187,55.875],[11.175,55.879],[11.166,55.887],[11.152,55.893],[11.146,55.897],[11.134,55.9],[11.122,55.904],[11.116,55.912],[11.105,55.913],[11.08,55.92]]]]},"properties":{"code":"326","name":"Kalundborg","region":"Region Sjælland"}},
{"type":"Feature","geometry":{"type":"Polygon","coordinates":[[[11.914,55.53],[11.905,55.541],[11.89,55.546],[11.882,55.544],[11.869,55.546],[11.86,55.558],[11.847,55.558],[11.847,55.564],[11.823,55.559],[11.82,55.549],[11.81,55.549],[11.808,55.549],[11.808,55.548],[11.808,55.547],[11.808,55.544],[11.807,55.544],[11.799,55.543],[11.798,55.543],[11.797,55.543],[11.795,55.543],[11.79,55.54],[11.789,55.54],[11.788,55.54],[11.787,55.54],[11.785,55.54],[11.783,55.54],[11.782,55.54],[11.767,55.539],[11.754,55.547],[11.748,55.542],[11.738,55.538],[11.742,55.532],[11.743,55.525],[11.744,55.525],[11.741,55.521],[11.74,55.52],[11.739,55.519],[11.739,55.518],[11.737,55.518],[11.732,55.517],[11.731,55.517],[11.721,55.516],[11.72,55.516],[11.711,55.516],[11.71,55.516],[11.699,55.517],[11.692,55.512],[11.68,55.509],[11.664,55.513],[11.663,55.513],[11.654,55.512],[11.644,55.507],[11.64,55.493],[11.637,55.491],[11.64,55.48],[11.66,55.472],[11.664,55.464],[11.687,55.458],[11.689,55.448],[11.708,55.444],[11.705,55.432],[11.701,55.426],[11.692,55.419],[11.699,55.414],[11.708,55.413],[11.705,55.405],[11.706,55.405],[11.707,55.404],[11.709,55.404],[11.713,55.404],[11.715,55.405],[11.715,55.406],[11.716,55.406],[11.719,55.405],[11.72,55.405],[11.722,55.405],[11.723,55.405],[11.722,55.406],[11.723,55.406],[11.724,55.407],[11.725,55.408],[11.726,55.408],[11.727,55.408],[11.728,55.408],[11.729,55.408],[11.731,55.409],[11.732,55.409],[11.732,55.408],[11.733,55.407],[11.732,55.407],[11.732,55.406],[11.733,55.406],[11.732,55.405],[11.731,55.404],[11.73,55.404],[11.73,55.403],[11.731,55.402],[11.732,55.402],[11.734,55.401],[11.735,55.401],[11.737,55.401],[11.738,55.401],[11.739,55.401],[11.739,55.4],[11.74,55.399],[11.742,55.399],[11.744,55.398],[11.745,55.397],[11.746,55.397],[11.747,55.397],[11.747,55.396],[11.75,55.395],[11.751,55.395],[11.752,55.394],[11.751,55.393],[11.752,55.391],[11.753,55.391],[11.756,55.388],[11.757,55.388],[11.759,55.386],[11.761,55.386],[11.763,55.384],[11.764,55.384],[11.764,55.383],[11.765,55.383],[11.765,55.382],[11.766,55.38],[11.767,55.38],[11.768,55.38],[11.77,55.38],[11.77,55.379],[11.777,55.377],[11.78,55.375],[11.78,55.374],[11.782,55.373],[11.782,55.372],[11.783,55.372],[11.783,55.371],[11.783,55.37],[11.784,55.37],[11.787,55.37],[11.787,55.369],[11.786,55.369],[11.787,55.368],[11.788,55.369],[11.792,55.369],[11.797,55.37],[11.798,55.37],[11.799,55.37],[11.8,55.37],[11.801,55.371],[11.803,55.371],[11.805,55.371],[11.82,55.366],[11.829,55.367],[11.847,55.358],[11.86,55.356],[11.866,55.352],[11.868,55.356],[11.869,55.358],[11.868,55.36],[11.869,55.363],[11.87,55.363],[11.872,55.362],[11.874,55.365],[11.877,55.37],[11.898,55.366],[11.92,55.368],[11.923,55.369],[11.924,55.369],[11.932,55.37],[11.933,55.37],[11.938,55.374],[11.938,55.375],[11.941,55.375],[11.943,55.375],[11.946,55.375],[11.947,55.376],[11.948,55.376],[11.948,55.377],[11.949,55.378],[11.949,55.379],[11.95,55.379],[11.951,55.381],[11.952,55.381],[11.954,55.381],[11.955,55.381],[11.956,55.381],[11.956,55.382],[11.956,55.383],[11.957,55.384],[11.957,55.386],[11.958,55.386],[11.969,55.391],[11.968,55.391],[11.967,55.391],[11.967,55.392],[11.966,55.392],[11.965,55.393],[11.965,55.394],[11.965,55.395],[11.965,55.396],[11.966,55.397],[11.965,55.398],[11.967,55.397],[11.978,55.398],[11.979,55.399],[11.979,55.4],[11.98,55.4],[11.969,55.401],[11.968,55.401],[11.967,55.401],[11.966,55.401],[11.964,55.402],[11.963,55.402],[11.962,55.402],[11.961,55.403],[11.96,55.403],[11.959,55.404],[11.958,55.405],[11.957,55.405],[11.956,55.406],[11.955,55.409],[11.954,55.409],[11.954,55.41],[11.955,55.41],[11.956,55.411],[11.957,55.411],[11.959,55.412],[11.958,55.412],[11.959,55.412],[11.959,55.413],[11.958,55.413],[11.959,55.413],[11.958,55.413],[11.958,55.414],[11.958,55.415],[11.958,55.419],[11.957,55.419],[11.957,55.42],[11.956,55.42],[11.956,55.421],[11.957,55.423],[11.958,55.424],[11.957,55.424],[11.956,55.424],[11.956,55.425],[11.955,55.425],[11.947,55.427],[11.944,55.43],[11.941,55.43],[11.938,55.432],[11.936,55.432],[11.935,55.433],[11.935,55.434],[11.935,55.435],[11.936,55.435],[11.935,55.435],[11.936,55.436],[11.936,55.437],[11.935,55.437],[11.935,55.438],[11.933,55.439],[11.933,55.44],[11.932,55.44],[11.932,55.441],[11.933,55.441],[11.934,55.441],[11.935,55.441],[11.934,55.447],[11.938,55.455],[11.939,55.455],[11.939,55.456],[11.94,55.457],[11.941,55.458],[11.942,55.458],[11.942,55.459],[11.944,55.46],[11.941,55.461],[11.938,55.471],[11.929,55.477],[11.923,55.494],[11.916,55.497],[11.922,55.512],[11.914,55.512],[11.911,55.514],[11.914,55.53]]]},"properties":{"code":"329","name":"Ringsted","region":"Region Sjælland"}},
{"type":"Feature","geometry":{"type":"MultiPolygon","coordinates":[[[[11.177,55.17],[11.159,55.172],[11.142,55.163],[11.134,55.16],[11.141,55.155],[11.142,55.147],[11.151,55.14],[11.155,55.149],[11.165,55.16],[11.178,55.166],[11.177,55.17]]],[[[11.486,55.2],[11.478,55.198],[11.476,55.192],[11.491,55.198],[11.486,55.2]]],[[[11.175,55.251],[11.171,55.237],[11.172,55.216],[11.174,55.199],[11.199,55.192],[11.207,55.199],[11.197,55.209],[11.193,55.223],[11.178,55.23],[11.179,55.235],[11.187,55.245],[11.175,55.251]]],[[[10.988,55.34],[10.972,55.34],[10.964,55.335],[10.954,55.328],[10.966,55.329],[10.977,55.334],[10.991,55.335],[10.988,55.34]]],[[[11.191,55.463],[11.2,55.455],[11.203,55.449],[11.204,55.44],[11.195,55.419],[11.205,55.409],[11.213,55.403],[11.213,55.391],[11.202,55.383],[11.175,55.379],[11.167,55.374],[11.152,55.368],[11.121,55.365],[11.113,55.37],[11.094,55.352],[11.095,55.348],[11.109,55.348],[11.117,55.341],[11.124,55.337],[11.149,55.335],[11.163,55.338],[11.157,55.342],[11.161,55.346],[11.157,55.351],[11.164,55.354],[11.181,55.354],[11.197,55.346],[11.205,55.345],[11.205,55.336],[11.189,55.331],[11.188,55.327],[11.178,55.325],[11.17,55.329],[11.16,55.327],[11.153,55.33],[11.131,55.33],[11.13,55.326],[11.15,55.321],[11.174,55.306],[11.181,55.306],[11.203,55.299],[11.211,55.294],[11.226,55.291],[11.235,55.286],[11.237,55.274],[11.245,55.262],[11.243,55.254],[11.239,55.25],[11.258,55.247],[11.265,55.239],[11.271,55.245],[11.285,55.253],[11.284,55.257],[11.287,55.274],[11.298,55.28],[11.306,55.275],[11.306,55.266],[11.3,55.258],[11.292,55.255],[11.289,55.248],[11.284,55.245],[11.281,55.236],[11.247,55.241],[11.239,55.246],[11.235,55.24],[11.251,55.223],[11.238,55.22],[11.238,55.217],[11.248,55.21],[11.244,55.208],[11.258,55.201],[11.282,55.2],[11.295,55.193],[11.31,55.195],[11.313,55.203],[11.318,55.21],[11.33,55.209],[11.336,55.201],[11.342,55.206],[11.354,55.209],[11.362,55.2],[11.369,55.198],[11.379,55.199],[11.386,55.205],[11.395,55.206],[11.413,55.206],[11.416,55.203],[11.416,55.192],[11.396,55.196],[11.387,55.189],[11.402,55.191],[11.434,55.186],[11.459,55.188],[11.454,55.197],[11.448,55.198],[11.449,55.203],[11.438,55.206],[11.417,55.203],[11.426,55.214],[11.433,55.219],[11.448,55.214],[11.456,55.217],[11.469,55.209],[11.489,55.205],[11.493,55.198],[11.505,55.2],[11.516,55.198],[11.513,55.202],[11.512,55.202],[11.511,55.202],[11.509,55.202],[11.509,55.203],[11.51,55.204],[11.509,55.214],[11.509,55.215],[11.509,55.216],[11.509,55.218],[11.507,55.22],[11.506,55.22],[11.505,55.22],[11.504,55.22],[11.503,55.22],[11.502,55.22],[11.5,55.22],[11.492,55.222],[11.492,55.223],[11.491,55.223],[11.491,55.224],[11.491,55.225],[11.491,55.226],[11.491,55.227],[11.49,55.228],[11.49,55.229],[11.491,55.229],[11.494,55.231],[11.494,55.232],[11.493,55.232],[11.492,55.236],[11.491,55.236],[11.491,55.237],[11.491,55.238],[11.491,55.239],[11.49,55.239],[11.49,55.24],[11.489,55.241],[11.488,55.242],[11.486,55.249],[11.486,55.251],[11.487,55.252],[11.487,55.253],[11.487,55.254],[11.488,55.254],[11.489,55.255],[11.489,55.256],[11.49,55.256],[11.491,55.257],[11.492,55.257],[11.49,55.257],[11.488,55.258],[11.486,55.258],[11.486,55.259],[11.485,55.259],[11.484,55.259],[11.483,55.259],[11.48,55.26],[11.479,55.261],[11.478,55.261],[11.478,55.262],[11.478,55.263],[11.477,55.264],[11.477,55.265],[11.476,55.267],[11.476,55.268],[11.475,55.269],[11.474,55.269],[11.474,55.27],[11.473,55.27],[11.473,55.271],[11.472,55.271],[11.472,55.273],[11.472,55.274],[11.472,55.275],[11.471,55.276],[11.471,55.277],[11.471,55.278],[11.471,55.279],[11.471,55.28],[11.47,55.28],[11.47,55.282],[11.47,55.283],[11.469,55.284],[11.469,55.285],[11.469,55.286],[11.468,55.287],[11.469,55.287],[11.47,55.287],[11.471,55.288],[11.47,55.288],[11.466,55.29],[11.465,55.29],[11.464,55.29],[11.463,55.29],[11.462,55.29],[11.45,55.287],[11.436,55.293],[11.435,55.297],[11.445,55.3],[11.448,55.304],[11.463,55.309],[11.464,55.309],[11.464,55.31],[11.464,55.311],[11.464,55.312],[11.463,55.313],[11.463,55.316],[11.463,55.317],[11.463,55.318],[11.462,55.322],[11.463,55.323],[11.465,55.324],[11.477,55.332],[11.476,55.335],[11.477,55.335],[11.478,55.336],[11.479,55.336],[11.48,55.335],[11.482,55.336],[11.483,55.336],[11.486,55.337],[11.488,55.337],[11.489,55.337],[11.49,55.338],[11.492,55.338],[11.489,55.342],[11.504,55.347],[11.505,55.347],[11.508,55.347],[11.51,55.347],[11.51,55.348],[11.511,55.351],[11.511,55.353],[11.511,55.355],[11.512,55.355],[11.512,55.356],[11.512,55.357],[11.513,55.357],[11.514,55.357],[11.517,55.357],[11.518,55.358],[11.522,55.364],[11.518,55.366],[11.516,55.367],[11.516,55.368],[11.515,55.368],[11.514,55.369],[11.513,55.369],[11.512,55.369],[11.509,55.369],[11.508,55.369],[11.507,55.369],[11.505,55.374],[11.496,55.38],[11.491,55.381],[11.487,55.392],[11.477,55.392],[11.477,55.393],[11.476,55.393],[11.476,55.394],[11.485,55.401],[11.511,55.401],[11.506,55.405],[11.514,55.412],[11.504,55.412],[11.503,55.424],[11.507,55.428],[11.509,55.429],[11.511,55.435],[11.513,55.435],[11.514,55.436],[11.512,55.44],[11.512,55.441],[11.509,55.447],[11.508,55.448],[11.508,55.449],[11.506,55.451],[11.506,55.452],[11.5,55.455],[11.501,55.455],[11.501,55.456],[11.502,55.457],[11.502,55.458],[11.495,55.462],[11.485,55.464],[11.477,55.472],[11.478,55.473],[11.473,55.474],[11.472,55.474],[11.467,55.475],[11.465,55.475],[11.462,55.479],[11.461,55.479],[11.484,55.485],[11.486,55.491],[11.473,55.5],[11.474,55.5],[11.476,55.503],[11.475,55.503],[11.473,55.503],[11.47,55.505],[11.469,55.506],[11.468,55.506],[11.467,55.506],[11.466,55.507],[11.465,55.507],[11.464,55.507],[11.461,55.507],[11.459,55.507],[11.456,55.508],[11.455,55.509],[11.454,55.509],[11.451,55.509],[11.45,55.51],[11.45,55.509],[11.448,55.51],[11.448,55.509],[11.447,55.509],[11.446,55.509],[11.445,55.509],[11.444,55.509],[11.443,55.508],[11.441,55.506],[11.44,55.506],[11.438,55.501],[11.438,55.5],[11.436,55.5],[11.435,55.499],[11.434,55.499],[11.431,55.497],[11.43,55.497],[11.425,55.496],[11.424,55.496],[11.423,55.496],[11.422,55.496],[11.417,55.495],[11.416,55.495],[11.416,55.494],[11.415,55.494],[11.414,55.494],[11.399,55.491],[11.398,55.489],[11.398,55.488],[11.4,55.48],[11.393,55.476],[11.384,55.474],[11.381,55.469],[11.369,55.462],[11.356,55.459],[11.347,55.461],[11.339,55.459],[11.338,55.467],[11.334,55.472],[11.333,55.472],[11.328,55.477],[11.325,55.478],[11.321,55.478],[11.32,55.478],[11.32,55.477],[11.317,55.477],[11.314,55.476],[11.313,55.476],[11.311,55.475],[11.309,55.474],[11.308,55.474],[11.308,55.473],[11.307,55.467],[11.306,55.467],[11.303,55.466],[11.302,55.466],[11.302,55.467],[11.301,55.468],[11.3,55.468],[11.299,55.468],[11.297,55.468],[11.292,55.468],[11.289,55.463],[11.289,55.462],[11.288,55.462],[11.287,55.462],[11.286,55.462],[11.285,55.462],[11.278,55.462],[11.274,55.462],[11.273,55.462],[11.272,55.462],[11.271,55.462],[11.27,55.462],[11.27,55.463],[11.269,55.463],[11.267,55.463],[11.265,55.464],[11.264,55.464],[11.263,55.465],[11.259,55.468],[11.258,55.468],[11.256,55.469],[11.254,55.47],[11.253,55.471],[11.252,55.471],[11.251,55.471],[11.251,55.472],[11.245,55.475],[11.229,55.466],[11.222,55.467],[11.21,55.462],[11.191,55.463]]]]},"properties":{"code":"330","name":"Slagelse","region":"Region Sjælland"}},
{"type":"Feature","geometry":{"type":"Polygon","coordinates":[[[12.11,55.373],[12.109,55.357],[12.113,55.352],[12.124,55.351],[12.136,55.346],[12.137,55.346],[12.139,55.346],[12.147,55.343],[12.151,55.342],[12.151,55.34],[12.153,55.336],[12.166,55.336],[12.167,55.336],[12.169,55.336],[12.17,55.335],[12.171,55.335],[12.175,55.333],[12.18,55.333],[12.181,55.333],[12.188,55.331],[12.189,55.331],[12.213,55.333],[12.22,55.33],[12.221,55.33],[12.229,55.334],[12.229,55.335],[12.228,55.335],[12.237,55.339],[12.238,55.339],[12.244,55.34],[12.244,55.339],[12.245,55.338],[12.235,55.332],[12.233,55.32],[12.233,55.319],[12.231,55.313],[12.222,55.311],[12.214,55.305],[12.214,55.299],[12.219,55.292],[12.229,55.294],[12.244,55.292],[12.25,55.288],[12.268,55.286],[12.269,55.286],[12.271,55.284],[12.269,55.283],[12.266,55.281],[12.267,55.279],[12.272,55.276],[12.274,55.274],[12.275,55.274],[12.278,55.27],[12.278,55.269],[12.284,55.263],[12.285,55.259],[12.285,55.258],[12.285,55.257],[12.284,55.255],[12.282,55.252],[12.284,55.245],[12.284,55.244],[12.284,55.24],[12.298,55.238],[12.342,55.238],[12.349,55.236],[12.358,55.238],[12.362,55.249],[12.368,55.253],[12.378,55.253],[12.386,55.255],[12.395,55.254],[12.399,55.257],[12.414,55.26],[12.421,55.267],[12.426,55.267],[12.433,55.274],[12.442,55.276],[12.451,55.283],[12.455,55.294],[12.447,55.3],[12.445,55.315],[12.451,55.326],[12.455,55.33],[12.447,55.336],[12.448,55.343],[12.445,55.348],[12.432,55.358],[12.425,55.36],[12.412,55.369],[12.402,55.375],[12.377,55.391],[12.364,55.398],[12.36,55.396],[12.336,55.4],[12.303,55.401],[12.256,55.416],[12.242,55.418],[12.216,55.427],[12.228,55.421],[12.231,55.416],[12.216,55.416],[12.214,55.41],[12.202,55.41],[12.194,55.406],[12.188,55.395],[12.188,55.394],[12.187,55.393],[12.19,55.388],[12.19,55.387],[12.192,55.386],[12.193,55.385],[12.191,55.382],[12.188,55.38],[12.189,55.38],[12.181,55.378],[12.18,55.377],[12.178,55.377],[12.177,55.377],[12.176,55.377],[12.175,55.377],[12.174,55.376],[12.172,55.375],[12.172,55.374],[12.171,55.374],[12.167,55.375],[12.166,55.375],[12.166,55.376],[12.155,55.381],[12.154,55.38],[12.147,55.377],[12.145,55.377],[12.141,55.378],[12.14,55.377],[12.139,55.377],[12.139,55.376],[12.141,55.375],[12.14,55.375],[12.14,55.373],[12.14,55.372],[12.138,55.371],[12.131,55.369],[12.11,55.373]]]},"properties":{"code":"336","name":"Stevns","region":"Region Sjælland"}},
{"type":"Feature","geometry":{"type":"Polygon","coordinates":[[[11.436,55.58],[11.433,55.565],[11.432,55.562],[11.432,55.561],[11.437,55.561],[11.441,55.562],[11.442,55.562],[11.442,55.563],[11.443,55.563],[11.451,55.559],[11.451,55.558],[11.452,55.558],[11.454,55.556],[11.458,55.55],[11.443,55.546],[11.408,55.549],[11.403,55.546],[11.387,55.553],[11.369,55.553],[11.337,55.549],[11.336,55.546],[11.334,55.542],[11.334,55.541],[11.332,55.542],[11.331,55.542],[11.325,55.539],[11.324,55.538],[11.323,55.538],[11.322,55.538],[11.321,55.537],[11.32,55.537],[11.319,55.537],[11.319,55.536],[11.32,55.536],[11.332,55.534],[11.341,55.537],[11.344,55.533],[11.355,55.53],[11.362,55.525],[11.375,55.524],[11.379,55.52],[11.405,55.525],[11.406,55.53],[11.418,55.53],[11.419,55.526],[11.411,55.522],[11.412,55.512],[11.422,55.503],[11.421,55.497],[11.422,55.496],[11.423,55.496],[11.424,55.496],[11.425,55.496],[11.43,55.497],[11.431,55.497],[11.434,55.499],[11.435,55.499],[11.436,55.5],[11.438,55.5],[11.438,55.501],[11.44,55.506],[11.441,55.506],[11.443,55.508],[11.444,55.509],[11.445,55.509],[11.446,55.509],[11.447,55.509],[11.448,55.509],[11.448,55.51],[11.45,55.509],[11.45,55.51],[11.451,55.509],[11.454,55.509],[11.455,55.509],[11.456,55.508],[11.459,55.507],[11.461,55.507],[11.464,55.507],[11.465,55.507],[11.466,55.507],[11.467,55.506],[11.468,55.506],[11.469,55.506],[11.47,55.505],[11.473,55.503],[11.475,55.503],[11.476,55.503],[11.474,55.5],[11.473,55.5],[11.486,55.491],[11.484,55.485],[11.461,55.479],[11.462,55.479],[11.465,55.475],[11.467,55.475],[11.472,55.474],[11.473,55.474],[11.478,55.473],[11.477,55.472],[11.485,55.464],[11.495,55.462],[11.502,55.458],[11.502,55.457],[11.501,55.456],[11.501,55.455],[11.5,55.455],[11.506,55.452],[11.506,55.451],[11.508,55.449],[11.508,55.448],[11.509,55.447],[11.512,55.441],[11.512,55.44],[11.514,55.436],[11.513,55.435],[11.511,55.435],[11.509,55.429],[11.507,55.428],[11.503,55.424],[11.504,55.412],[11.514,55.412],[11.506,55.405],[11.511,55.401],[11.485,55.401],[11.476,55.394],[11.476,55.393],[11.477,55.393],[11.477,55.392],[11.487,55.392],[11.491,55.381],[11.496,55.38],[11.505,55.374],[11.507,55.369],[11.508,55.369],[11.509,55.369],[11.512,55.369],[11.513,55.369],[11.514,55.369],[11.515,55.368],[11.516,55.368],[11.516,55.367],[11.518,55.366],[11.522,55.364],[11.522,55.365],[11.523,55.364],[11.526,55.364],[11.527,55.365],[11.528,55.366],[11.528,55.367],[11.529,55.367],[11.533,55.368],[11.54,55.372],[11.543,55.373],[11.544,55.373],[11.561,55.373],[11.577,55.374],[11.578,55.374],[11.577,55.376],[11.582,55.377],[11.583,55.378],[11.586,55.376],[11.587,55.376],[11.597,55.374],[11.602,55.374],[11.606,55.374],[11.611,55.374],[11.613,55.374],[11.615,55.375],[11.618,55.375],[11.619,55.375],[11.62,55.375],[11.621,55.375],[11.622,55.375],[11.623,55.376],[11.627,55.378],[11.641,55.382],[11.645,55.385],[11.649,55.387],[11.65,55.387],[11.651,55.387],[11.654,55.388],[11.656,55.388],[11.655,55.388],[11.657,55.389],[11.662,55.39],[11.665,55.388],[11.666,55.388],[11.667,55.389],[11.669,55.39],[11.673,55.391],[11.674,55.391],[11.675,55.391],[11.676,55.392],[11.677,55.396],[11.687,55.398],[11.688,55.398],[11.69,55.401],[11.691,55.401],[11.692,55.402],[11.698,55.404],[11.7,55.405],[11.701,55.405],[11.702,55.405],[11.705,55.405],[11.708,55.413],[11.699,55.414],[11.692,55.419],[11.701,55.426],[11.705,55.432],[11.708,55.444],[11.689,55.448],[11.687,55.458],[11.664,55.464],[11.66,55.472],[11.64,55.48],[11.637,55.491],[11.64,55.493],[11.644,55.507],[11.654,55.512],[11.663,55.513],[11.675,55.521],[11.662,55.523],[11.668,55.534],[11.68,55.532],[11.684,55.541],[11.683,55.546],[11.687,55.556],[11.675,55.566],[11.662,55.567],[11.653,55.57],[11.643,55.566],[11.627,55.568],[11.613,55.573],[11.589,55.574],[11.582,55.58],[11.561,55.586],[11.546,55.588],[11.539,55.591],[11.494,55.583],[11.48,55.582],[11.453,55.577],[11.436,55.58]]]},"properties":{"code":"340","name":"Sorø","region":"Region Sjælland"}},
{"type":"Feature","geometry":{"type":"Polygon","coordinates":[[[11.876,55.738],[11.872,55.734],[11.857,55.731],[11.848,55.717],[11.841,55.708],[11.837,55.697],[11.839,55.688],[11.837,55.684],[11.829,55.683],[11.818,55.678],[11.812,55.666],[11.805,55.661],[11.787,55.663],[11.779,55.658],[11.779,55.649],[11.793,55.644],[11.797,55.641],[11.802,55.62],[11.809,55.616],[11.809,55.611],[11.823,55.6],[11.821,55.591],[11.847,55.585],[11.853,55.582],[11.852,55.571],[11.858,55.569],[11.847,55.564],[11.847,55.558],[11.86,55.558],[11.869,55.546],[11.882,55.544],[11.89,55.546],[11.905,55.541],[11.914,55.53],[11.917,55.53],[11.918,55.53],[11.929,55.529],[11.93,55.529],[11.934,55.527],[11.935,55.528],[11.937,55.527],[11.939,55.527],[11.939,55.528],[11.94,55.528],[11.941,55.528],[11.943,55.529],[11.944,55.529],[11.95,55.529],[11.96,55.53],[11.96,55.531],[11.97,55.535],[11.976,55.542],[11.976,55.554],[11.981,55.567],[11.993,55.577],[12.004,55.574],[12.009,55.578],[12.011,55.586],[12.021,55.587],[12.031,55.582],[12.044,55.582],[12.05,55.586],[12.058,55.583],[12.073,55.59],[12.074,55.593],[12.052,55.607],[12.055,55.616],[12.018,55.618],[11.999,55.621],[11.989,55.619],[11.99,55.63],[12.003,55.639],[12.004,55.65],[12.013,55.655],[12.012,55.666],[12.009,55.667],[12.012,55.674],[12.007,55.685],[11.997,55.685],[11.999,55.69],[12.014,55.687],[12.024,55.681],[12.039,55.682],[12.051,55.678],[12.053,55.681],[12.041,55.685],[12.044,55.69],[12.032,55.695],[12.019,55.693],[12.014,55.697],[12.001,55.693],[12.003,55.7],[11.994,55.703],[11.992,55.698],[11.983,55.695],[11.993,55.688],[11.991,55.683],[11.996,55.678],[11.952,55.675],[11.95,55.663],[11.942,55.661],[11.938,55.651],[11.928,55.652],[11.93,55.663],[11.937,55.666],[11.943,55.68],[11.963,55.695],[11.975,55.713],[11.98,55.717],[11.981,55.73],[11.958,55.734],[11.947,55.74],[11.948,55.742],[11.936,55.746],[11.923,55.745],[11.923,55.74],[11.905,55.731],[11.899,55.732],[11.89,55.737],[11.876,55.738]]]},"properties":{"code":"350","name":"Lejre","region":"Region Sjælland"}},
{"type":"Feature","geometry":{"type":"MultiPolygon","coordinates":[[[[11.548,54.829],[11.526,54.83],[11.513,54.833],[11.505,54.831],[11.494,54.832],[11.486,54.838],[11.476,54.841],[11.47,54.839],[11.464,54.845],[11.465,54.853],[11.469,54.857],[11.463,54.863],[11.446,54.866],[11.428,54.863],[11.431,54.87],[11.42,54.871],[11.409,54.877],[11.398,54.878],[11.393,54.881],[11.38,54.885],[11.371,54.892],[11.364,54.895],[11.361,54.9],[11.363,54.907],[11.357,54.916],[11.346,54.921],[11.324,54.925],[11.318,54.924],[11.303,54.939],[11.293,54.946],[11.274,54.952],[11.269,54.956],[11.255,54.958],[11.22,54.959],[11.2,54.96],[11.182,54.961],[11.161,54.957],[11.143,54.949],[11.134,54.952],[11.129,54.945],[11.116,54.949],[11.111,54.944],[11.12,54.936],[11.099,54.942],[11.088,54.94],[11.084,54.943],[11.071,54.939],[11.065,54.932],[11.05,54.923],[11.035,54.918],[11.024,54.908],[11.016,54.889],[11.018,54.88],[11.032,54.879],[11.046,54.875],[11.045,54.868],[11.055,54.87],[11.059,54.861],[11.069,54.853],[11.069,54.848],[11.078,54.848],[11.083,54.836],[11.092,54.833],[11.103,54.835],[11.115,54.832],[11.125,54.835],[11.128,54.831],[11.11,54.831],[11.109,54.825],[11.1,54.822],[11.093,54.812],[11.085,54.811],[11.079,54.817],[11.068,54.819],[11.068,54.814],[11.08,54.807],[11.07,54.799],[11.045,54.799],[11.041,54.811],[11.029,54.811],[11.024,54.815],[11.015,54.815],[11.001,54.82],[10.994,54.817],[11.007,54.813],[11.013,54.808],[11.009,54.802],[10.999,54.798],[10.986,54.799],[10.976,54.793],[10.998,54.769],[11.007,54.762],[11.037,54.752],[11.077,54.743],[11.106,54.739],[11.121,54.737],[11.134,54.733],[11.156,54.729],[11.187,54.72],[11.209,54.716],[11.225,54.709],[11.237,54.709],[11.254,54.705],[11.264,54.702],[11.276,54.695],[11.297,54.686],[11.317,54.671],[11.318,54.664],[11.356,54.645],[11.368,54.641],[11.403,54.635],[11.414,54.631],[11.447,54.614],[11.472,54.605],[11.487,54.598],[11.503,54.595],[11.502,54.599],[11.492,54.598],[11.482,54.601],[11.46,54.611],[11.473,54.618],[11.497,54.635],[11.544,54.64],[11.557,54.653],[11.561,54.659],[11.561,54.66],[11.565,54.668],[11.566,54.669],[11.567,54.67],[11.566,54.67],[11.565,54.67],[11.565,54.671],[11.562,54.672],[11.561,54.672],[11.56,54.672],[11.557,54.672],[11.555,54.673],[11.554,54.673],[11.553,54.673],[11.553,54.674],[11.554,54.674],[11.554,54.675],[11.555,54.679],[11.554,54.68],[11.555,54.68],[11.558,54.683],[11.559,54.683],[11.56,54.684],[11.561,54.685],[11.562,54.685],[11.562,54.686],[11.563,54.687],[11.564,54.687],[11.564,54.688],[11.564,54.689],[11.565,54.689],[11.565,54.69],[11.565,54.691],[11.567,54.694],[11.569,54.694],[11.57,54.695],[11.569,54.696],[11.569,54.697],[11.569,54.698],[11.569,54.699],[11.569,54.7],[11.571,54.706],[11.572,54.706],[11.573,54.707],[11.571,54.707],[11.574,54.71],[11.572,54.715],[11.57,54.724],[11.576,54.728],[11.578,54.731],[11.577,54.732],[11.577,54.733],[11.578,54.733],[11.578,54.734],[11.579,54.739],[11.579,54.741],[11.574,54.744],[11.561,54.756],[11.546,54.756],[11.541,54.753],[11.534,54.759],[11.545,54.759],[11.547,54.767],[11.541,54.774],[11.547,54.776],[11.554,54.787],[11.553,54.788],[11.553,54.789],[11.552,54.79],[11.543,54.792],[11.543,54.8],[11.543,54.801],[11.538,54.801],[11.537,54.803],[11.537,54.804],[11.537,54.805],[11.542,54.809],[11.542,54.81],[11.542,54.811],[11.543,54.812],[11.543,54.813],[11.544,54.815],[11.545,54.816],[11.546,54.818],[11.547,54.821],[11.548,54.822],[11.547,54.822],[11.547,54.823],[11.547,54.824],[11.547,54.825],[11.548,54.829]]],[[[11.022,54.847],[11.014,54.842],[11.022,54.839],[11.022,54.847]]],[[[11.505,54.912],[11.499,54.914],[11.483,54.912],[11.481,54.906],[11.49,54.902],[11.481,54.897],[11.476,54.897],[11.478,54.887],[11.494,54.886],[11.517,54.891],[11.505,54.894],[11.49,54.902],[11.485,54.907],[11.495,54.913],[11.505,54.912]]],[[[11.42,54.965],[11.41,54.968],[11.408,54.962],[11.411,54.955],[11.41,54.949],[11.4,54.949],[11.396,54.953],[11.379,54.956],[11.377,54.95],[11.366,54.952],[11.366,54.964],[11.358,54.968],[11.35,54.966],[11.355,54.958],[11.362,54.958],[11.366,54.945],[11.373,54.938],[11.379,54.934],[11.405,54.922],[11.413,54.931],[11.423,54.936],[11.434,54.945],[11.47,54.944],[11.47,54.951],[11.454,54.963],[11.442,54.965],[11.431,54.963],[11.42,54.965]]],[[[11.318,54.966],[11.313,54.972],[11.303,54.971],[11.304,54.964],[11.311,54.962],[11.318,54.966]]],[[[11.519,54.992],[11.502,54.987],[11.498,54.979],[11.516,54.972],[11.524,54.963],[11.525,54.957],[11.539,54.949],[11.543,54.956],[11.562,54.968],[11.568,54.974],[11.558,54.983],[11.543,54.99],[11.526,54.989],[11.519,54.992]]],[[[11.373,55.04],[11.357,55.037],[11.343,55.029],[11.344,55.024],[11.357,55.03],[11.372,55.034],[11.373,55.04]]]]},"properties":{"code":"360","name":"Lolland","region":"Region Sjælland"}},
{"type":"Feature","geometry":{"type":"MultiPolygon","coordinates":[[[[11.866,55.352],[11.86,55.356],[11.847,55.358],[11.829,55.367],[11.82,55.366],[11.805,55.371],[11.803,55.371],[11.801,55.371],[11.8,55.37],[11.799,55.37],[11.798,55.37],[11.797,55.37],[11.792,55.369],[11.788,55.369],[11.787,55.368],[11.786,55.369],[11.787,55.369],[11.787,55.37],[11.784,55.37],[11.783,55.37],[11.783,55.371],[11.783,55.372],[11.782,55.372],[11.782,55.373],[11.78,55.374],[11.78,55.375],[11.777,55.377],[11.77,55.379],[11.77,55.38],[11.768,55.38],[11.767,55.38],[11.766,55.38],[11.765,55.382],[11.765,55.383],[11.764,55.383],[11.764,55.384],[11.763,55.384],[11.761,55.386],[11.759,55.386],[11.757,55.388],[11.756,55.388],[11.753,55.391],[11.752,55.391],[11.751,55.393],[11.752,55.394],[11.751,55.395],[11.75,55.395],[11.747,55.396],[11.747,55.397],[11.746,55.397],[11.745,55.397],[11.744,55.398],[11.742,55.399],[11.74,55.399],[11.739,55.4],[11.739,55.401],[11.738,55.401],[11.737,55.401],[11.735,55.401],[11.734,55.401],[11.732,55.402],[11.731,55.402],[11.73,55.403],[11.73,55.404],[11.731,55.404],[11.732,55.405],[11.733,55.406],[11.732,55.406],[11.732,55.407],[11.733,55.407],[11.732,55.408],[11.732,55.409],[11.731,55.409],[11.729,55.408],[11.728,55.408],[11.727,55.408],[11.726,55.408],[11.725,55.408],[11.724,55.407],[11.723,55.406],[11.722,55.406],[11.723,55.405],[11.722,55.405],[11.72,55.405],[11.719,55.405],[11.716,55.406],[11.715,55.406],[11.715,55.405],[11.713,55.404],[11.709,55.404],[11.707,55.404],[11.706,55.405],[11.705,55.405],[11.702,55.405],[11.701,55.405],[11.7,55.405],[11.698,55.404],[11.692,55.402],[11.691,55.401],[11.69,55.401],[11.688,55.398],[11.687,55.398],[11.677,55.396],[11.676,55.392],[11.675,55.391],[11.674,55.391],[11.673,55.391],[11.669,55.39],[11.667,55.389],[11.666,55.388],[11.665,55.388],[11.662,55.39],[11.657,55.389],[11.655,55.388],[11.656,55.388],[11.654,55.388],[11.651,55.387],[11.65,55.387],[11.649,55.387],[11.645,55.385],[11.641,55.382],[11.627,55.378],[11.623,55.376],[11.622,55.375],[11.621,55.375],[11.62,55.375],[11.619,55.375],[11.618,55.375],[11.615,55.375],[11.613,55.374],[11.611,55.374],[11.606,55.374],[11.602,55.374],[11.597,55.374],[11.587,55.376],[11.586,55.376],[11.583,55.378],[11.582,55.377],[11.577,55.376],[11.578,55.374],[11.577,55.374],[11.561,55.373],[11.544,55.373],[11.543,55.373],[11.54,55.372],[11.533,55.368],[11.529,55.367],[11.528,55.367],[11.528,55.366],[11.527,55.365],[11.526,55.364],[11.523,55.364],[11.522,55.365],[11.522,55.364],[11.518,55.358],[11.517,55.357],[11.514,55.357],[11.513,55.357],[11.512,55.357],[11.512,55.356],[11.512,55.355],[11.511,55.355],[11.511,55.353],[11.511,55.351],[11.51,55.348],[11.51,55.347],[11.508,55.347],[11.505,55.347],[11.504,55.347],[11.489,55.342],[11.492,55.338],[11.49,55.338],[11.489,55.337],[11.488,55.337],[11.486,55.337],[11.483,55.336],[11.482,55.336],[11.48,55.335],[11.479,55.336],[11.478,55.336],[11.477,55.335],[11.476,55.335],[11.477,55.332],[11.465,55.324],[11.463,55.323],[11.462,55.322],[11.463,55.318],[11.463,55.317],[11.463,55.316],[11.463,55.313],[11.464,55.312],[11.464,55.311],[11.464,55.31],[11.464,55.309],[11.463,55.309],[11.448,55.304],[11.445,55.3],[11.435,55.297],[11.436,55.293],[11.45,55.287],[11.462,55.29],[11.463,55.29],[11.464,55.29],[11.465,55.29],[11.466,55.29],[11.47,55.288],[11.471,55.288],[11.47,55.287],[11.469,55.287],[11.468,55.287],[11.469,55.286],[11.469,55.285],[11.469,55.284],[11.47,55.283],[11.47,55.282],[11.47,55.28],[11.471,55.28],[11.471,55.279],[11.471,55.278],[11.471,55.277],[11.471,55.276],[11.472,55.275],[11.472,55.274],[11.472,55.273],[11.472,55.271],[11.473,55.271],[11.473,55.27],[11.474,55.27],[11.474,55.269],[11.475,55.269],[11.476,55.268],[11.476,55.267],[11.477,55.265],[11.477,55.264],[11.478,55.263],[11.478,55.262],[11.478,55.261],[11.479,55.261],[11.48,55.26],[11.483,55.259],[11.484,55.259],[11.485,55.259],[11.486,55.259],[11.486,55.258],[11.488,55.258],[11.49,55.257],[11.492,55.257],[11.491,55.257],[11.49,55.256],[11.489,55.256],[11.489,55.255],[11.488,55.254],[11.487,55.254],[11.487,55.253],[11.487,55.252],[11.486,55.251],[11.486,55.249],[11.488,55.242],[11.489,55.241],[11.49,55.24],[11.49,55.239],[11.491,55.239],[11.491,55.238],[11.491,55.237],[11.491,55.236],[11.492,55.236],[11.493,55.232],[11.494,55.232],[11.494,55.231],[11.491,55.229],[11.49,55.229],[11.49,55.228],[11.491,55.227],[11.491,55.226],[11.491,55.225],[11.491,55.224],[11.491,55.223],[11.492,55.223],[11.492,55.222],[11.5,55.22],[11.502,55.22],[11.503,55.22],[11.504,55.22],[11.505,55.22],[11.506,55.22],[11.507,55.22],[11.509,55.218],[11.509,55.216],[11.509,55.215],[11.509,55.214],[11.51,55.204],[11.509,55.203],[11.509,55.202],[11.511,55.202],[11.512,55.202],[11.513,55.202],[11.516,55.198],[11.53,55.196],[11.55,55.19],[11.572,55.191],[11.58,55.188],[11.597,55.19],[11.619,55.182],[11.626,55.183],[11.638,55.177],[11.649,55.178],[11.656,55.181],[11.655,55.187],[11.686,55.207],[11.693,55.209],[11.717,55.207],[11.731,55.201],[11.736,55.197],[11.733,55.192],[11.723,55.182],[11.739,55.183],[11.742,55.179],[11.724,55.174],[11.715,55.169],[11.713,55.159],[11.725,55.153],[11.736,55.153],[11.739,55.155],[11.752,55.154],[11.772,55.157],[11.772,55.149],[11.782,55.146],[11.788,55.153],[11.795,55.154],[11.802,55.15],[11.811,55.149],[11.818,55.136],[11.816,55.131],[11.818,55.127],[11.831,55.124],[11.849,55.115],[11.861,55.126],[11.867,55.128],[11.882,55.127],[11.897,55.134],[11.898,55.137],[11.899,55.137],[11.9,55.137],[11.901,55.137],[11.902,55.137],[11.903,55.137],[11.904,55.138],[11.906,55.138],[11.907,55.138],[11.909,55.138],[11.909,55.148],[11.923,55.141],[11.931,55.139],[11.938,55.141],[11.948,55.14],[11.941,55.149],[11.942,55.149],[11.942,55.15],[11.943,55.15],[11.944,55.15],[11.945,55.151],[11.945,55.15],[11.95,55.154],[11.951,55.155],[11.954,55.153],[11.953,55.153],[11.953,55.152],[11.953,55.151],[11.953,55.149],[11.953,55.148],[11.954,55.148],[11.955,55.148],[11.956,55.148],[11.957,55.149],[11.957,55.148],[11.958,55.147],[11.96,55.144],[11.96,55.143],[11.961,55.143],[11.962,55.143],[11.964,55.143],[11.964,55.142],[11.966,55.141],[11.966,55.142],[11.967,55.142],[11.974,55.141],[11.975,55.141],[11.975,55.14],[11.987,55.137],[11.988,55.132],[12.003,55.133],[12.003,55.137],[11.99,55.141],[11.993,55.147],[12.001,55.146],[12.001,55.145],[12.002,55.145],[12.004,55.146],[12.005,55.146],[12.006,55.146],[12.007,55.146],[12.008,55.146],[12.009,55.146],[12.011,55.147],[12.023,55.162],[12.03,55.167],[12.047,55.172],[12.042,55.179],[12.028,55.183],[12.024,55.186],[12.027,55.192],[12.022,55.194],[12.028,55.205],[12.023,55.212],[12.017,55.217],[12.008,55.219],[11.984,55.222],[11.974,55.225],[11.973,55.226],[11.975,55.228],[11.977,55.229],[11.977,55.23],[11.978,55.23],[11.979,55.231],[11.98,55.232],[11.981,55.234],[11.982,55.235],[11.981,55.236],[11.98,55.236],[11.981,55.244],[11.975,55.249],[11.974,55.249],[11.973,55.249],[11.972,55.248],[11.972,55.247],[11.971,55.247],[11.962,55.247],[11.962,55.246],[11.96,55.245],[11.957,55.245],[11.956,55.244],[11.955,55.243],[11.953,55.243],[11.948,55.243],[11.946,55.244],[11.944,55.245],[11.943,55.247],[11.943,55.248],[11.944,55.255],[11.935,55.257],[11.94,55.262],[11.932,55.265],[11.925,55.262],[11.905,55.271],[11.9,55.282],[11.891,55.282],[11.881,55.286],[11.853,55.291],[11.841,55.302],[11.843,55.314],[11.857,55.317],[11.859,55.319],[11.847,55.324],[11.858,55.334],[11.866,55.333],[11.881,55.335],[11.884,55.341],[11.866,55.352]]],[[[11.72,55.147],[11.712,55.135],[11.714,55.125],[11.728,55.137],[11.72,55.143],[11.72,55.147]]],[[[11.68,55.179],[11.672,55.179],[11.664,55.172],[11.653,55.178],[11.647,55.176],[11.653,55.168],[11.663,55.162],[11.677,55.161],[11.695,55.151],[11.703,55.144],[11.712,55.145],[11.707,55.15],[11.697,55.151],[11.694,55.157],[11.681,55.161],[11.677,55.171],[11.68,55.179]]],[[[11.707,55.203],[11.701,55.202],[11.702,55.195],[11.693,55.189],[11.687,55.176],[11.694,55.172],[11.701,55.175],[11.719,55.173],[11.721,55.184],[11.73,55.191],[11.73,55.196],[11.718,55.198],[11.707,55.203]]]]},"properties":{"code":"370","name":"Næstved","region":"Region Sjælland"}},
{"type":"Feature","geometry":{"type":"MultiPolygon","coordinates":[[[[11.826,54.968],[11.823,54.964],[11.829,54.958],[11.824,54.945],[11.811,54.938],[11.801,54.936],[11.796,54.944],[11.783,54.955],[11.77,54.961],[11.744,54.961],[11.731,54.949],[11.74,54.947],[11.737,54.942],[11.729,54.942],[11.721,54.944],[11.707,54.93],[11.729,54.93],[11.746,54.929],[11.755,54.92],[11.755,54.912],[11.743,54.902],[11.741,54.896],[11.747,54.885],[11.755,54.884],[11.754,54.869],[11.758,54.861],[11.755,54.857],[11.769,54.854],[11.784,54.854],[11.791,54.849],[11.803,54.847],[11.807,54.843],[11.804,54.836],[11.815,54.832],[11.814,54.827],[11.806,54.817],[11.796,54.813],[11.8,54.805],[11.811,54.8],[11.831,54.797],[11.836,54.787],[11.845,54.785],[11.855,54.78],[11.862,54.773],[11.861,54.77],[11.869,54.759],[11.884,54.747],[11.875,54.741],[11.875,54.735],[11.869,54.731],[11.87,54.727],[11.882,54.725],[11.902,54.719],[11.911,54.714],[11.889,54.695],[11.878,54.689],[11.878,54.679],[11.869,54.666],[11.867,54.658],[11.873,54.645],[11.891,54.63],[11.898,54.62],[11.913,54.607],[11.921,54.594],[11.921,54.58],[11.918,54.576],[11.927,54.574],[11.961,54.563],[11.969,54.559],[11.973,54.563],[11.974,54.575],[11.969,54.602],[11.965,54.617],[11.961,54.655],[11.963,54.672],[11.974,54.696],[11.987,54.708],[12.008,54.72],[12.015,54.722],[12.025,54.731],[12.04,54.757],[12.051,54.763],[12.067,54.779],[12.08,54.787],[12.088,54.792],[12.101,54.794],[12.117,54.8],[12.128,54.809],[12.133,54.821],[12.148,54.827],[12.16,54.828],[12.165,54.835],[12.157,54.847],[12.144,54.854],[12.138,54.86],[12.129,54.865],[12.122,54.877],[12.121,54.887],[12.095,54.889],[12.091,54.891],[12.073,54.893],[12.052,54.889],[12.046,54.892],[12.03,54.892],[12.001,54.896],[11.99,54.901],[11.987,54.91],[11.982,54.914],[11.979,54.929],[11.981,54.933],[11.967,54.939],[11.952,54.94],[11.933,54.936],[11.927,54.939],[11.925,54.926],[11.918,54.92],[11.918,54.916],[11.904,54.917],[11.89,54.922],[11.884,54.933],[11.873,54.939],[11.877,54.944],[11.869,54.949],[11.869,54.953],[11.842,54.959],[11.826,54.968]]],[[[11.561,54.659],[11.582,54.657],[11.591,54.665],[11.618,54.659],[11.628,54.66],[11.631,54.663],[11.656,54.66],[11.666,54.667],[11.676,54.662],[11.688,54.665],[11.705,54.66],[11.711,54.652],[11.724,54.657],[11.722,54.664],[11.73,54.664],[11.734,54.658],[11.731,54.653],[11.737,54.651],[11.765,54.651],[11.769,54.65],[11.786,54.649],[11.799,54.643],[11.811,54.649],[11.819,54.648],[11.834,54.653],[11.822,54.66],[11.842,54.666],[11.839,54.671],[11.852,54.675],[11.839,54.681],[11.861,54.687],[11.86,54.692],[11.852,54.696],[11.846,54.694],[11.83,54.699],[11.816,54.705],[11.807,54.713],[11.809,54.716],[11.821,54.718],[11.815,54.723],[11.816,54.727],[11.824,54.732],[11.833,54.726],[11.847,54.727],[11.864,54.736],[11.867,54.739],[11.864,54.751],[11.858,54.756],[11.856,54.769],[11.852,54.773],[11.834,54.78],[11.822,54.789],[11.81,54.792],[11.799,54.797],[11.795,54.801],[11.782,54.807],[11.78,54.819],[11.787,54.825],[11.79,54.832],[11.78,54.831],[11.761,54.838],[11.75,54.839],[11.744,54.845],[11.744,54.851],[11.737,54.858],[11.739,54.866],[11.748,54.872],[11.741,54.875],[11.719,54.873],[11.709,54.875],[11.684,54.886],[11.672,54.896],[11.664,54.897],[11.659,54.901],[11.65,54.903],[11.636,54.902],[11.649,54.888],[11.643,54.875],[11.644,54.869],[11.651,54.865],[11.652,54.859],[11.639,54.858],[11.621,54.85],[11.61,54.849],[11.601,54.85],[11.584,54.857],[11.575,54.852],[11.565,54.852],[11.561,54.846],[11.574,54.836],[11.584,54.834],[11.59,54.827],[11.563,54.824],[11.555,54.829],[11.548,54.829],[11.547,54.825],[11.547,54.824],[11.547,54.823],[11.547,54.822],[11.548,54.822],[11.547,54.821],[11.546,54.818],[11.545,54.816],[11.544,54.815],[11.543,54.813],[11.543,54.812],[11.542,54.811],[11.542,54.81],[11.542,54.809],[11.537,54.805],[11.537,54.804],[11.537,54.803],[11.538,54.801],[11.543,54.801],[11.543,54.8],[11.543,54.792],[11.552,54.79],[11.553,54.789],[11.553,54.788],[11.554,54.787],[11.547,54.776],[11.541,54.774],[11.547,54.767],[11.545,54.759],[11.534,54.759],[11.541,54.753],[11.546,54.756],[11.561,54.756],[11.574,54.744],[11.579,54.741],[11.579,54.739],[11.578,54.734],[11.578,54.733],[11.577,54.733],[11.577,54.732],[11.578,54.731],[11.576,54.728],[11.57,54.724],[11.572,54.715],[11.574,54.71],[11.571,54.707],[11.573,54.707],[11.572,54.706],[11.571,54.706],[11.569,54.7],[11.569,54.699],[11.569,54.698],[11.569,54.697],[11.569,54.696],[11.57,54.695],[11.569,54.694],[11.567,54.694],[11.565,54.691],[11.565,54.69],[11.565,54.689],[11.564,54.689],[11.564,54.688],[11.564,54.687],[11.563,54.687],[11.562,54.686],[11.562,54.685],[11.561,54.685],[11.56,54.684],[11.559,54.683],[11.558,54.683],[11.555,54.68],[11.554,54.68],[11.555,54.679],[11.554,54.675],[11.554,54.674],[11.553,54.674],[11.553,54.673],[11.554,54.673],[11.555,54.673],[11.557,54.672],[11.56,54.672],[11.561,54.672],[11.562,54.672],[11.565,54.671],[11.565,54.67],[11.566,54.67],[11.567,54.67],[11.566,54.669],[11.565,54.668],[11.561,54.66],[11.561,54.659]]]]},"properties":{"code":"376","name":"Guldborgsund","region":"Region Sjælland"}},
{"type":"Feature","geometry":{"type":"MultiPolygon","coordinates":[[[[11.816,55.131],[11.806,55.129],[11.794,55.132],[11.779,55.133],[11.767,55.128],[11.765,55.121],[11.759,55.119],[11.749,55.121],[11.729,55.122],[11.719,55.124],[11.72,55.113],[11.73,55.106],[11.741,55.094],[11.758,55.091],[11.751,55.083],[11.761,55.077],[11.77,55.08],[11.769,55.085],[11.787,55.079],[11.799,55.077],[11.809,55.072],[11.812,55.065],[11.831,55.052],[11.832,55.045],[11.827,55.042],[11.816,55.043],[11.799,55.05],[11.772,55.057],[11.765,55.06],[11.747,55.064],[11.737,55.064],[11.708,55.068],[11.686,55.073],[11.678,55.073],[11.633,55.083],[11.636,55.078],[11.648,55.078],[11.658,55.074],[11.672,55.074],[11.702,55.063],[11.72,55.059],[11.73,55.055],[11.767,55.05],[11.777,55.047],[11.816,55.035],[11.829,55.024],[11.849,55.017],[11.866,55.007],[11.885,55.002],[11.896,54.995],[11.906,54.993],[11.915,54.996],[11.925,55.001],[11.954,54.996],[11.961,54.986],[11.978,54.977],[11.997,54.969],[12.025,54.963],[12.05,54.963],[12.076,54.97],[12.089,54.976],[12.094,54.981],[12.104,54.984],[12.109,54.99],[12.121,54.995],[12.131,54.993],[12.147,54.996],[12.169,54.997],[12.171,55.004],[12.155,55.021],[12.152,55.026],[12.143,55.033],[12.14,55.042],[12.141,55.048],[12.128,55.048],[12.131,55.056],[12.122,55.063],[12.123,55.07],[12.126,55.074],[12.12,55.078],[12.136,55.083],[12.142,55.079],[12.149,55.079],[12.153,55.076],[12.169,55.086],[12.172,55.091],[12.17,55.097],[12.175,55.105],[12.181,55.105],[12.184,55.112],[12.171,55.119],[12.167,55.124],[12.155,55.127],[12.128,55.132],[12.127,55.127],[12.114,55.124],[12.086,55.123],[12.09,55.127],[12.086,55.13],[12.068,55.13],[12.061,55.122],[12.054,55.121],[12.046,55.126],[12.035,55.123],[12.034,55.127],[12.04,55.134],[12.036,55.141],[12.03,55.144],[12.017,55.144],[12.011,55.147],[12.009,55.146],[12.008,55.146],[12.007,55.146],[12.006,55.146],[12.005,55.146],[12.004,55.146],[12.002,55.145],[12.001,55.145],[12.001,55.146],[11.993,55.147],[11.99,55.141],[12.003,55.137],[12.003,55.133],[11.988,55.132],[11.987,55.137],[11.975,55.14],[11.975,55.141],[11.974,55.141],[11.967,55.142],[11.966,55.142],[11.966,55.141],[11.964,55.142],[11.964,55.143],[11.962,55.143],[11.961,55.143],[11.96,55.143],[11.96,55.144],[11.958,55.147],[11.957,55.148],[11.957,55.149],[11.956,55.148],[11.955,55.148],[11.954,55.148],[11.953,55.148],[11.953,55.149],[11.953,55.151],[11.953,55.152],[11.953,55.153],[11.954,55.153],[11.951,55.155],[11.95,55.154],[11.945,55.15],[11.945,55.151],[11.944,55.15],[11.943,55.15],[11.942,55.15],[11.942,55.149],[11.941,55.149],[11.948,55.14],[11.938,55.141],[11.931,55.139],[11.923,55.141],[11.909,55.148],[11.909,55.138],[11.907,55.138],[11.906,55.138],[11.904,55.138],[11.903,55.137],[11.902,55.137],[11.901,55.137],[11.9,55.137],[11.899,55.137],[11.898,55.137],[11.897,55.134],[11.882,55.127],[11.867,55.128],[11.861,55.126],[11.849,55.115],[11.831,55.124],[11.818,55.127],[11.816,55.131]]],[[[11.995,54.956],[11.985,54.955],[11.986,54.949],[11.998,54.942],[11.994,54.933],[12.002,54.922],[12.014,54.919],[12.028,54.918],[12.044,54.915],[12.073,54.908],[12.084,54.908],[12.079,54.915],[12.087,54.922],[12.085,54.929],[12.079,54.93],[12.069,54.938],[12.032,54.938],[12.021,54.933],[12.009,54.934],[11.997,54.945],[11.995,54.956]]],[[[12.104,54.961],[12.092,54.961],[12.086,54.957],[12.06,54.953],[12.073,54.948],[12.101,54.956],[12.104,54.961]]],[[[12.131,54.989],[12.124,54.986],[12.116,54.988],[12.111,54.985],[12.115,54.98],[12.102,54.973],[12.117,54.974],[12.117,54.977],[12.131,54.989]]],[[[11.872,54.995],[11.893,54.979],[11.898,54.98],[11.891,54.995],[11.881,54.999],[11.872,54.995]]],[[[12.235,55.061],[12.211,55.058],[12.198,55.049],[12.18,55.047],[12.187,55.041],[12.199,55.04],[12.209,55.035],[12.22,55.034],[12.236,55.056],[12.235,55.061]]],[[[12.264,55.06],[12.254,55.057],[12.235,55.049],[12.232,55.043],[12.238,55.037],[12.244,55.036],[12.253,55.04],[12.274,55.026],[12.282,55.017],[12.282,55.009],[12.271,54.999],[12.278,54.992],[12.281,54.984],[12.289,54.985],[12.3,54.988],[12.312,54.984],[12.345,54.988],[12.353,54.985],[12.325,54.982],[12.302,54.974],[12.299,54.97],[12.289,54.965],[12.272,54.965],[12.279,54.975],[12.281,54.982],[12.273,54.984],[12.26,54.982],[12.255,54.978],[12.228,54.974],[12.214,54.969],[12.204,54.968],[12.203,54.977],[12.197,54.981],[12.179,54.985],[12.169,54.986],[12.17,54.98],[12.184,54.971],[12.173,54.968],[12.163,54.972],[12.145,54.968],[12.126,54.958],[12.12,54.957],[12.124,54.951],[12.132,54.946],[12.147,54.942],[12.138,54.938],[12.119,54.933],[12.11,54.917],[12.116,54.916],[12.122,54.909],[12.107,54.906],[12.111,54.902],[12.133,54.903],[12.142,54.899],[12.142,54.896],[12.124,54.897],[12.135,54.89],[12.143,54.881],[12.161,54.881],[12.18,54.878],[12.21,54.883],[12.233,54.898],[12.245,54.912],[12.264,54.923],[12.284,54.939],[12.323,54.956],[12.346,54.962],[12.361,54.965],[12.385,54.965],[12.434,54.961],[12.461,54.956],[12.467,54.952],[12.48,54.95],[12.494,54.946],[12.509,54.943],[12.525,54.944],[12.541,54.946],[12.552,54.958],[12.553,54.965],[12.547,54.981],[12.542,54.988],[12.538,54.99],[12.522,55.008],[12.503,55.013],[12.483,55.016],[12.462,55.023],[12.437,55.024],[12.419,55.022],[12.388,55.027],[12.36,55.026],[12.345,55.028],[12.328,55.027],[12.315,55.028],[12.289,55.035],[12.28,55.043],[12.273,55.056],[12.264,55.06]]],[[[12.247,55.087],[12.261,55.082],[12.256,55.078],[12.266,55.071],[12.27,55.076],[12.26,55.084],[12.247,55.087]]]]},"properties":{"code":"390","name":"Vordingborg","region":"Region Sjælland"}},
{"type":"Feature","geometry":{"type":"Polygon","coordinates":[[[14.773,55.299],[14.764,55.296],[14.76,55.291],[14.751,55.287],[14.757,55.278],[14.753,55.269],[14.74,55.252],[14.723,55.238],[14.711,55.222],[14.706,55.212],[14.706,55.206],[14.701,55.196],[14.704,55.187],[14.7,55.182],[14.705,55.174],[14.706,55.165],[14.704,55.161],[14.708,55.135],[14.707,55.13],[14.699,55.122],[14.703,55.114],[14.699,55.106],[14.694,55.103],[14.698,55.096],[14.691,55.09],[14.701,55.088],[14.711,55.081],[14.722,55.08],[14.728,55.077],[14.738,55.067],[14.765,55.058],[14.777,55.052],[14.794,55.054],[14.81,55.05],[14.815,55.047],[14.832,55.041],[14.841,55.043],[14.863,55.038],[14.887,55.031],[14.902,55.023],[14.913,55.021],[14.925,55.014],[14.931,55.016],[14.964,55.004],[14.971,55.004],[14.984,55],[14.992,55],[15.023,54.995],[15.045,54.994],[15.077,54.987],[15.089,54.993],[15.109,55.01],[15.12,55.014],[15.117,55.02],[15.122,55.026],[15.112,55.033],[15.109,55.039],[15.125,55.048],[15.124,55.052],[15.136,55.058],[15.138,55.068],[15.156,55.08],[15.156,55.092],[15.149,55.097],[15.145,55.108],[15.147,55.12],[15.156,55.124],[15.154,55.133],[15.146,55.134],[15.145,55.141],[15.138,55.144],[15.117,55.144],[15.107,55.148],[15.089,55.151],[15.066,55.16],[15.062,55.16],[15.039,55.173],[15.028,55.175],[15.005,55.187],[14.989,55.194],[14.988,55.198],[14.976,55.212],[14.969,55.215],[14.961,55.214],[14.945,55.209],[14.936,55.212],[14.928,55.217],[14.884,55.229],[14.875,55.237],[14.866,55.241],[14.852,55.243],[14.842,55.247],[14.825,55.253],[14.816,55.26],[14.814,55.268],[14.797,55.281],[14.796,55.284],[14.777,55.291],[14.779,55.295],[14.773,55.299]]]},"properties":{"code":"400","name":"Bornholm","region":"Region Hovedstaden"}},
{"type":"Feature","geometry":{"type":"MultiPolygon","coordinates":[[[[9.981,55.53],[9.951,55.516],[9.934,55.511],[9.918,55.509],[9.893,55.51],[9.876,55.511],[9.862,55.515],[9.849,55.525],[9.852,55.543],[9.846,55.552],[9.835,55.555],[9.807,55.552],[9.789,55.544],[9.778,55.543],[9.767,55.544],[9.757,55.542],[9.767,55.536],[9.77,55.531],[9.766,55.523],[9.757,55.517],[9.753,55.509],[9.738,55.505],[9.721,55.509],[9.697,55.518],[9.684,55.519],[9.677,55.514],[9.681,55.507],[9.697,55.501],[9.702,55.495],[9.726,55.494],[9.73,55.492],[9.735,55.48],[9.742,55.473],[9.759,55.467],[9.77,55.467],[9.776,55.47],[9.792,55.459],[9.778,55.462],[9.783,55.455],[9.803,55.452],[9.807,55.444],[9.82,55.441],[9.824,55.434],[9.813,55.433],[9.784,55.44],[9.768,55.446],[9.766,55.451],[9.749,55.457],[9.742,55.461],[9.727,55.467],[9.717,55.468],[9.725,55.46],[9.746,55.447],[9.747,55.443],[9.741,55.439],[9.744,55.435],[9.771,55.432],[9.783,55.433],[9.799,55.431],[9.826,55.424],[9.828,55.417],[9.816,55.412],[9.799,55.416],[9.794,55.411],[9.811,55.408],[9.82,55.405],[9.83,55.396],[9.838,55.394],[9.841,55.389],[9.839,55.384],[9.832,55.38],[9.812,55.376],[9.787,55.374],[9.785,55.365],[9.829,55.352],[9.84,55.351],[9.867,55.35],[9.874,55.351],[9.881,55.344],[9.889,55.343],[9.898,55.339],[9.909,55.344],[9.91,55.348],[9.922,55.354],[9.932,55.358],[9.932,55.363],[9.938,55.372],[9.945,55.373],[9.942,55.38],[9.948,55.383],[9.975,55.377],[9.976,55.378],[9.977,55.379],[9.979,55.383],[9.986,55.382],[9.987,55.382],[9.99,55.383],[9.993,55.383],[9.994,55.384],[9.995,55.385],[9.996,55.385],[9.998,55.386],[10.004,55.388],[10.004,55.391],[10.003,55.394],[10.001,55.396],[10.003,55.397],[10.004,55.401],[10.003,55.402],[10.004,55.403],[10.003,55.404],[10.002,55.404],[10.002,55.405],[10.001,55.405],[10,55.405],[9.997,55.406],[9.995,55.406],[9.995,55.407],[9.995,55.408],[9.994,55.409],[9.993,55.41],[9.993,55.411],[9.993,55.412],[9.993,55.413],[9.995,55.415],[9.995,55.416],[9.996,55.416],[9.996,55.421],[9.995,55.422],[9.994,55.422],[9.993,55.423],[9.992,55.423],[9.991,55.423],[9.989,55.424],[9.99,55.424],[9.99,55.425],[9.99,55.426],[9.989,55.427],[9.987,55.43],[9.987,55.431],[9.989,55.431],[10.009,55.425],[10.015,55.428],[10.022,55.424],[10.036,55.422],[10.039,55.426],[10.068,55.432],[10.09,55.432],[10.09,55.433],[10.087,55.434],[10.086,55.435],[10.083,55.437],[10.079,55.438],[10.078,55.438],[10.077,55.438],[10.077,55.439],[10.078,55.439],[10.079,55.439],[10.079,55.44],[10.079,55.441],[10.079,55.442],[10.078,55.442],[10.076,55.444],[10.075,55.446],[10.072,55.446],[10.069,55.447],[10.069,55.448],[10.07,55.449],[10.069,55.451],[10.068,55.452],[10.067,55.455],[10.066,55.457],[10.066,55.458],[10.065,55.459],[10.064,55.459],[10.063,55.461],[10.062,55.461],[10.062,55.462],[10.061,55.462],[10.06,55.463],[10.059,55.464],[10.057,55.466],[10.056,55.466],[10.053,55.47],[10.052,55.471],[10.051,55.472],[10.05,55.473],[10.05,55.474],[10.049,55.476],[10.047,55.477],[10.047,55.478],[10.046,55.478],[10.045,55.479],[10.043,55.481],[10.041,55.48],[10.039,55.481],[10.038,55.481],[10.037,55.481],[10.036,55.481],[10.035,55.481],[10.033,55.482],[10.033,55.483],[10.032,55.483],[10.032,55.484],[10.029,55.484],[10.038,55.49],[10.029,55.497],[10.03,55.5],[10.03,55.501],[10.03,55.504],[10.029,55.504],[10.022,55.505],[10.021,55.505],[10.02,55.505],[10.019,55.505],[10.018,55.505],[10.017,55.505],[10.014,55.506],[10.013,55.506],[10.012,55.506],[10.012,55.507],[10.011,55.507],[10.01,55.507],[10.009,55.507],[10.008,55.507],[10.007,55.507],[10.007,55.508],[10.006,55.508],[10.002,55.509],[10.001,55.509],[10.001,55.51],[9.998,55.511],[9.997,55.512],[9.995,55.513],[9.994,55.513],[9.994,55.514],[9.993,55.514],[9.992,55.514],[9.991,55.514],[9.991,55.515],[9.99,55.515],[9.989,55.515],[9.989,55.516],[9.988,55.516],[9.987,55.516],[9.986,55.516],[9.985,55.516],[9.985,55.517],[9.984,55.517],[9.985,55.518],[9.984,55.518],[9.984,55.519],[9.984,55.521],[9.985,55.521],[9.984,55.521],[9.984,55.522],[9.985,55.522],[9.986,55.522],[9.986,55.523],[9.986,55.524],[9.987,55.524],[9.987,55.525],[9.986,55.525],[9.985,55.525],[9.984,55.526],[9.981,55.53]]],[[[9.704,55.365],[9.697,55.363],[9.687,55.356],[9.697,55.352],[9.704,55.351],[9.721,55.357],[9.715,55.362],[9.704,55.365]]],[[[9.681,55.501],[9.676,55.491],[9.686,55.483],[9.688,55.477],[9.701,55.475],[9.716,55.479],[9.715,55.485],[9.704,55.486],[9.692,55.498],[9.681,55.501]]]]},"properties":{"code":"410","name":"Middelfart","region":"Region Syddanmark"}},
{"type":"Feature","geometry":{"type":"Polygon","coordinates":[[[15.188,55.317],[15.191,55.322],[15.187,55.323],[15.188,55.317]]]},"properties":{"code":"411","name":"Christiansø","region":"Region Hovedstaden"}},
{"type":"Feature","geometry":{"type":"MultiPolygon","coordinates":[[[[9.82,55.327],[9.811,55.323],[9.796,55.325],[9.79,55.316],[9.796,55.308],[9.795,55.298],[9.826,55.3],[9.83,55.31],[9.827,55.322],[9.82,55.327]]],[[[9.898,55.339],[9.895,55.335],[9.878,55.339],[9.877,55.332],[9.888,55.32],[9.893,55.305],[9.891,55.299],[9.89,55.269],[9.881,55.266],[9.885,55.259],[9.897,55.255],[9.898,55.25],[9.892,55.245],[9.881,55.25],[9.872,55.25],[9.878,55.244],[9.885,55.245],[9.909,55.236],[9.921,55.229],[9.928,55.219],[9.965,55.219],[9.979,55.213],[9.988,55.201],[9.984,55.187],[9.985,55.174],[9.982,55.167],[9.99,55.156],[9.99,55.146],[9.987,55.141],[9.977,55.135],[9.978,55.133],[10.005,55.123],[10.025,55.121],[10.034,55.124],[10.043,55.13],[10.041,55.134],[10.025,55.15],[10.018,55.154],[10.012,55.16],[9.997,55.166],[9.986,55.177],[9.985,55.188],[9.993,55.185],[10.002,55.186],[10.003,55.19],[9.994,55.197],[10,55.201],[10.018,55.195],[10.022,55.181],[10.031,55.181],[10.054,55.176],[10.081,55.176],[10.088,55.177],[10.094,55.185],[10.11,55.19],[10.118,55.184],[10.12,55.176],[10.133,55.166],[10.134,55.161],[10.144,55.164],[10.153,55.164],[10.153,55.165],[10.152,55.165],[10.152,55.166],[10.152,55.168],[10.151,55.17],[10.15,55.17],[10.149,55.171],[10.149,55.172],[10.149,55.173],[10.15,55.173],[10.15,55.174],[10.154,55.175],[10.156,55.174],[10.159,55.173],[10.16,55.172],[10.162,55.173],[10.163,55.172],[10.164,55.172],[10.165,55.172],[10.166,55.172],[10.169,55.171],[10.17,55.171],[10.172,55.172],[10.172,55.173],[10.174,55.175],[10.175,55.175],[10.174,55.177],[10.173,55.177],[10.174,55.177],[10.175,55.179],[10.176,55.18],[10.176,55.181],[10.177,55.181],[10.178,55.181],[10.18,55.181],[10.183,55.183],[10.183,55.184],[10.185,55.185],[10.186,55.185],[10.187,55.186],[10.192,55.19],[10.196,55.193],[10.197,55.193],[10.199,55.194],[10.2,55.194],[10.204,55.195],[10.205,55.195],[10.207,55.198],[10.208,55.198],[10.208,55.202],[10.208,55.204],[10.208,55.205],[10.207,55.205],[10.208,55.205],[10.21,55.205],[10.214,55.21],[10.218,55.212],[10.219,55.212],[10.219,55.213],[10.22,55.213],[10.223,55.213],[10.224,55.213],[10.225,55.213],[10.225,55.214],[10.225,55.215],[10.224,55.216],[10.224,55.219],[10.223,55.221],[10.221,55.221],[10.216,55.219],[10.215,55.22],[10.213,55.219],[10.212,55.219],[10.21,55.219],[10.209,55.219],[10.208,55.219],[10.206,55.219],[10.198,55.219],[10.196,55.22],[10.191,55.225],[10.19,55.226],[10.191,55.229],[10.191,55.23],[10.191,55.231],[10.188,55.232],[10.186,55.233],[10.184,55.233],[10.183,55.233],[10.183,55.234],[10.182,55.233],[10.179,55.233],[10.179,55.232],[10.174,55.234],[10.173,55.235],[10.172,55.236],[10.172,55.237],[10.172,55.238],[10.172,55.242],[10.173,55.243],[10.173,55.246],[10.172,55.246],[10.172,55.247],[10.172,55.248],[10.173,55.248],[10.172,55.248],[10.172,55.252],[10.173,55.254],[10.175,55.26],[10.174,55.26],[10.174,55.261],[10.174,55.262],[10.174,55.263],[10.175,55.263],[10.175,55.264],[10.176,55.264],[10.176,55.265],[10.181,55.265],[10.182,55.265],[10.182,55.266],[10.183,55.266],[10.184,55.267],[10.185,55.267],[10.193,55.268],[10.195,55.269],[10.195,55.27],[10.196,55.269],[10.197,55.269],[10.201,55.27],[10.202,55.27],[10.203,55.27],[10.206,55.272],[10.207,55.272],[10.214,55.271],[10.215,55.271],[10.216,55.27],[10.217,55.27],[10.221,55.272],[10.222,55.272],[10.223,55.273],[10.224,55.273],[10.226,55.272],[10.227,55.272],[10.232,55.273],[10.236,55.273],[10.238,55.273],[10.24,55.275],[10.239,55.275],[10.24,55.277],[10.241,55.277],[10.242,55.277],[10.244,55.278],[10.246,55.279],[10.246,55.28],[10.246,55.281],[10.246,55.282],[10.247,55.283],[10.248,55.283],[10.249,55.283],[10.25,55.283],[10.251,55.284],[10.253,55.285],[10.252,55.285],[10.252,55.286],[10.253,55.287],[10.253,55.288],[10.253,55.289],[10.254,55.289],[10.255,55.29],[10.256,55.29],[10.256,55.291],[10.258,55.291],[10.258,55.292],[10.259,55.292],[10.261,55.292],[10.26,55.292],[10.26,55.293],[10.262,55.293],[10.263,55.292],[10.268,55.292],[10.27,55.294],[10.272,55.295],[10.279,55.298],[10.286,55.3],[10.285,55.305],[10.294,55.313],[10.288,55.315],[10.279,55.313],[10.261,55.315],[10.263,55.321],[10.257,55.326],[10.264,55.332],[10.264,55.337],[10.26,55.341],[10.259,55.348],[10.25,55.354],[10.238,55.358],[10.231,55.353],[10.218,55.359],[10.212,55.367],[10.197,55.364],[10.187,55.365],[10.183,55.367],[10.183,55.368],[10.183,55.369],[10.187,55.374],[10.188,55.374],[10.189,55.374],[10.189,55.375],[10.19,55.375],[10.197,55.381],[10.197,55.382],[10.197,55.383],[10.197,55.384],[10.197,55.388],[10.197,55.389],[10.198,55.389],[10.198,55.39],[10.197,55.393],[10.198,55.394],[10.204,55.4],[10.204,55.401],[10.205,55.401],[10.205,55.402],[10.205,55.403],[10.205,55.404],[10.206,55.404],[10.204,55.405],[10.203,55.405],[10.203,55.406],[10.202,55.406],[10.2,55.406],[10.199,55.406],[10.199,55.407],[10.198,55.406],[10.197,55.406],[10.196,55.406],[10.194,55.406],[10.192,55.406],[10.179,55.41],[10.178,55.41],[10.178,55.411],[10.177,55.411],[10.176,55.411],[10.175,55.411],[10.173,55.412],[10.172,55.412],[10.171,55.412],[10.17,55.412],[10.169,55.413],[10.168,55.413],[10.163,55.415],[10.162,55.415],[10.161,55.415],[10.16,55.416],[10.159,55.416],[10.158,55.416],[10.157,55.417],[10.156,55.417],[10.155,55.417],[10.154,55.418],[10.152,55.418],[10.151,55.418],[10.15,55.418],[10.15,55.419],[10.149,55.419],[10.148,55.419],[10.147,55.419],[10.146,55.419],[10.145,55.42],[10.144,55.42],[10.143,55.42],[10.143,55.422],[10.142,55.422],[10.142,55.423],[10.141,55.423],[10.14,55.424],[10.14,55.425],[10.139,55.425],[10.138,55.425],[10.137,55.426],[10.136,55.426],[10.135,55.426],[10.134,55.426],[10.133,55.426],[10.132,55.426],[10.131,55.426],[10.13,55.426],[10.129,55.426],[10.128,55.425],[10.128,55.424],[10.126,55.424],[10.126,55.425],[10.125,55.425],[10.124,55.425],[10.12,55.425],[10.12,55.426],[10.118,55.426],[10.117,55.426],[10.116,55.426],[10.115,55.426],[10.114,55.426],[10.113,55.427],[10.111,55.427],[10.11,55.427],[10.109,55.427],[10.108,55.427],[10.106,55.427],[10.104,55.427],[10.102,55.427],[10.102,55.428],[10.101,55.428],[10.1,55.428],[10.099,55.429],[10.097,55.43],[10.096,55.43],[10.096,55.431],[10.095,55.431],[10.094,55.431],[10.093,55.432],[10.092,55.432],[10.091,55.432],[10.09,55.432],[10.068,55.432],[10.039,55.426],[10.036,55.422],[10.022,55.424],[10.015,55.428],[10.009,55.425],[9.989,55.431],[9.987,55.431],[9.987,55.43],[9.989,55.427],[9.99,55.426],[9.99,55.425],[9.99,55.424],[9.989,55.424],[9.991,55.423],[9.992,55.423],[9.993,55.423],[9.994,55.422],[9.995,55.422],[9.996,55.421],[9.996,55.416],[9.995,55.416],[9.995,55.415],[9.993,55.413],[9.993,55.412],[9.993,55.411],[9.993,55.41],[9.994,55.409],[9.995,55.408],[9.995,55.407],[9.995,55.406],[9.997,55.406],[10,55.405],[10.001,55.405],[10.002,55.405],[10.002,55.404],[10.003,55.404],[10.004,55.403],[10.003,55.402],[10.004,55.401],[10.003,55.397],[10.001,55.396],[10.003,55.394],[10.004,55.391],[10.004,55.388],[9.998,55.386],[9.996,55.385],[9.995,55.385],[9.994,55.384],[9.993,55.383],[9.99,55.383],[9.987,55.382],[9.986,55.382],[9.979,55.383],[9.977,55.379],[9.976,55.378],[9.975,55.377],[9.948,55.383],[9.942,55.38],[9.945,55.373],[9.938,55.372],[9.932,55.363],[9.932,55.358],[9.922,55.354],[9.91,55.348],[9.909,55.344],[9.898,55.339]]]]},"properties":{"code":"420","name":"Assens","region":"Region Syddanmark"}},
{"type":"Feature","geometry":{"type":"MultiPolygon","coordinates":[[[[10.134,55.161],[10.134,55.155],[10.142,55.154],[10.149,55.147],[10.158,55.141],[10.164,55.132],[10.174,55.129],[10.16,55.123],[10.152,55.123],[10.135,55.118],[10.116,55.117],[10.111,55.112],[10.101,55.105],[10.089,55.109],[10.082,55.106],[10.081,55.099],[10.07,55.086],[10.072,55.078],[10.08,55.076],[10.13,55.09],[10.16,55.08],[10.172,55.078],[10.185,55.079],[10.196,55.071],[10.2,55.062],[10.206,55.059],[10.214,55.061],[10.215,55.071],[10.225,55.073],[10.23,55.078],[10.223,55.088],[10.209,55.094],[10.23,55.101],[10.242,55.093],[10.263,55.085],[10.276,55.084],[10.285,55.079],[10.285,55.076],[10.295,55.072],[10.298,55.066],[10.32,55.062],[10.32,55.054],[10.332,55.052],[10.34,55.054],[10.355,55.051],[10.361,55.053],[10.37,55.059],[10.374,55.065],[10.382,55.059],[10.384,55.06],[10.386,55.06],[10.386,55.061],[10.388,55.062],[10.389,55.064],[10.389,55.065],[10.394,55.065],[10.395,55.065],[10.397,55.067],[10.396,55.067],[10.395,55.068],[10.394,55.068],[10.394,55.069],[10.392,55.069],[10.391,55.069],[10.39,55.069],[10.389,55.07],[10.388,55.07],[10.388,55.071],[10.386,55.07],[10.386,55.071],[10.391,55.075],[10.392,55.075],[10.393,55.075],[10.394,55.079],[10.395,55.08],[10.395,55.081],[10.393,55.081],[10.392,55.082],[10.393,55.082],[10.394,55.083],[10.393,55.084],[10.394,55.084],[10.394,55.085],[10.395,55.085],[10.395,55.086],[10.396,55.087],[10.401,55.089],[10.402,55.089],[10.403,55.09],[10.404,55.09],[10.405,55.09],[10.405,55.089],[10.406,55.089],[10.407,55.09],[10.408,55.09],[10.407,55.09],[10.407,55.091],[10.407,55.092],[10.406,55.092],[10.405,55.092],[10.404,55.092],[10.403,55.093],[10.402,55.093],[10.401,55.095],[10.402,55.097],[10.401,55.097],[10.401,55.098],[10.4,55.098],[10.4,55.1],[10.399,55.1],[10.398,55.1],[10.397,55.1],[10.396,55.101],[10.395,55.102],[10.394,55.102],[10.394,55.103],[10.393,55.105],[10.394,55.105],[10.394,55.106],[10.396,55.11],[10.397,55.111],[10.398,55.111],[10.4,55.112],[10.403,55.114],[10.405,55.115],[10.405,55.116],[10.405,55.115],[10.409,55.116],[10.41,55.119],[10.41,55.12],[10.412,55.124],[10.411,55.124],[10.411,55.125],[10.413,55.129],[10.416,55.131],[10.417,55.131],[10.421,55.133],[10.423,55.134],[10.425,55.135],[10.424,55.136],[10.425,55.136],[10.426,55.136],[10.426,55.137],[10.425,55.138],[10.426,55.138],[10.426,55.139],[10.429,55.139],[10.43,55.139],[10.441,55.138],[10.442,55.138],[10.445,55.138],[10.447,55.14],[10.448,55.141],[10.449,55.142],[10.449,55.143],[10.455,55.15],[10.456,55.15],[10.464,55.152],[10.465,55.152],[10.467,55.153],[10.468,55.153],[10.469,55.153],[10.471,55.153],[10.471,55.155],[10.471,55.157],[10.47,55.158],[10.471,55.158],[10.471,55.159],[10.472,55.159],[10.474,55.159],[10.475,55.159],[10.478,55.159],[10.479,55.159],[10.482,55.16],[10.485,55.161],[10.486,55.161],[10.487,55.161],[10.488,55.161],[10.5,55.159],[10.501,55.159],[10.502,55.159],[10.503,55.158],[10.504,55.158],[10.505,55.158],[10.506,55.157],[10.507,55.157],[10.508,55.157],[10.509,55.157],[10.51,55.157],[10.513,55.158],[10.514,55.158],[10.515,55.158],[10.519,55.158],[10.519,55.159],[10.522,55.162],[10.524,55.164],[10.528,55.166],[10.529,55.166],[10.53,55.165],[10.533,55.166],[10.534,55.166],[10.535,55.165],[10.536,55.165],[10.539,55.165],[10.543,55.164],[10.544,55.164],[10.545,55.164],[10.546,55.164],[10.549,55.163],[10.55,55.163],[10.55,55.162],[10.55,55.161],[10.55,55.16],[10.55,55.158],[10.55,55.157],[10.551,55.155],[10.552,55.155],[10.554,55.162],[10.565,55.161],[10.567,55.158],[10.569,55.157],[10.57,55.157],[10.573,55.157],[10.574,55.157],[10.577,55.158],[10.577,55.16],[10.581,55.159],[10.582,55.159],[10.585,55.159],[10.59,55.158],[10.591,55.158],[10.593,55.16],[10.593,55.161],[10.592,55.162],[10.593,55.163],[10.592,55.163],[10.593,55.165],[10.593,55.166],[10.593,55.167],[10.597,55.178],[10.603,55.179],[10.605,55.179],[10.608,55.181],[10.609,55.182],[10.614,55.176],[10.615,55.176],[10.62,55.177],[10.624,55.183],[10.624,55.184],[10.623,55.184],[10.619,55.194],[10.62,55.195],[10.621,55.195],[10.634,55.192],[10.637,55.191],[10.638,55.191],[10.64,55.191],[10.641,55.191],[10.647,55.19],[10.648,55.19],[10.649,55.19],[10.649,55.191],[10.651,55.191],[10.652,55.192],[10.651,55.199],[10.646,55.204],[10.662,55.217],[10.649,55.23],[10.649,55.234],[10.637,55.234],[10.624,55.231],[10.6,55.232],[10.595,55.234],[10.58,55.236],[10.571,55.241],[10.55,55.248],[10.535,55.252],[10.532,55.257],[10.538,55.261],[10.551,55.258],[10.557,55.26],[10.563,55.267],[10.577,55.269],[10.588,55.275],[10.584,55.281],[10.588,55.284],[10.587,55.295],[10.614,55.301],[10.606,55.313],[10.609,55.316],[10.605,55.323],[10.605,55.324],[10.609,55.329],[10.608,55.329],[10.607,55.329],[10.606,55.33],[10.605,55.33],[10.602,55.331],[10.601,55.331],[10.602,55.332],[10.601,55.331],[10.599,55.332],[10.598,55.332],[10.597,55.333],[10.594,55.334],[10.593,55.334],[10.592,55.335],[10.588,55.336],[10.587,55.336],[10.586,55.337],[10.585,55.337],[10.584,55.337],[10.583,55.337],[10.583,55.338],[10.582,55.338],[10.583,55.34],[10.584,55.341],[10.583,55.341],[10.578,55.343],[10.577,55.343],[10.576,55.343],[10.576,55.342],[10.575,55.341],[10.574,55.34],[10.574,55.339],[10.574,55.338],[10.572,55.337],[10.571,55.337],[10.57,55.336],[10.57,55.335],[10.569,55.335],[10.569,55.334],[10.568,55.334],[10.567,55.333],[10.566,55.333],[10.566,55.332],[10.563,55.33],[10.562,55.33],[10.561,55.329],[10.555,55.325],[10.554,55.324],[10.549,55.323],[10.547,55.323],[10.526,55.324],[10.515,55.321],[10.514,55.321],[10.496,55.323],[10.495,55.323],[10.489,55.323],[10.485,55.322],[10.482,55.322],[10.482,55.321],[10.466,55.319],[10.465,55.318],[10.464,55.318],[10.463,55.318],[10.462,55.318],[10.46,55.312],[10.458,55.311],[10.457,55.311],[10.456,55.311],[10.455,55.311],[10.454,55.31],[10.444,55.309],[10.443,55.309],[10.436,55.309],[10.434,55.309],[10.433,55.309],[10.432,55.31],[10.431,55.31],[10.422,55.312],[10.422,55.313],[10.423,55.315],[10.417,55.323],[10.417,55.324],[10.416,55.324],[10.415,55.325],[10.411,55.326],[10.411,55.327],[10.41,55.327],[10.409,55.328],[10.41,55.329],[10.412,55.329],[10.413,55.33],[10.413,55.331],[10.411,55.332],[10.41,55.332],[10.411,55.333],[10.41,55.333],[10.402,55.332],[10.401,55.331],[10.399,55.331],[10.398,55.33],[10.395,55.329],[10.394,55.329],[10.392,55.329],[10.391,55.328],[10.39,55.328],[10.388,55.327],[10.381,55.326],[10.366,55.324],[10.364,55.323],[10.363,55.323],[10.358,55.322],[10.357,55.322],[10.355,55.322],[10.351,55.32],[10.347,55.319],[10.347,55.318],[10.346,55.318],[10.346,55.317],[10.344,55.315],[10.343,55.313],[10.342,55.313],[10.341,55.314],[10.339,55.313],[10.338,55.31],[10.337,55.309],[10.336,55.309],[10.335,55.309],[10.335,55.308],[10.334,55.308],[10.334,55.307],[10.335,55.307],[10.335,55.306],[10.336,55.306],[10.339,55.302],[10.349,55.298],[10.349,55.297],[10.348,55.296],[10.348,55.295],[10.348,55.294],[10.345,55.293],[10.344,55.292],[10.336,55.292],[10.327,55.292],[10.326,55.292],[10.324,55.292],[10.323,55.292],[10.322,55.292],[10.321,55.292],[10.31,55.291],[10.309,55.291],[10.306,55.29],[10.3,55.288],[10.288,55.291],[10.286,55.291],[10.286,55.294],[10.286,55.295],[10.281,55.296],[10.281,55.297],[10.28,55.297],[10.279,55.298],[10.272,55.295],[10.27,55.294],[10.268,55.292],[10.263,55.292],[10.262,55.293],[10.26,55.293],[10.26,55.292],[10.261,55.292],[10.259,55.292],[10.258,55.292],[10.258,55.291],[10.256,55.291],[10.256,55.29],[10.255,55.29],[10.254,55.289],[10.253,55.289],[10.253,55.288],[10.253,55.287],[10.252,55.286],[10.252,55.285],[10.253,55.285],[10.251,55.284],[10.25,55.283],[10.249,55.283],[10.248,55.283],[10.247,55.283],[10.246,55.282],[10.246,55.281],[10.246,55.28],[10.246,55.279],[10.244,55.278],[10.242,55.277],[10.241,55.277],[10.24,55.277],[10.239,55.275],[10.24,55.275],[10.238,55.273],[10.236,55.273],[10.232,55.273],[10.227,55.272],[10.226,55.272],[10.224,55.273],[10.223,55.273],[10.222,55.272],[10.221,55.272],[10.217,55.27],[10.216,55.27],[10.215,55.271],[10.214,55.271],[10.207,55.272],[10.206,55.272],[10.203,55.27],[10.202,55.27],[10.201,55.27],[10.197,55.269],[10.196,55.269],[10.195,55.27],[10.195,55.269],[10.193,55.268],[10.185,55.267],[10.184,55.267],[10.183,55.266],[10.182,55.266],[10.182,55.265],[10.181,55.265],[10.176,55.265],[10.176,55.264],[10.175,55.264],[10.175,55.263],[10.174,55.263],[10.174,55.262],[10.174,55.261],[10.174,55.26],[10.175,55.26],[10.173,55.254],[10.172,55.252],[10.172,55.248],[10.173,55.248],[10.172,55.248],[10.172,55.247],[10.172,55.246],[10.173,55.246],[10.173,55.243],[10.172,55.242],[10.172,55.238],[10.172,55.237],[10.172,55.236],[10.173,55.235],[10.174,55.234],[10.179,55.232],[10.179,55.233],[10.182,55.233],[10.183,55.234],[10.183,55.233],[10.184,55.233],[10.186,55.233],[10.188,55.232],[10.191,55.231],[10.191,55.23],[10.191,55.229],[10.19,55.226],[10.191,55.225],[10.196,55.22],[10.198,55.219],[10.206,55.219],[10.208,55.219],[10.209,55.219],[10.21,55.219],[10.212,55.219],[10.213,55.219],[10.215,55.22],[10.216,55.219],[10.221,55.221],[10.223,55.221],[10.224,55.219],[10.224,55.216],[10.225,55.215],[10.225,55.214],[10.225,55.213],[10.224,55.213],[10.223,55.213],[10.22,55.213],[10.219,55.213],[10.219,55.212],[10.218,55.212],[10.214,55.21],[10.21,55.205],[10.208,55.205],[10.207,55.205],[10.208,55.205],[10.208,55.204],[10.208,55.202],[10.208,55.198],[10.207,55.198],[10.205,55.195],[10.204,55.195],[10.2,55.194],[10.199,55.194],[10.197,55.193],[10.196,55.193],[10.192,55.19],[10.187,55.186],[10.186,55.185],[10.185,55.185],[10.183,55.184],[10.183,55.183],[10.18,55.181],[10.178,55.181],[10.177,55.181],[10.176,55.181],[10.176,55.18],[10.175,55.179],[10.174,55.177],[10.173,55.177],[10.174,55.177],[10.175,55.175],[10.174,55.175],[10.172,55.173],[10.172,55.172],[10.17,55.171],[10.169,55.171],[10.166,55.172],[10.165,55.172],[10.164,55.172],[10.163,55.172],[10.162,55.173],[10.16,55.172],[10.159,55.173],[10.156,55.174],[10.154,55.175],[10.15,55.174],[10.15,55.173],[10.149,55.173],[10.149,55.172],[10.149,55.171],[10.15,55.17],[10.151,55.17],[10.152,55.168],[10.152,55.166],[10.152,55.165],[10.153,55.165],[10.153,55.164],[10.144,55.164],[10.134,55.161]]],[[[10.254,55.04],[10.239,55.037],[10.236,55.031],[10.249,55.022],[10.257,55.018],[10.268,55.017],[10.287,55.019],[10.295,55.018],[10.305,55.015],[10.31,55.01],[10.33,55.005],[10.341,55.005],[10.34,55.01],[10.334,55.017],[10.32,55.012],[10.314,55.013],[10.299,55.02],[10.284,55.019],[10.273,55.024],[10.268,55.031],[10.253,55.038],[10.254,55.04]]],[[[10.146,55.064],[10.142,55.064],[10.125,55.054],[10.126,55.044],[10.137,55.035],[10.147,55.032],[10.172,55.036],[10.18,55.042],[10.173,55.051],[10.167,55.049],[10.149,55.05],[10.14,55.053],[10.142,55.063],[10.146,55.064]]],[[[10.237,55.071],[10.234,55.069],[10.24,55.063],[10.256,55.056],[10.26,55.061],[10.247,55.069],[10.237,55.071]]]]},"properties":{"code":"430","name":"Faaborg-Midtfyn","region":"Region Syddanmark"}},
{"type":"Feature","geometry":{"type":"MultiPolygon","coordinates":[[[[10.605,55.323],[10.608,55.323],[10.609,55.323],[10.612,55.324],[10.614,55.324],[10.615,55.324],[10.616,55.325],[10.617,55.328],[10.615,55.329],[10.618,55.332],[10.618,55.333],[10.62,55.334],[10.621,55.334],[10.623,55.334],[10.623,55.335],[10.624,55.335],[10.625,55.335],[10.627,55.334],[10.629,55.333],[10.633,55.335],[10.633,55.336],[10.634,55.336],[10.634,55.337],[10.633,55.338],[10.634,55.338],[10.634,55.339],[10.636,55.341],[10.637,55.341],[10.636,55.342],[10.637,55.343],[10.638,55.343],[10.638,55.344],[10.645,55.345],[10.648,55.347],[10.65,55.349],[10.651,55.349],[10.652,55.349],[10.653,55.349],[10.653,55.35],[10.654,55.35],[10.653,55.35],[10.654,55.35],[10.653,55.351],[10.653,55.352],[10.653,55.353],[10.652,55.352],[10.652,55.353],[10.651,55.353],[10.65,55.353],[10.65,55.354],[10.649,55.354],[10.65,55.355],[10.649,55.355],[10.648,55.355],[10.647,55.355],[10.647,55.354],[10.646,55.354],[10.645,55.354],[10.644,55.354],[10.643,55.353],[10.643,55.354],[10.642,55.353],[10.641,55.353],[10.64,55.353],[10.639,55.352],[10.639,55.353],[10.638,55.353],[10.637,55.353],[10.636,55.353],[10.636,55.352],[10.635,55.352],[10.635,55.353],[10.634,55.353],[10.632,55.355],[10.631,55.355],[10.63,55.355],[10.629,55.355],[10.627,55.356],[10.626,55.356],[10.627,55.356],[10.625,55.356],[10.624,55.357],[10.622,55.358],[10.621,55.358],[10.62,55.358],[10.619,55.358],[10.617,55.359],[10.616,55.359],[10.615,55.359],[10.614,55.359],[10.61,55.359],[10.608,55.36],[10.607,55.36],[10.606,55.36],[10.604,55.36],[10.603,55.36],[10.603,55.361],[10.604,55.361],[10.604,55.362],[10.605,55.363],[10.607,55.368],[10.615,55.371],[10.634,55.372],[10.638,55.375],[10.639,55.375],[10.64,55.375],[10.64,55.376],[10.641,55.375],[10.642,55.374],[10.643,55.374],[10.643,55.373],[10.644,55.372],[10.645,55.372],[10.64,55.379],[10.65,55.381],[10.638,55.393],[10.64,55.394],[10.642,55.398],[10.643,55.398],[10.644,55.399],[10.645,55.4],[10.647,55.401],[10.647,55.402],[10.646,55.402],[10.646,55.403],[10.645,55.405],[10.643,55.407],[10.645,55.409],[10.645,55.41],[10.645,55.411],[10.645,55.412],[10.654,55.413],[10.655,55.413],[10.656,55.413],[10.659,55.413],[10.668,55.412],[10.675,55.411],[10.675,55.412],[10.676,55.411],[10.677,55.411],[10.678,55.411],[10.679,55.411],[10.684,55.409],[10.685,55.409],[10.685,55.41],[10.689,55.41],[10.692,55.411],[10.694,55.413],[10.696,55.415],[10.697,55.416],[10.697,55.417],[10.701,55.42],[10.701,55.424],[10.702,55.425],[10.688,55.437],[10.672,55.444],[10.666,55.45],[10.66,55.449],[10.653,55.442],[10.645,55.442],[10.639,55.438],[10.625,55.444],[10.606,55.448],[10.606,55.452],[10.596,55.456],[10.585,55.457],[10.575,55.451],[10.577,55.442],[10.583,55.428],[10.576,55.422],[10.565,55.428],[10.553,55.438],[10.547,55.44],[10.544,55.446],[10.555,55.445],[10.558,55.449],[10.554,55.454],[10.58,55.458],[10.581,55.462],[10.592,55.461],[10.607,55.456],[10.614,55.45],[10.627,55.446],[10.634,55.453],[10.648,55.451],[10.653,55.447],[10.666,55.451],[10.667,55.459],[10.674,55.465],[10.688,55.467],[10.701,55.473],[10.713,55.476],[10.725,55.473],[10.737,55.474],[10.747,55.477],[10.748,55.483],[10.742,55.488],[10.74,55.495],[10.721,55.504],[10.712,55.513],[10.704,55.526],[10.703,55.531],[10.705,55.539],[10.695,55.547],[10.683,55.553],[10.672,55.569],[10.657,55.581],[10.652,55.589],[10.63,55.607],[10.626,55.613],[10.62,55.617],[10.615,55.611],[10.606,55.611],[10.594,55.616],[10.588,55.613],[10.604,55.607],[10.616,55.608],[10.621,55.602],[10.621,55.595],[10.629,55.59],[10.628,55.585],[10.632,55.578],[10.623,55.575],[10.634,55.568],[10.627,55.558],[10.622,55.559],[10.613,55.567],[10.605,55.57],[10.606,55.559],[10.616,55.552],[10.621,55.546],[10.619,55.53],[10.628,55.526],[10.628,55.519],[10.62,55.516],[10.603,55.522],[10.596,55.53],[10.586,55.532],[10.569,55.526],[10.567,55.52],[10.57,55.517],[10.582,55.513],[10.588,55.514],[10.611,55.508],[10.62,55.505],[10.62,55.496],[10.626,55.493],[10.624,55.487],[10.614,55.479],[10.598,55.484],[10.58,55.483],[10.573,55.477],[10.56,55.475],[10.555,55.481],[10.547,55.477],[10.539,55.476],[10.53,55.467],[10.518,55.466],[10.484,55.473],[10.49,55.462],[10.498,55.453],[10.504,55.45],[10.505,55.444],[10.527,55.433],[10.53,55.426],[10.524,55.42],[10.507,55.423],[10.504,55.419],[10.493,55.422],[10.481,55.42],[10.485,55.414],[10.501,55.405],[10.498,55.401],[10.505,55.389],[10.506,55.388],[10.508,55.386],[10.509,55.385],[10.51,55.385],[10.51,55.384],[10.511,55.383],[10.513,55.382],[10.514,55.382],[10.514,55.381],[10.515,55.381],[10.516,55.38],[10.515,55.38],[10.515,55.379],[10.516,55.377],[10.517,55.377],[10.517,55.375],[10.518,55.374],[10.519,55.374],[10.519,55.375],[10.52,55.375],[10.52,55.374],[10.521,55.374],[10.522,55.373],[10.523,55.373],[10.524,55.373],[10.525,55.372],[10.527,55.371],[10.534,55.368],[10.535,55.367],[10.536,55.364],[10.537,55.362],[10.538,55.361],[10.539,55.361],[10.541,55.36],[10.542,55.36],[10.543,55.361],[10.545,55.361],[10.557,55.358],[10.555,55.356],[10.555,55.355],[10.554,55.355],[10.561,55.349],[10.575,55.345],[10.576,55.343],[10.577,55.343],[10.578,55.343],[10.583,55.341],[10.584,55.341],[10.583,55.34],[10.582,55.338],[10.583,55.338],[10.583,55.337],[10.584,55.337],[10.585,55.337],[10.586,55.337],[10.587,55.336],[10.588,55.336],[10.592,55.335],[10.593,55.334],[10.594,55.334],[10.597,55.333],[10.598,55.332],[10.599,55.332],[10.601,55.331],[10.602,55.332],[10.601,55.331],[10.602,55.331],[10.605,55.33],[10.606,55.33],[10.607,55.329],[10.608,55.329],[10.609,55.329],[10.605,55.324],[10.605,55.323]]],[[[10.789,55.518],[10.779,55.516],[10.779,55.509],[10.789,55.508],[10.8,55.511],[10.799,55.515],[10.789,55.518]]]]},"properties":{"code":"440","name":"Kerteminde","region":"Region Syddanmark"}},
{"type":"Feature","geometry":{"type":"Polygon","coordinates":[[[10.652,55.192],[10.661,55.192],[10.662,55.192],[10.667,55.191],[10.668,55.191],[10.673,55.187],[10.674,55.184],[10.685,55.183],[10.687,55.183],[10.688,55.183],[10.695,55.184],[10.695,55.18],[10.695,55.179],[10.71,55.18],[10.724,55.177],[10.732,55.173],[10.739,55.174],[10.741,55.189],[10.76,55.205],[10.761,55.205],[10.762,55.206],[10.763,55.206],[10.764,55.206],[10.765,55.206],[10.766,55.206],[10.767,55.207],[10.768,55.207],[10.769,55.207],[10.77,55.207],[10.77,55.208],[10.771,55.208],[10.772,55.208],[10.773,55.208],[10.774,55.208],[10.778,55.209],[10.779,55.213],[10.78,55.217],[10.78,55.218],[10.779,55.22],[10.78,55.221],[10.781,55.222],[10.782,55.221],[10.783,55.221],[10.784,55.221],[10.785,55.221],[10.785,55.22],[10.786,55.22],[10.787,55.22],[10.788,55.219],[10.789,55.219],[10.789,55.22],[10.79,55.219],[10.791,55.219],[10.792,55.219],[10.792,55.218],[10.793,55.218],[10.795,55.219],[10.796,55.218],[10.797,55.218],[10.798,55.218],[10.799,55.218],[10.8,55.217],[10.799,55.217],[10.8,55.216],[10.801,55.215],[10.803,55.215],[10.804,55.215],[10.806,55.214],[10.806,55.215],[10.806,55.214],[10.806,55.213],[10.807,55.213],[10.807,55.214],[10.808,55.212],[10.809,55.211],[10.81,55.211],[10.811,55.211],[10.809,55.22],[10.815,55.231],[10.801,55.251],[10.797,55.26],[10.788,55.273],[10.787,55.278],[10.792,55.287],[10.789,55.292],[10.777,55.297],[10.789,55.304],[10.797,55.306],[10.808,55.299],[10.827,55.295],[10.825,55.292],[10.837,55.287],[10.852,55.29],[10.839,55.3],[10.822,55.308],[10.813,55.317],[10.808,55.334],[10.791,55.359],[10.772,55.375],[10.771,55.38],[10.763,55.388],[10.742,55.399],[10.73,55.408],[10.725,55.416],[10.717,55.416],[10.702,55.425],[10.701,55.424],[10.701,55.42],[10.697,55.417],[10.697,55.416],[10.696,55.415],[10.694,55.413],[10.692,55.411],[10.689,55.41],[10.685,55.41],[10.685,55.409],[10.684,55.409],[10.679,55.411],[10.678,55.411],[10.677,55.411],[10.676,55.411],[10.675,55.412],[10.675,55.411],[10.668,55.412],[10.659,55.413],[10.656,55.413],[10.655,55.413],[10.654,55.413],[10.645,55.412],[10.645,55.411],[10.645,55.41],[10.645,55.409],[10.643,55.407],[10.645,55.405],[10.646,55.403],[10.646,55.402],[10.647,55.402],[10.647,55.401],[10.645,55.4],[10.644,55.399],[10.643,55.398],[10.642,55.398],[10.64,55.394],[10.638,55.393],[10.65,55.381],[10.64,55.379],[10.645,55.372],[10.644,55.372],[10.643,55.373],[10.643,55.374],[10.642,55.374],[10.641,55.375],[10.64,55.376],[10.64,55.375],[10.639,55.375],[10.638,55.375],[10.634,55.372],[10.615,55.371],[10.607,55.368],[10.605,55.363],[10.604,55.362],[10.604,55.361],[10.603,55.361],[10.603,55.36],[10.604,55.36],[10.606,55.36],[10.607,55.36],[10.608,55.36],[10.61,55.359],[10.614,55.359],[10.615,55.359],[10.616,55.359],[10.617,55.359],[10.619,55.358],[10.62,55.358],[10.621,55.358],[10.622,55.358],[10.624,55.357],[10.625,55.356],[10.627,55.356],[10.626,55.356],[10.627,55.356],[10.629,55.355],[10.63,55.355],[10.631,55.355],[10.632,55.355],[10.634,55.353],[10.635,55.353],[10.635,55.352],[10.636,55.352],[10.636,55.353],[10.637,55.353],[10.638,55.353],[10.639,55.353],[10.639,55.352],[10.64,55.353],[10.641,55.353],[10.642,55.353],[10.643,55.354],[10.643,55.353],[10.644,55.354],[10.645,55.354],[10.646,55.354],[10.647,55.354],[10.647,55.355],[10.648,55.355],[10.649,55.355],[10.65,55.355],[10.649,55.354],[10.65,55.354],[10.65,55.353],[10.651,55.353],[10.652,55.353],[10.652,55.352],[10.653,55.353],[10.653,55.352],[10.653,55.351],[10.654,55.35],[10.653,55.35],[10.654,55.35],[10.653,55.35],[10.653,55.349],[10.652,55.349],[10.651,55.349],[10.65,55.349],[10.648,55.347],[10.645,55.345],[10.638,55.344],[10.638,55.343],[10.637,55.343],[10.636,55.342],[10.637,55.341],[10.636,55.341],[10.634,55.339],[10.634,55.338],[10.633,55.338],[10.634,55.337],[10.634,55.336],[10.633,55.336],[10.633,55.335],[10.629,55.333],[10.627,55.334],[10.625,55.335],[10.624,55.335],[10.623,55.335],[10.623,55.334],[10.621,55.334],[10.62,55.334],[10.618,55.333],[10.618,55.332],[10.615,55.329],[10.617,55.328],[10.616,55.325],[10.615,55.324],[10.614,55.324],[10.612,55.324],[10.609,55.323],[10.608,55.323],[10.605,55.323],[10.609,55.316],[10.606,55.313],[10.614,55.301],[10.587,55.295],[10.588,55.284],[10.584,55.281],[10.588,55.275],[10.577,55.269],[10.563,55.267],[10.557,55.26],[10.551,55.258],[10.538,55.261],[10.532,55.257],[10.535,55.252],[10.55,55.248],[10.571,55.241],[10.58,55.236],[10.595,55.234],[10.6,55.232],[10.624,55.231],[10.637,55.234],[10.649,55.234],[10.649,55.23],[10.662,55.217],[10.646,55.204],[10.651,55.199],[10.652,55.192]]]},"properties":{"code":"450","name":"Nyborg","region":"Region Syddanmark"}},
{"type":"Feature","geometry":{"type":"Polygon","coordinates":[[[10.279,55.298],[10.28,55.297],[10.281,55.297],[10.281,55.296],[10.286,55.295],[10.286,55.294],[10.286,55.291],[10.288,55.291],[10.3,55.288],[10.306,55.29],[10.309,55.291],[10.31,55.291],[10.321,55.292],[10.322,55.292],[10.323,55.292],[10.324,55.292],[10.326,55.292],[10.327,55.292],[10.336,55.292],[10.344,55.292],[10.345,55.293],[10.348,55.294],[10.348,55.295],[10.348,55.296],[10.349,55.297],[10.349,55.298],[10.339,55.302],[10.336,55.306],[10.335,55.306],[10.335,55.307],[10.334,55.307],[10.334,55.308],[10.335,55.308],[10.335,55.309],[10.336,55.309],[10.337,55.309],[10.338,55.31],[10.339,55.313],[10.341,55.314],[10.342,55.313],[10.343,55.313],[10.344,55.315],[10.346,55.317],[10.346,55.318],[10.347,55.318],[10.347,55.319],[10.351,55.32],[10.355,55.322],[10.357,55.322],[10.358,55.322],[10.363,55.323],[10.364,55.323],[10.366,55.324],[10.381,55.326],[10.388,55.327],[10.39,55.328],[10.391,55.328],[10.392,55.329],[10.394,55.329],[10.395,55.329],[10.398,55.33],[10.399,55.331],[10.401,55.331],[10.402,55.332],[10.41,55.333],[10.411,55.333],[10.41,55.332],[10.411,55.332],[10.413,55.331],[10.413,55.33],[10.412,55.329],[10.41,55.329],[10.409,55.328],[10.41,55.327],[10.411,55.327],[10.411,55.326],[10.415,55.325],[10.416,55.324],[10.417,55.324],[10.417,55.323],[10.423,55.315],[10.422,55.313],[10.422,55.312],[10.431,55.31],[10.432,55.31],[10.433,55.309],[10.434,55.309],[10.436,55.309],[10.443,55.309],[10.444,55.309],[10.454,55.31],[10.455,55.311],[10.456,55.311],[10.457,55.311],[10.458,55.311],[10.46,55.312],[10.462,55.318],[10.463,55.318],[10.464,55.318],[10.465,55.318],[10.466,55.319],[10.482,55.321],[10.482,55.322],[10.485,55.322],[10.489,55.323],[10.495,55.323],[10.496,55.323],[10.514,55.321],[10.515,55.321],[10.526,55.324],[10.547,55.323],[10.549,55.323],[10.554,55.324],[10.555,55.325],[10.561,55.329],[10.562,55.33],[10.563,55.33],[10.566,55.332],[10.566,55.333],[10.567,55.333],[10.568,55.334],[10.569,55.334],[10.569,55.335],[10.57,55.335],[10.57,55.336],[10.571,55.337],[10.572,55.337],[10.574,55.338],[10.574,55.339],[10.574,55.34],[10.575,55.341],[10.576,55.342],[10.576,55.343],[10.575,55.345],[10.561,55.349],[10.554,55.355],[10.555,55.355],[10.555,55.356],[10.557,55.358],[10.545,55.361],[10.543,55.361],[10.542,55.36],[10.541,55.36],[10.539,55.361],[10.538,55.361],[10.537,55.362],[10.536,55.364],[10.535,55.367],[10.534,55.368],[10.527,55.371],[10.525,55.372],[10.524,55.373],[10.523,55.373],[10.522,55.373],[10.521,55.374],[10.52,55.374],[10.52,55.375],[10.519,55.375],[10.519,55.374],[10.518,55.374],[10.517,55.375],[10.517,55.377],[10.516,55.377],[10.515,55.379],[10.515,55.38],[10.516,55.38],[10.515,55.381],[10.514,55.381],[10.514,55.382],[10.513,55.382],[10.511,55.383],[10.51,55.384],[10.51,55.385],[10.509,55.385],[10.508,55.386],[10.506,55.388],[10.505,55.389],[10.498,55.401],[10.501,55.405],[10.485,55.414],[10.481,55.42],[10.493,55.422],[10.504,55.419],[10.507,55.423],[10.524,55.42],[10.53,55.426],[10.527,55.433],[10.505,55.444],[10.504,55.45],[10.498,55.453],[10.491,55.447],[10.482,55.444],[10.474,55.438],[10.461,55.443],[10.45,55.442],[10.439,55.437],[10.428,55.442],[10.436,55.452],[10.43,55.454],[10.438,55.461],[10.431,55.463],[10.439,55.47],[10.436,55.47],[10.435,55.47],[10.433,55.468],[10.432,55.468],[10.431,55.468],[10.43,55.468],[10.429,55.468],[10.423,55.468],[10.396,55.466],[10.394,55.474],[10.386,55.477],[10.382,55.476],[10.381,55.476],[10.38,55.476],[10.379,55.476],[10.373,55.48],[10.374,55.481],[10.373,55.481],[10.372,55.481],[10.372,55.482],[10.372,55.481],[10.371,55.481],[10.371,55.482],[10.37,55.482],[10.369,55.482],[10.368,55.482],[10.368,55.481],[10.365,55.481],[10.364,55.481],[10.364,55.48],[10.363,55.48],[10.362,55.48],[10.361,55.48],[10.36,55.479],[10.357,55.481],[10.354,55.474],[10.345,55.475],[10.339,55.467],[10.33,55.465],[10.317,55.47],[10.313,55.474],[10.313,55.475],[10.309,55.479],[10.308,55.479],[10.306,55.478],[10.305,55.478],[10.305,55.477],[10.302,55.474],[10.301,55.474],[10.3,55.471],[10.299,55.471],[10.299,55.47],[10.298,55.468],[10.297,55.468],[10.296,55.468],[10.296,55.467],[10.295,55.467],[10.294,55.467],[10.293,55.466],[10.289,55.463],[10.287,55.46],[10.286,55.459],[10.285,55.458],[10.284,55.457],[10.283,55.456],[10.283,55.455],[10.282,55.455],[10.28,55.455],[10.28,55.454],[10.279,55.454],[10.277,55.454],[10.276,55.454],[10.275,55.454],[10.274,55.454],[10.273,55.454],[10.271,55.454],[10.27,55.454],[10.269,55.455],[10.268,55.455],[10.266,55.455],[10.265,55.455],[10.264,55.455],[10.263,55.455],[10.262,55.455],[10.261,55.455],[10.26,55.455],[10.259,55.455],[10.259,55.454],[10.258,55.454],[10.259,55.454],[10.259,55.453],[10.26,55.453],[10.26,55.452],[10.26,55.451],[10.259,55.451],[10.258,55.451],[10.257,55.451],[10.256,55.45],[10.256,55.449],[10.257,55.449],[10.257,55.448],[10.257,55.447],[10.257,55.446],[10.257,55.445],[10.258,55.444],[10.258,55.443],[10.257,55.443],[10.256,55.444],[10.254,55.445],[10.253,55.445],[10.252,55.445],[10.251,55.445],[10.25,55.445],[10.249,55.445],[10.249,55.444],[10.248,55.444],[10.247,55.444],[10.246,55.443],[10.245,55.443],[10.245,55.442],[10.244,55.442],[10.244,55.441],[10.244,55.44],[10.243,55.44],[10.242,55.44],[10.245,55.438],[10.246,55.437],[10.247,55.437],[10.247,55.436],[10.248,55.435],[10.249,55.434],[10.248,55.434],[10.248,55.433],[10.248,55.432],[10.247,55.432],[10.245,55.431],[10.245,55.429],[10.245,55.428],[10.245,55.427],[10.244,55.428],[10.238,55.428],[10.237,55.429],[10.236,55.429],[10.234,55.429],[10.233,55.429],[10.234,55.427],[10.235,55.426],[10.231,55.426],[10.23,55.426],[10.23,55.425],[10.229,55.425],[10.228,55.425],[10.227,55.425],[10.227,55.424],[10.226,55.424],[10.225,55.424],[10.224,55.423],[10.223,55.423],[10.223,55.422],[10.222,55.422],[10.222,55.421],[10.22,55.418],[10.22,55.416],[10.219,55.416],[10.219,55.415],[10.219,55.414],[10.21,55.411],[10.207,55.412],[10.204,55.411],[10.203,55.409],[10.203,55.406],[10.203,55.405],[10.204,55.405],[10.206,55.404],[10.205,55.404],[10.205,55.403],[10.205,55.402],[10.205,55.401],[10.204,55.401],[10.204,55.4],[10.198,55.394],[10.197,55.393],[10.198,55.39],[10.198,55.389],[10.197,55.389],[10.197,55.388],[10.197,55.384],[10.197,55.383],[10.197,55.382],[10.197,55.381],[10.19,55.375],[10.189,55.375],[10.189,55.374],[10.188,55.374],[10.187,55.374],[10.183,55.369],[10.183,55.368],[10.183,55.367],[10.187,55.365],[10.197,55.364],[10.212,55.367],[10.218,55.359],[10.231,55.353],[10.238,55.358],[10.25,55.354],[10.259,55.348],[10.26,55.341],[10.264,55.337],[10.264,55.332],[10.257,55.326],[10.263,55.321],[10.261,55.315],[10.279,55.313],[10.288,55.315],[10.294,55.313],[10.285,55.305],[10.286,55.3],[10.279,55.298]]]},"properties":{"code":"461","name":"Odense","region":"Region Syddanmark"}},
{"type":"Feature","geometry":{"type":"MultiPolygon","coordinates":[[[[10.382,55.059],[10.389,55.053],[10.386,55.049],[10.406,55.043],[10.415,55.039],[10.43,55.042],[10.458,55.04],[10.47,55.043],[10.48,55.039],[10.491,55.031],[10.511,55.027],[10.523,55.028],[10.534,55.033],[10.552,55.036],[10.568,55.041],[10.598,55.047],[10.614,55.057],[10.623,55.06],[10.639,55.059],[10.646,55.055],[10.658,55.058],[10.682,55.058],[10.69,55.064],[10.707,55.061],[10.714,55.061],[10.734,55.067],[10.744,55.069],[10.751,55.078],[10.754,55.085],[10.753,55.092],[10.758,55.097],[10.767,55.101],[10.776,55.101],[10.771,55.109],[10.778,55.12],[10.78,55.134],[10.786,55.14],[10.785,55.15],[10.791,55.155],[10.791,55.163],[10.8,55.17],[10.807,55.181],[10.806,55.185],[10.813,55.206],[10.811,55.211],[10.81,55.211],[10.809,55.211],[10.808,55.212],[10.807,55.214],[10.807,55.213],[10.806,55.213],[10.806,55.214],[10.806,55.215],[10.806,55.214],[10.804,55.215],[10.803,55.215],[10.801,55.215],[10.8,55.216],[10.799,55.217],[10.8,55.217],[10.799,55.218],[10.798,55.218],[10.797,55.218],[10.796,55.218],[10.795,55.219],[10.793,55.218],[10.792,55.218],[10.792,55.219],[10.791,55.219],[10.79,55.219],[10.789,55.22],[10.789,55.219],[10.788,55.219],[10.787,55.22],[10.786,55.22],[10.785,55.22],[10.785,55.221],[10.784,55.221],[10.783,55.221],[10.782,55.221],[10.781,55.222],[10.78,55.221],[10.779,55.22],[10.78,55.218],[10.78,55.217],[10.779,55.213],[10.778,55.209],[10.774,55.208],[10.773,55.208],[10.772,55.208],[10.771,55.208],[10.77,55.208],[10.77,55.207],[10.769,55.207],[10.768,55.207],[10.767,55.207],[10.766,55.206],[10.765,55.206],[10.764,55.206],[10.763,55.206],[10.762,55.206],[10.761,55.205],[10.76,55.205],[10.741,55.189],[10.739,55.174],[10.732,55.173],[10.724,55.177],[10.71,55.18],[10.695,55.179],[10.695,55.18],[10.695,55.184],[10.688,55.183],[10.687,55.183],[10.685,55.183],[10.674,55.184],[10.673,55.187],[10.668,55.191],[10.667,55.191],[10.662,55.192],[10.661,55.192],[10.652,55.192],[10.651,55.191],[10.649,55.191],[10.649,55.19],[10.648,55.19],[10.647,55.19],[10.641,55.191],[10.64,55.191],[10.638,55.191],[10.637,55.191],[10.634,55.192],[10.621,55.195],[10.62,55.195],[10.619,55.194],[10.623,55.184],[10.624,55.184],[10.624,55.183],[10.62,55.177],[10.615,55.176],[10.614,55.176],[10.609,55.182],[10.608,55.181],[10.605,55.179],[10.603,55.179],[10.597,55.178],[10.593,55.167],[10.593,55.166],[10.593,55.165],[10.592,55.163],[10.593,55.163],[10.592,55.162],[10.593,55.161],[10.593,55.16],[10.591,55.158],[10.59,55.158],[10.585,55.159],[10.582,55.159],[10.581,55.159],[10.577,55.16],[10.577,55.158],[10.574,55.157],[10.573,55.157],[10.57,55.157],[10.569,55.157],[10.567,55.158],[10.565,55.161],[10.554,55.162],[10.552,55.155],[10.551,55.155],[10.55,55.157],[10.55,55.158],[10.55,55.16],[10.55,55.161],[10.55,55.162],[10.55,55.163],[10.549,55.163],[10.546,55.164],[10.545,55.164],[10.544,55.164],[10.543,55.164],[10.539,55.165],[10.536,55.165],[10.535,55.165],[10.534,55.166],[10.533,55.166],[10.53,55.165],[10.529,55.166],[10.528,55.166],[10.524,55.164],[10.522,55.162],[10.519,55.159],[10.519,55.158],[10.515,55.158],[10.514,55.158],[10.513,55.158],[10.51,55.157],[10.509,55.157],[10.508,55.157],[10.507,55.157],[10.506,55.157],[10.505,55.158],[10.504,55.158],[10.503,55.158],[10.502,55.159],[10.501,55.159],[10.5,55.159],[10.488,55.161],[10.487,55.161],[10.486,55.161],[10.485,55.161],[10.482,55.16],[10.479,55.159],[10.478,55.159],[10.475,55.159],[10.474,55.159],[10.472,55.159],[10.471,55.159],[10.471,55.158],[10.47,55.158],[10.471,55.157],[10.471,55.155],[10.471,55.153],[10.469,55.153],[10.468,55.153],[10.467,55.153],[10.465,55.152],[10.464,55.152],[10.456,55.15],[10.455,55.15],[10.449,55.143],[10.449,55.142],[10.448,55.141],[10.447,55.14],[10.445,55.138],[10.442,55.138],[10.441,55.138],[10.43,55.139],[10.429,55.139],[10.426,55.139],[10.426,55.138],[10.425,55.138],[10.426,55.137],[10.426,55.136],[10.425,55.136],[10.424,55.136],[10.425,55.135],[10.423,55.134],[10.421,55.133],[10.417,55.131],[10.416,55.131],[10.413,55.129],[10.411,55.125],[10.411,55.124],[10.412,55.124],[10.41,55.12],[10.41,55.119],[10.409,55.116],[10.405,55.115],[10.405,55.116],[10.405,55.115],[10.403,55.114],[10.4,55.112],[10.398,55.111],[10.397,55.111],[10.396,55.11],[10.394,55.106],[10.394,55.105],[10.393,55.105],[10.394,55.103],[10.394,55.102],[10.395,55.102],[10.396,55.101],[10.397,55.1],[10.398,55.1],[10.399,55.1],[10.4,55.1],[10.4,55.098],[10.401,55.098],[10.401,55.097],[10.402,55.097],[10.401,55.095],[10.402,55.093],[10.403,55.093],[10.404,55.092],[10.405,55.092],[10.406,55.092],[10.407,55.092],[10.407,55.091],[10.407,55.09],[10.408,55.09],[10.407,55.09],[10.406,55.089],[10.405,55.089],[10.405,55.09],[10.404,55.09],[10.403,55.09],[10.402,55.089],[10.401,55.089],[10.396,55.087],[10.395,55.086],[10.395,55.085],[10.394,55.085],[10.394,55.084],[10.393,55.084],[10.394,55.083],[10.393,55.082],[10.392,55.082],[10.393,55.081],[10.395,55.081],[10.395,55.08],[10.394,55.079],[10.393,55.075],[10.392,55.075],[10.391,55.075],[10.386,55.071],[10.386,55.07],[10.388,55.071],[10.388,55.07],[10.389,55.07],[10.39,55.069],[10.391,55.069],[10.392,55.069],[10.394,55.069],[10.394,55.068],[10.395,55.068],[10.396,55.067],[10.397,55.067],[10.395,55.065],[10.394,55.065],[10.389,55.065],[10.389,55.064],[10.388,55.062],[10.386,55.061],[10.386,55.06],[10.384,55.06],[10.382,55.059]]],[[[10.497,54.967],[10.475,54.965],[10.483,54.959],[10.489,54.96],[10.497,54.967]]],[[[10.423,54.983],[10.426,54.977],[10.413,54.975],[10.404,54.977],[10.386,54.978],[10.381,54.982],[10.373,54.978],[10.364,54.979],[10.365,54.972],[10.371,54.971],[10.378,54.975],[10.389,54.977],[10.421,54.963],[10.426,54.962],[10.44,54.97],[10.439,54.974],[10.423,54.983]]],[[[10.467,55.011],[10.454,55.006],[10.456,55],[10.467,54.999],[10.475,55.004],[10.484,55.007],[10.467,55.011]]],[[[10.631,55.055],[10.628,55.055],[10.613,55.048],[10.605,55.046],[10.597,55.037],[10.589,55.037],[10.577,55.031],[10.573,55.026],[10.559,55.021],[10.545,55.018],[10.532,55.008],[10.519,55.01],[10.514,55.007],[10.517,55],[10.523,54.997],[10.526,54.988],[10.525,54.977],[10.53,54.972],[10.54,54.968],[10.551,54.961],[10.549,54.953],[10.562,54.954],[10.564,54.95],[10.58,54.948],[10.579,54.955],[10.603,54.953],[10.62,54.948],[10.634,54.962],[10.644,54.964],[10.653,54.972],[10.665,54.974],[10.689,54.975],[10.687,54.985],[10.693,54.994],[10.685,54.998],[10.671,54.995],[10.668,54.985],[10.656,54.979],[10.636,54.981],[10.628,54.984],[10.624,54.989],[10.629,54.997],[10.639,54.998],[10.641,55.008],[10.649,55.02],[10.659,55.024],[10.657,55.034],[10.645,55.034],[10.638,55.037],[10.643,55.045],[10.631,55.055]]],[[[10.702,55.055],[10.693,55.055],[10.67,55.05],[10.657,55.053],[10.647,55.049],[10.653,55.038],[10.669,55.042],[10.671,55.038],[10.668,55.031],[10.683,55.03],[10.702,55.034],[10.716,55.031],[10.716,55.039],[10.708,55.054],[10.702,55.055]]]]},"properties":{"code":"479","name":"Svendborg","region":"Region Syddanmark"}},
{"type":"Feature","geometry":{"type":"MultiPolygon","coordinates":[[[[10.09,55.432],[10.091,55.432],[10.092,55.432],[10.093,55.432],[10.094,55.431],[10.095,55.431],[10.096,55.431],[10.096,55.43],[10.097,55.43],[10.099,55.429],[10.1,55.428],[10.101,55.428],[10.102,55.428],[10.102,55.427],[10.104,55.427],[10.106,55.427],[10.108,55.427],[10.109,55.427],[10.11,55.427],[10.111,55.427],[10.113,55.427],[10.114,55.426],[10.115,55.426],[10.116,55.426],[10.117,55.426],[10.118,55.426],[10.12,55.426],[10.12,55.425],[10.124,55.425],[10.125,55.425],[10.126,55.425],[10.126,55.424],[10.128,55.424],[10.128,55.425],[10.129,55.426],[10.13,55.426],[10.131,55.426],[10.132,55.426],[10.133,55.426],[10.134,55.426],[10.135,55.426],[10.136,55.426],[10.137,55.426],[10.138,55.425],[10.139,55.425],[10.14,55.425],[10.14,55.424],[10.141,55.423],[10.142,55.423],[10.142,55.422],[10.143,55.422],[10.143,55.42],[10.144,55.42],[10.145,55.42],[10.146,55.419],[10.147,55.419],[10.148,55.419],[10.149,55.419],[10.15,55.419],[10.15,55.418],[10.151,55.418],[10.152,55.418],[10.154,55.418],[10.155,55.417],[10.156,55.417],[10.157,55.417],[10.158,55.416],[10.159,55.416],[10.16,55.416],[10.161,55.415],[10.162,55.415],[10.163,55.415],[10.168,55.413],[10.169,55.413],[10.17,55.412],[10.171,55.412],[10.172,55.412],[10.173,55.412],[10.175,55.411],[10.176,55.411],[10.177,55.411],[10.178,55.411],[10.178,55.41],[10.179,55.41],[10.192,55.406],[10.194,55.406],[10.196,55.406],[10.197,55.406],[10.198,55.406],[10.199,55.407],[10.199,55.406],[10.2,55.406],[10.202,55.406],[10.203,55.406],[10.203,55.409],[10.204,55.411],[10.207,55.412],[10.21,55.411],[10.219,55.414],[10.219,55.415],[10.219,55.416],[10.22,55.416],[10.22,55.418],[10.222,55.421],[10.222,55.422],[10.223,55.422],[10.223,55.423],[10.224,55.423],[10.225,55.424],[10.226,55.424],[10.227,55.424],[10.227,55.425],[10.228,55.425],[10.229,55.425],[10.23,55.425],[10.23,55.426],[10.231,55.426],[10.235,55.426],[10.234,55.427],[10.233,55.429],[10.234,55.429],[10.236,55.429],[10.237,55.429],[10.238,55.428],[10.244,55.428],[10.245,55.427],[10.245,55.428],[10.245,55.429],[10.245,55.431],[10.247,55.432],[10.248,55.432],[10.248,55.433],[10.248,55.434],[10.249,55.434],[10.248,55.435],[10.247,55.436],[10.247,55.437],[10.246,55.437],[10.245,55.438],[10.242,55.44],[10.243,55.44],[10.244,55.44],[10.244,55.441],[10.244,55.442],[10.245,55.442],[10.245,55.443],[10.246,55.443],[10.247,55.444],[10.248,55.444],[10.249,55.444],[10.249,55.445],[10.25,55.445],[10.251,55.445],[10.252,55.445],[10.253,55.445],[10.254,55.445],[10.256,55.444],[10.257,55.443],[10.258,55.443],[10.258,55.444],[10.257,55.445],[10.257,55.446],[10.257,55.447],[10.257,55.448],[10.257,55.449],[10.256,55.449],[10.256,55.45],[10.257,55.451],[10.258,55.451],[10.259,55.451],[10.26,55.451],[10.26,55.452],[10.26,55.453],[10.259,55.453],[10.259,55.454],[10.258,55.454],[10.259,55.454],[10.259,55.455],[10.26,55.455],[10.261,55.455],[10.262,55.455],[10.263,55.455],[10.264,55.455],[10.265,55.455],[10.266,55.455],[10.268,55.455],[10.269,55.455],[10.27,55.454],[10.271,55.454],[10.273,55.454],[10.274,55.454],[10.275,55.454],[10.276,55.454],[10.277,55.454],[10.279,55.454],[10.28,55.454],[10.28,55.455],[10.282,55.455],[10.283,55.455],[10.283,55.456],[10.284,55.457],[10.285,55.458],[10.286,55.459],[10.287,55.46],[10.289,55.463],[10.293,55.466],[10.294,55.467],[10.295,55.467],[10.296,55.467],[10.296,55.468],[10.297,55.468],[10.298,55.468],[10.299,55.47],[10.299,55.471],[10.3,55.471],[10.301,55.474],[10.302,55.474],[10.305,55.477],[10.305,55.478],[10.306,55.478],[10.308,55.479],[10.309,55.479],[10.313,55.475],[10.313,55.474],[10.317,55.47],[10.33,55.465],[10.339,55.467],[10.345,55.475],[10.354,55.474],[10.357,55.481],[10.36,55.479],[10.361,55.48],[10.362,55.48],[10.363,55.48],[10.364,55.48],[10.364,55.481],[10.365,55.481],[10.368,55.481],[10.368,55.482],[10.369,55.482],[10.37,55.482],[10.371,55.482],[10.371,55.481],[10.372,55.481],[10.372,55.482],[10.372,55.481],[10.373,55.481],[10.374,55.481],[10.373,55.48],[10.379,55.476],[10.38,55.476],[10.381,55.476],[10.382,55.476],[10.386,55.477],[10.394,55.474],[10.396,55.466],[10.423,55.468],[10.429,55.468],[10.43,55.468],[10.431,55.468],[10.432,55.468],[10.433,55.468],[10.435,55.47],[10.436,55.47],[10.439,55.47],[10.444,55.479],[10.455,55.479],[10.454,55.487],[10.461,55.489],[10.473,55.486],[10.485,55.486],[10.479,55.492],[10.485,55.497],[10.494,55.495],[10.504,55.499],[10.499,55.505],[10.491,55.506],[10.485,55.512],[10.484,55.521],[10.473,55.527],[10.472,55.531],[10.483,55.534],[10.492,55.533],[10.497,55.546],[10.516,55.541],[10.528,55.534],[10.533,55.526],[10.554,55.514],[10.562,55.516],[10.557,55.52],[10.535,55.533],[10.498,55.549],[10.459,55.565],[10.443,55.573],[10.422,55.586],[10.388,55.598],[10.361,55.605],[10.324,55.62],[10.31,55.623],[10.292,55.621],[10.305,55.605],[10.304,55.596],[10.316,55.589],[10.315,55.585],[10.298,55.584],[10.293,55.581],[10.282,55.583],[10.279,55.588],[10.284,55.594],[10.284,55.6],[10.28,55.605],[10.27,55.607],[10.246,55.606],[10.21,55.6],[10.208,55.596],[10.19,55.594],[10.194,55.588],[10.179,55.589],[10.169,55.586],[10.154,55.584],[10.138,55.577],[10.125,55.577],[10.117,55.579],[10.111,55.573],[10.105,55.574],[10.089,55.569],[10.081,55.568],[10.073,55.561],[10.055,55.56],[10.035,55.556],[10.028,55.549],[10.021,55.545],[9.999,55.539],[9.981,55.53],[9.984,55.526],[9.985,55.525],[9.986,55.525],[9.987,55.525],[9.987,55.524],[9.986,55.524],[9.986,55.523],[9.986,55.522],[9.985,55.522],[9.984,55.522],[9.984,55.521],[9.985,55.521],[9.984,55.521],[9.984,55.519],[9.984,55.518],[9.985,55.518],[9.984,55.517],[9.985,55.517],[9.985,55.516],[9.986,55.516],[9.987,55.516],[9.988,55.516],[9.989,55.516],[9.989,55.515],[9.99,55.515],[9.991,55.515],[9.991,55.514],[9.992,55.514],[9.993,55.514],[9.994,55.514],[9.994,55.513],[9.995,55.513],[9.997,55.512],[9.998,55.511],[10.001,55.51],[10.001,55.509],[10.002,55.509],[10.006,55.508],[10.007,55.508],[10.007,55.507],[10.008,55.507],[10.009,55.507],[10.01,55.507],[10.011,55.507],[10.012,55.507],[10.012,55.506],[10.013,55.506],[10.014,55.506],[10.017,55.505],[10.018,55.505],[10.019,55.505],[10.02,55.505],[10.021,55.505],[10.022,55.505],[10.029,55.504],[10.03,55.504],[10.03,55.501],[10.03,55.5],[10.029,55.497],[10.038,55.49],[10.029,55.484],[10.032,55.484],[10.032,55.483],[10.033,55.483],[10.033,55.482],[10.035,55.481],[10.036,55.481],[10.037,55.481],[10.038,55.481],[10.039,55.481],[10.041,55.48],[10.043,55.481],[10.045,55.479],[10.046,55.478],[10.047,55.478],[10.047,55.477],[10.049,55.476],[10.05,55.474],[10.05,55.473],[10.051,55.472],[10.052,55.471],[10.053,55.47],[10.056,55.466],[10.057,55.466],[10.059,55.464],[10.06,55.463],[10.061,55.462],[10.062,55.462],[10.062,55.461],[10.063,55.461],[10.064,55.459],[10.065,55.459],[10.066,55.458],[10.066,55.457],[10.067,55.455],[10.068,55.452],[10.069,55.451],[10.07,55.449],[10.069,55.448],[10.069,55.447],[10.072,55.446],[10.075,55.446],[10.076,55.444],[10.078,55.442],[10.079,55.442],[10.079,55.441],[10.079,55.44],[10.079,55.439],[10.078,55.439],[10.077,55.439],[10.077,55.438],[10.078,55.438],[10.079,55.438],[10.083,55.437],[10.086,55.435],[10.087,55.434],[10.09,55.433],[10.09,55.432]]],[[[10.479,55.482],[10.468,55.479],[10.458,55.474],[10.455,55.467],[10.459,55.463],[10.475,55.466],[10.472,55.471],[10.471,55.479],[10.479,55.482]]],[[[10.171,55.646],[10.162,55.643],[10.168,55.636],[10.179,55.63],[10.181,55.616],[10.178,55.608],[10.188,55.608],[10.182,55.615],[10.182,55.632],[10.192,55.637],[10.19,55.643],[10.182,55.643],[10.171,55.646]]]]},"properties":{"code":"480","name":"Nordfyns","region":"Region Syddanmark"}},
{"type":"Feature","geometry":{"type":"MultiPolygon","coordinates":[[[[10.94,55.165],[10.931,55.16],[10.921,55.149],[10.901,55.138],[10.902,55.131],[10.898,55.124],[10.887,55.115],[10.882,55.106],[10.876,55.102],[10.872,55.086],[10.863,55.068],[10.862,55.06],[10.849,55.045],[10.848,55.036],[10.831,55.024],[10.824,55.011],[10.813,55.003],[10.809,54.994],[10.788,54.982],[10.769,54.98],[10.757,54.976],[10.75,54.97],[10.724,54.954],[10.721,54.946],[10.708,54.94],[10.699,54.931],[10.694,54.929],[10.684,54.921],[10.684,54.915],[10.675,54.911],[10.676,54.902],[10.686,54.901],[10.698,54.897],[10.707,54.897],[10.714,54.891],[10.715,54.886],[10.727,54.877],[10.709,54.875],[10.704,54.872],[10.688,54.873],[10.682,54.883],[10.675,54.883],[10.669,54.878],[10.663,54.851],[10.668,54.847],[10.658,54.845],[10.647,54.83],[10.641,54.833],[10.634,54.83],[10.621,54.836],[10.599,54.836],[10.603,54.83],[10.626,54.823],[10.647,54.809],[10.66,54.796],[10.661,54.787],[10.661,54.779],[10.672,54.765],[10.676,54.755],[10.667,54.749],[10.67,54.742],[10.668,54.74],[10.686,54.724],[10.693,54.722],[10.717,54.728],[10.726,54.734],[10.736,54.744],[10.737,54.749],[10.751,54.776],[10.755,54.787],[10.769,54.808],[10.775,54.819],[10.777,54.83],[10.785,54.845],[10.799,54.862],[10.814,54.884],[10.818,54.898],[10.817,54.904],[10.827,54.918],[10.83,54.932],[10.845,54.953],[10.859,54.969],[10.875,54.981],[10.888,54.988],[10.896,54.996],[10.896,55.006],[10.903,55.019],[10.908,55.034],[10.917,55.044],[10.931,55.078],[10.936,55.083],[10.942,55.11],[10.948,55.131],[10.956,55.146],[10.953,55.159],[10.94,55.165]]],[[[10.611,54.919],[10.591,54.915],[10.59,54.911],[10.597,54.9],[10.606,54.891],[10.614,54.89],[10.625,54.898],[10.62,54.91],[10.623,54.916],[10.611,54.919]]],[[[10.666,54.961],[10.685,54.954],[10.69,54.949],[10.701,54.949],[10.702,54.955],[10.686,54.96],[10.68,54.959],[10.666,54.961]]]]},"properties":{"code":"482","name":"Langeland","region":"Region Syddanmark"}},
{"type":"Feature","geometry":{"type":"MultiPolygon","coordinates":[[[[10.208,54.972],[10.206,54.963],[10.212,54.958],[10.226,54.951],[10.239,54.942],[10.243,54.935],[10.243,54.925],[10.246,54.919],[10.259,54.912],[10.282,54.894],[10.288,54.889],[10.308,54.882],[10.32,54.877],[10.344,54.856],[10.358,54.846],[10.373,54.837],[10.398,54.829],[10.415,54.818],[10.426,54.817],[10.433,54.821],[10.437,54.83],[10.452,54.838],[10.468,54.841],[10.487,54.842],[10.501,54.842],[10.522,54.844],[10.523,54.848],[10.521,54.857],[10.505,54.868],[10.466,54.888],[10.461,54.886],[10.471,54.877],[10.487,54.867],[10.482,54.864],[10.472,54.871],[10.462,54.875],[10.457,54.867],[10.448,54.862],[10.437,54.866],[10.43,54.873],[10.42,54.877],[10.414,54.89],[10.406,54.895],[10.414,54.902],[10.396,54.914],[10.391,54.911],[10.403,54.908],[10.407,54.904],[10.398,54.895],[10.392,54.894],[10.385,54.887],[10.372,54.884],[10.365,54.894],[10.358,54.897],[10.344,54.897],[10.33,54.906],[10.324,54.915],[10.312,54.921],[10.305,54.928],[10.293,54.933],[10.283,54.94],[10.264,54.941],[10.253,54.943],[10.242,54.95],[10.235,54.952],[10.222,54.963],[10.222,54.968],[10.208,54.972]]],[[[10.515,54.929],[10.503,54.935],[10.496,54.935],[10.498,54.928],[10.515,54.929]]]]},"properties":{"code":"492","name":"Ærø","region":"Region Syddanmark"}},
{"type":"Feature","geometry":{"type":"MultiPolygon","coordinates":[[[[9.774,55.276],[9.776,55.269],[9.764,55.262],[9.759,55.261],[9.757,55.272],[9.753,55.274],[9.738,55.273],[9.726,55.27],[9.728,55.264],[9.725,55.259],[9.727,55.255],[9.741,55.248],[9.752,55.248],[9.763,55.252],[9.769,55.258],[9.776,55.263],[9.779,55.27],[9.774,55.276]]],[[[9.261,55.382],[9.259,55.382],[9.258,55.382],[9.256,55.382],[9.255,55.382],[9.254,55.382],[9.252,55.381],[9.251,55.38],[9.251,55.379],[9.25,55.379],[9.249,55.379],[9.247,55.377],[9.246,55.376],[9.245,55.376],[9.241,55.375],[9.24,55.375],[9.239,55.375],[9.238,55.375],[9.239,55.374],[9.239,55.373],[9.242,55.371],[9.241,55.371],[9.24,55.371],[9.236,55.368],[9.236,55.366],[9.237,55.365],[9.239,55.364],[9.239,55.363],[9.24,55.363],[9.24,55.362],[9.234,55.355],[9.235,55.354],[9.234,55.353],[9.234,55.352],[9.234,55.351],[9.233,55.351],[9.225,55.349],[9.225,55.348],[9.225,55.347],[9.219,55.34],[9.219,55.338],[9.218,55.338],[9.217,55.336],[9.216,55.336],[9.216,55.335],[9.215,55.335],[9.215,55.334],[9.214,55.334],[9.213,55.334],[9.212,55.334],[9.21,55.335],[9.21,55.336],[9.21,55.337],[9.21,55.338],[9.21,55.339],[9.209,55.339],[9.2,55.341],[9.199,55.341],[9.198,55.341],[9.198,55.342],[9.193,55.335],[9.192,55.335],[9.193,55.335],[9.192,55.327],[9.192,55.326],[9.191,55.326],[9.19,55.326],[9.189,55.324],[9.188,55.324],[9.186,55.322],[9.186,55.317],[9.187,55.316],[9.187,55.315],[9.187,55.314],[9.188,55.314],[9.188,55.313],[9.188,55.312],[9.187,55.312],[9.186,55.312],[9.186,55.311],[9.185,55.311],[9.184,55.311],[9.185,55.311],[9.185,55.31],[9.184,55.31],[9.185,55.31],[9.184,55.31],[9.184,55.309],[9.183,55.309],[9.183,55.308],[9.183,55.307],[9.182,55.307],[9.183,55.307],[9.183,55.306],[9.184,55.306],[9.184,55.305],[9.183,55.305],[9.182,55.304],[9.182,55.303],[9.182,55.302],[9.181,55.302],[9.181,55.301],[9.18,55.301],[9.181,55.3],[9.184,55.302],[9.185,55.303],[9.187,55.303],[9.19,55.302],[9.194,55.299],[9.195,55.299],[9.199,55.298],[9.199,55.297],[9.197,55.297],[9.196,55.296],[9.195,55.295],[9.194,55.295],[9.193,55.295],[9.192,55.295],[9.192,55.294],[9.191,55.294],[9.19,55.294],[9.19,55.293],[9.189,55.293],[9.188,55.293],[9.187,55.293],[9.186,55.293],[9.184,55.292],[9.182,55.292],[9.181,55.292],[9.18,55.292],[9.18,55.291],[9.179,55.291],[9.178,55.29],[9.177,55.29],[9.176,55.29],[9.175,55.29],[9.174,55.29],[9.173,55.29],[9.172,55.29],[9.171,55.29],[9.17,55.29],[9.169,55.29],[9.168,55.29],[9.167,55.29],[9.166,55.29],[9.165,55.29],[9.164,55.29],[9.163,55.29],[9.162,55.29],[9.161,55.29],[9.16,55.29],[9.159,55.29],[9.158,55.291],[9.157,55.291],[9.156,55.291],[9.155,55.291],[9.152,55.291],[9.151,55.291],[9.15,55.292],[9.149,55.292],[9.148,55.292],[9.147,55.292],[9.146,55.292],[9.145,55.292],[9.144,55.291],[9.143,55.291],[9.142,55.291],[9.14,55.291],[9.139,55.291],[9.139,55.292],[9.137,55.292],[9.136,55.293],[9.135,55.293],[9.135,55.294],[9.134,55.294],[9.133,55.294],[9.132,55.294],[9.132,55.295],[9.131,55.295],[9.13,55.295],[9.129,55.296],[9.129,55.297],[9.128,55.297],[9.127,55.297],[9.126,55.297],[9.125,55.297],[9.123,55.297],[9.122,55.297],[9.121,55.297],[9.119,55.296],[9.118,55.296],[9.117,55.296],[9.116,55.297],[9.115,55.297],[9.116,55.297],[9.116,55.298],[9.116,55.299],[9.117,55.3],[9.116,55.3],[9.116,55.301],[9.116,55.303],[9.116,55.304],[9.116,55.305],[9.116,55.307],[9.116,55.308],[9.116,55.309],[9.116,55.31],[9.116,55.311],[9.116,55.313],[9.116,55.314],[9.116,55.316],[9.116,55.318],[9.116,55.319],[9.116,55.32],[9.116,55.321],[9.117,55.322],[9.117,55.323],[9.116,55.323],[9.116,55.324],[9.115,55.325],[9.113,55.328],[9.113,55.329],[9.11,55.334],[9.11,55.335],[9.092,55.334],[9.093,55.334],[9.093,55.333],[9.094,55.332],[9.094,55.331],[9.095,55.33],[9.096,55.33],[9.096,55.329],[9.095,55.328],[9.094,55.328],[9.093,55.328],[9.093,55.327],[9.091,55.327],[9.09,55.326],[9.088,55.325],[9.087,55.324],[9.084,55.321],[9.083,55.321],[9.08,55.321],[9.079,55.321],[9.079,55.32],[9.078,55.32],[9.076,55.319],[9.075,55.319],[9.075,55.318],[9.074,55.318],[9.073,55.316],[9.072,55.316],[9.072,55.315],[9.072,55.314],[9.072,55.313],[9.071,55.312],[9.07,55.311],[9.069,55.311],[9.068,55.311],[9.064,55.311],[9.064,55.315],[9.063,55.315],[9.062,55.315],[9.061,55.315],[9.06,55.315],[9.059,55.315],[9.055,55.315],[9.055,55.316],[9.054,55.317],[9.053,55.317],[9.05,55.317],[9.049,55.317],[9.047,55.317],[9.042,55.32],[9.042,55.321],[9.045,55.322],[9.045,55.323],[9.044,55.323],[9.044,55.324],[9.043,55.327],[9.042,55.327],[9.038,55.327],[9.034,55.327],[9.034,55.326],[9.033,55.326],[9.033,55.325],[9.032,55.325],[9.032,55.324],[9.031,55.324],[9.031,55.323],[9.03,55.323],[9.028,55.325],[9.026,55.326],[9.026,55.327],[9.027,55.33],[9.024,55.332],[9.023,55.332],[9.022,55.332],[9.021,55.332],[9.02,55.332],[9.02,55.333],[9.019,55.333],[9.017,55.333],[9.016,55.333],[9.015,55.333],[9.014,55.333],[9.011,55.333],[9.01,55.333],[9.009,55.333],[9.008,55.333],[9.007,55.334],[9.006,55.334],[9.004,55.334],[9.003,55.334],[9.003,55.335],[8.998,55.335],[8.997,55.336],[8.996,55.336],[8.995,55.336],[8.994,55.336],[8.99,55.337],[8.989,55.337],[8.988,55.338],[8.987,55.338],[8.986,55.338],[8.985,55.338],[8.984,55.338],[8.983,55.338],[8.981,55.337],[8.978,55.338],[8.976,55.338],[8.975,55.338],[8.976,55.338],[8.976,55.337],[8.977,55.335],[8.978,55.335],[8.979,55.334],[8.973,55.335],[8.971,55.335],[8.971,55.334],[8.969,55.33],[8.97,55.33],[8.97,55.327],[8.97,55.326],[8.969,55.326],[8.969,55.325],[8.968,55.325],[8.968,55.324],[8.967,55.324],[8.961,55.321],[8.959,55.32],[8.958,55.32],[8.957,55.32],[8.957,55.319],[8.956,55.319],[8.955,55.319],[8.95,55.319],[8.949,55.319],[8.947,55.317],[8.944,55.315],[8.944,55.314],[8.942,55.314],[8.939,55.313],[8.937,55.313],[8.936,55.313],[8.936,55.314],[8.935,55.314],[8.934,55.314],[8.933,55.315],[8.932,55.315],[8.932,55.316],[8.931,55.316],[8.93,55.316],[8.929,55.316],[8.928,55.316],[8.926,55.315],[8.925,55.315],[8.925,55.316],[8.926,55.316],[8.926,55.317],[8.926,55.318],[8.925,55.318],[8.924,55.318],[8.923,55.318],[8.922,55.318],[8.921,55.318],[8.92,55.318],[8.919,55.318],[8.919,55.319],[8.918,55.319],[8.917,55.319],[8.916,55.319],[8.915,55.32],[8.914,55.32],[8.913,55.32],[8.912,55.32],[8.912,55.321],[8.911,55.321],[8.91,55.322],[8.909,55.322],[8.908,55.322],[8.907,55.322],[8.906,55.322],[8.907,55.322],[8.907,55.323],[8.906,55.323],[8.905,55.323],[8.904,55.323],[8.903,55.323],[8.902,55.323],[8.901,55.323],[8.899,55.323],[8.898,55.323],[8.897,55.323],[8.896,55.323],[8.895,55.324],[8.894,55.324],[8.893,55.323],[8.892,55.323],[8.908,55.31],[8.921,55.306],[8.927,55.296],[8.914,55.291],[8.908,55.279],[8.939,55.273],[8.935,55.261],[8.933,55.244],[8.936,55.221],[8.936,55.22],[8.936,55.219],[8.937,55.21],[8.937,55.209],[8.937,55.199],[8.937,55.198],[8.937,55.197],[8.937,55.196],[8.946,55.195],[8.948,55.194],[8.963,55.192],[8.966,55.194],[8.967,55.195],[8.967,55.196],[8.967,55.197],[8.967,55.198],[8.966,55.2],[8.967,55.2],[8.966,55.204],[8.966,55.205],[8.966,55.209],[8.967,55.209],[8.967,55.213],[8.969,55.213],[8.969,55.212],[8.97,55.212],[8.971,55.212],[8.976,55.212],[8.976,55.211],[8.977,55.211],[8.978,55.211],[8.979,55.21],[8.979,55.209],[8.98,55.209],[8.98,55.208],[8.981,55.209],[8.982,55.21],[8.983,55.211],[8.984,55.211],[8.985,55.211],[8.986,55.211],[8.988,55.211],[8.989,55.211],[8.99,55.211],[8.991,55.212],[8.992,55.212],[8.993,55.212],[8.994,55.212],[8.995,55.212],[8.997,55.212],[8.998,55.212],[9.002,55.217],[9.004,55.219],[9.005,55.22],[9.006,55.221],[9.007,55.222],[9.008,55.223],[9.008,55.222],[9.011,55.224],[9.012,55.225],[9.013,55.226],[9.015,55.227],[9.016,55.228],[9.017,55.228],[9.017,55.229],[9.021,55.23],[9.024,55.23],[9.025,55.23],[9.026,55.23],[9.028,55.231],[9.034,55.232],[9.035,55.233],[9.036,55.233],[9.037,55.233],[9.041,55.234],[9.042,55.235],[9.043,55.235],[9.044,55.235],[9.045,55.236],[9.046,55.236],[9.047,55.236],[9.049,55.236],[9.052,55.236],[9.06,55.236],[9.061,55.237],[9.063,55.237],[9.064,55.238],[9.065,55.238],[9.066,55.238],[9.068,55.239],[9.069,55.239],[9.07,55.239],[9.071,55.24],[9.072,55.24],[9.073,55.24],[9.075,55.241],[9.076,55.241],[9.077,55.241],[9.078,55.241],[9.079,55.241],[9.08,55.241],[9.08,55.242],[9.081,55.242],[9.082,55.242],[9.083,55.242],[9.084,55.242],[9.084,55.241],[9.085,55.241],[9.086,55.241],[9.088,55.241],[9.092,55.241],[9.093,55.241],[9.097,55.241],[9.098,55.241],[9.099,55.241],[9.1,55.241],[9.101,55.241],[9.103,55.241],[9.104,55.241],[9.108,55.24],[9.109,55.24],[9.11,55.24],[9.11,55.239],[9.111,55.239],[9.116,55.237],[9.117,55.237],[9.118,55.237],[9.119,55.237],[9.122,55.237],[9.123,55.237],[9.125,55.236],[9.126,55.236],[9.134,55.234],[9.135,55.234],[9.136,55.234],[9.136,55.233],[9.137,55.233],[9.138,55.233],[9.137,55.233],[9.152,55.223],[9.153,55.216],[9.166,55.207],[9.164,55.2],[9.168,55.196],[9.137,55.191],[9.136,55.19],[9.132,55.186],[9.132,55.185],[9.131,55.184],[9.131,55.183],[9.13,55.183],[9.128,55.181],[9.127,55.181],[9.126,55.18],[9.103,55.166],[9.12,55.166],[9.121,55.164],[9.122,55.161],[9.123,55.16],[9.123,55.159],[9.124,55.158],[9.125,55.156],[9.149,55.159],[9.17,55.164],[9.171,55.164],[9.174,55.165],[9.182,55.176],[9.198,55.176],[9.215,55.175],[9.221,55.168],[9.249,55.165],[9.241,55.158],[9.24,55.158],[9.239,55.158],[9.238,55.158],[9.238,55.157],[9.233,55.155],[9.232,55.155],[9.232,55.154],[9.232,55.152],[9.232,55.151],[9.232,55.15],[9.232,55.149],[9.233,55.148],[9.234,55.147],[9.234,55.146],[9.235,55.146],[9.236,55.145],[9.237,55.145],[9.238,55.144],[9.243,55.143],[9.244,55.143],[9.245,55.143],[9.246,55.142],[9.246,55.141],[9.246,55.14],[9.247,55.139],[9.248,55.139],[9.249,55.139],[9.25,55.139],[9.251,55.139],[9.252,55.139],[9.253,55.139],[9.255,55.138],[9.256,55.138],[9.257,55.138],[9.257,55.137],[9.258,55.137],[9.259,55.137],[9.26,55.137],[9.261,55.138],[9.262,55.138],[9.263,55.138],[9.264,55.137],[9.265,55.137],[9.266,55.137],[9.268,55.135],[9.269,55.134],[9.27,55.134],[9.27,55.133],[9.272,55.131],[9.274,55.131],[9.28,55.133],[9.284,55.134],[9.286,55.135],[9.287,55.135],[9.287,55.136],[9.288,55.136],[9.289,55.14],[9.289,55.141],[9.291,55.141],[9.291,55.142],[9.292,55.142],[9.293,55.142],[9.296,55.15],[9.296,55.152],[9.296,55.153],[9.296,55.152],[9.296,55.153],[9.296,55.154],[9.295,55.159],[9.295,55.16],[9.299,55.166],[9.307,55.167],[9.31,55.167],[9.312,55.168],[9.313,55.168],[9.315,55.168],[9.318,55.167],[9.319,55.167],[9.32,55.167],[9.32,55.166],[9.321,55.166],[9.321,55.165],[9.322,55.165],[9.322,55.164],[9.323,55.162],[9.324,55.163],[9.325,55.163],[9.325,55.164],[9.326,55.164],[9.33,55.162],[9.336,55.159],[9.336,55.158],[9.337,55.158],[9.346,55.157],[9.347,55.157],[9.35,55.157],[9.351,55.157],[9.352,55.157],[9.353,55.157],[9.354,55.157],[9.355,55.157],[9.356,55.157],[9.356,55.156],[9.359,55.154],[9.359,55.153],[9.359,55.152],[9.36,55.152],[9.362,55.151],[9.371,55.152],[9.372,55.152],[9.373,55.152],[9.381,55.151],[9.383,55.151],[9.384,55.151],[9.385,55.15],[9.387,55.15],[9.392,55.149],[9.393,55.149],[9.394,55.15],[9.395,55.15],[9.395,55.151],[9.396,55.152],[9.397,55.152],[9.398,55.154],[9.404,55.154],[9.405,55.154],[9.406,55.153],[9.407,55.153],[9.408,55.153],[9.41,55.154],[9.41,55.153],[9.41,55.152],[9.411,55.151],[9.412,55.15],[9.413,55.15],[9.412,55.15],[9.415,55.148],[9.416,55.148],[9.417,55.148],[9.418,55.148],[9.419,55.148],[9.42,55.148],[9.421,55.148],[9.422,55.148],[9.424,55.149],[9.425,55.149],[9.427,55.149],[9.428,55.149],[9.429,55.15],[9.43,55.15],[9.429,55.15],[9.432,55.151],[9.433,55.151],[9.433,55.15],[9.434,55.149],[9.434,55.148],[9.436,55.148],[9.437,55.147],[9.439,55.146],[9.44,55.146],[9.441,55.146],[9.446,55.147],[9.447,55.147],[9.451,55.147],[9.453,55.147],[9.454,55.146],[9.455,55.146],[9.456,55.145],[9.457,55.145],[9.457,55.144],[9.458,55.143],[9.46,55.143],[9.462,55.142],[9.463,55.142],[9.464,55.142],[9.464,55.141],[9.465,55.141],[9.466,55.14],[9.468,55.139],[9.469,55.138],[9.471,55.137],[9.472,55.136],[9.472,55.134],[9.473,55.133],[9.474,55.132],[9.474,55.131],[9.489,55.13],[9.498,55.127],[9.515,55.126],[9.518,55.13],[9.505,55.136],[9.502,55.149],[9.498,55.156],[9.506,55.159],[9.521,55.162],[9.534,55.168],[9.55,55.176],[9.561,55.178],[9.58,55.19],[9.592,55.194],[9.603,55.194],[9.62,55.19],[9.629,55.189],[9.638,55.178],[9.638,55.175],[9.672,55.189],[9.693,55.195],[9.696,55.198],[9.692,55.208],[9.691,55.221],[9.682,55.217],[9.681,55.212],[9.67,55.213],[9.658,55.21],[9.658,55.221],[9.662,55.225],[9.672,55.227],[9.683,55.22],[9.69,55.224],[9.711,55.233],[9.716,55.238],[9.712,55.242],[9.719,55.251],[9.716,55.259],[9.696,55.268],[9.683,55.271],[9.667,55.277],[9.66,55.283],[9.645,55.281],[9.638,55.285],[9.628,55.285],[9.611,55.271],[9.593,55.271],[9.585,55.266],[9.59,55.261],[9.587,55.255],[9.575,55.252],[9.568,55.247],[9.563,55.249],[9.573,55.258],[9.583,55.259],[9.581,55.266],[9.587,55.272],[9.6,55.274],[9.611,55.274],[9.623,55.286],[9.632,55.291],[9.64,55.291],[9.651,55.286],[9.67,55.288],[9.652,55.301],[9.646,55.311],[9.629,55.312],[9.637,55.316],[9.65,55.328],[9.646,55.337],[9.648,55.34],[9.642,55.346],[9.623,55.357],[9.601,55.357],[9.596,55.354],[9.595,55.354],[9.595,55.353],[9.594,55.353],[9.593,55.353],[9.592,55.353],[9.592,55.352],[9.586,55.353],[9.585,55.352],[9.584,55.351],[9.58,55.35],[9.58,55.349],[9.577,55.349],[9.573,55.349],[9.573,55.348],[9.573,55.347],[9.572,55.347],[9.572,55.346],[9.571,55.346],[9.57,55.346],[9.569,55.345],[9.568,55.345],[9.565,55.341],[9.562,55.34],[9.562,55.339],[9.561,55.339],[9.56,55.339],[9.559,55.338],[9.558,55.338],[9.558,55.337],[9.557,55.337],[9.556,55.337],[9.555,55.337],[9.554,55.337],[9.553,55.337],[9.552,55.337],[9.551,55.337],[9.55,55.336],[9.549,55.336],[9.549,55.335],[9.548,55.334],[9.548,55.333],[9.547,55.333],[9.546,55.332],[9.545,55.332],[9.544,55.332],[9.544,55.331],[9.543,55.331],[9.542,55.331],[9.541,55.33],[9.54,55.33],[9.54,55.329],[9.54,55.327],[9.538,55.325],[9.536,55.324],[9.535,55.322],[9.535,55.321],[9.535,55.32],[9.534,55.32],[9.533,55.32],[9.532,55.32],[9.531,55.32],[9.531,55.321],[9.53,55.32],[9.53,55.319],[9.531,55.319],[9.532,55.319],[9.532,55.318],[9.531,55.318],[9.531,55.317],[9.53,55.317],[9.529,55.317],[9.525,55.316],[9.524,55.316],[9.524,55.317],[9.524,55.318],[9.524,55.319],[9.523,55.319],[9.522,55.319],[9.521,55.319],[9.52,55.319],[9.519,55.318],[9.518,55.318],[9.518,55.319],[9.517,55.319],[9.516,55.319],[9.516,55.318],[9.515,55.318],[9.514,55.318],[9.513,55.318],[9.512,55.318],[9.51,55.318],[9.509,55.318],[9.509,55.316],[9.508,55.315],[9.507,55.314],[9.505,55.315],[9.506,55.316],[9.505,55.316],[9.504,55.316],[9.503,55.316],[9.502,55.317],[9.499,55.317],[9.497,55.316],[9.496,55.316],[9.495,55.316],[9.494,55.316],[9.493,55.316],[9.494,55.316],[9.493,55.316],[9.488,55.314],[9.487,55.314],[9.486,55.313],[9.486,55.312],[9.487,55.312],[9.487,55.311],[9.488,55.311],[9.487,55.311],[9.486,55.31],[9.485,55.31],[9.484,55.31],[9.483,55.31],[9.482,55.31],[9.479,55.309],[9.478,55.309],[9.477,55.309],[9.476,55.309],[9.475,55.309],[9.474,55.31],[9.473,55.31],[9.472,55.31],[9.472,55.311],[9.471,55.311],[9.47,55.311],[9.469,55.311],[9.468,55.312],[9.467,55.312],[9.466,55.312],[9.466,55.313],[9.445,55.319],[9.453,55.329],[9.45,55.337],[9.447,55.339],[9.446,55.344],[9.439,55.344],[9.432,55.35],[9.415,55.349],[9.415,55.345],[9.4,55.338],[9.399,55.334],[9.389,55.327],[9.389,55.323],[9.38,55.314],[9.377,55.313],[9.376,55.313],[9.372,55.313],[9.371,55.313],[9.371,55.312],[9.37,55.312],[9.369,55.312],[9.367,55.312],[9.365,55.312],[9.364,55.312],[9.363,55.313],[9.362,55.313],[9.361,55.314],[9.356,55.316],[9.356,55.317],[9.355,55.318],[9.355,55.319],[9.355,55.32],[9.356,55.32],[9.356,55.321],[9.357,55.321],[9.357,55.322],[9.356,55.322],[9.353,55.323],[9.353,55.324],[9.353,55.325],[9.352,55.325],[9.352,55.326],[9.352,55.327],[9.351,55.327],[9.352,55.328],[9.352,55.329],[9.351,55.329],[9.35,55.33],[9.35,55.331],[9.349,55.331],[9.347,55.331],[9.346,55.331],[9.345,55.331],[9.344,55.331],[9.344,55.332],[9.345,55.336],[9.34,55.341],[9.32,55.346],[9.303,55.353],[9.305,55.362],[9.306,55.362],[9.306,55.363],[9.307,55.363],[9.302,55.368],[9.289,55.37],[9.28,55.374],[9.281,55.379],[9.28,55.379],[9.272,55.381],[9.272,55.38],[9.273,55.38],[9.272,55.379],[9.271,55.379],[9.27,55.379],[9.269,55.379],[9.268,55.38],[9.267,55.38],[9.266,55.38],[9.266,55.379],[9.265,55.38],[9.264,55.38],[9.263,55.38],[9.262,55.381],[9.261,55.382]]]]},"properties":{"code":"510","name":"Haderslev","region":"Region Syddanmark"}},
{"type":"Feature","geometry":{"type":"Polygon","coordinates":[[[8.902,55.894],[8.882,55.896],[8.877,55.895],[8.876,55.893],[8.874,55.893],[8.873,55.894],[8.872,55.894],[8.871,55.894],[8.87,55.894],[8.869,55.894],[8.868,55.895],[8.867,55.895],[8.862,55.891],[8.861,55.889],[8.86,55.887],[8.859,55.886],[8.859,55.885],[8.858,55.885],[8.857,55.883],[8.856,55.882],[8.856,55.881],[8.855,55.88],[8.853,55.88],[8.845,55.881],[8.843,55.881],[8.841,55.882],[8.84,55.882],[8.822,55.847],[8.808,55.843],[8.795,55.838],[8.802,55.833],[8.813,55.828],[8.826,55.819],[8.791,55.812],[8.759,55.806],[8.757,55.792],[8.757,55.78],[8.75,55.777],[8.747,55.769],[8.753,55.758],[8.758,55.757],[8.78,55.76],[8.8,55.744],[8.834,55.732],[8.837,55.727],[8.829,55.724],[8.818,55.714],[8.809,55.698],[8.801,55.697],[8.802,55.687],[8.801,55.681],[8.825,55.678],[8.83,55.674],[8.843,55.669],[8.866,55.672],[8.875,55.67],[8.879,55.665],[8.889,55.659],[8.888,55.645],[8.882,55.639],[8.903,55.626],[8.912,55.628],[8.927,55.628],[8.928,55.628],[8.929,55.628],[8.93,55.628],[8.936,55.627],[8.937,55.627],[8.938,55.627],[8.945,55.627],[8.946,55.627],[8.963,55.625],[8.964,55.625],[8.971,55.624],[8.972,55.624],[8.975,55.624],[8.977,55.623],[8.993,55.618],[8.993,55.617],[8.993,55.616],[8.993,55.609],[8.993,55.608],[8.993,55.607],[8.993,55.606],[8.994,55.606],[8.995,55.605],[8.996,55.605],[8.996,55.606],[8.997,55.605],[8.998,55.605],[8.998,55.606],[8.999,55.605],[9,55.605],[9.001,55.606],[9.002,55.606],[9.003,55.606],[9.004,55.605],[9.004,55.606],[9.005,55.606],[9.005,55.605],[9.006,55.605],[9.007,55.605],[9.009,55.604],[9.01,55.604],[9.011,55.604],[9.011,55.605],[9.012,55.605],[9.013,55.605],[9.014,55.605],[9.015,55.606],[9.015,55.605],[9.016,55.605],[9.017,55.605],[9.018,55.605],[9.019,55.605],[9.02,55.605],[9.021,55.605],[9.022,55.605],[9.023,55.605],[9.024,55.605],[9.025,55.605],[9.026,55.605],[9.031,55.605],[9.032,55.605],[9.034,55.605],[9.035,55.605],[9.036,55.605],[9.039,55.605],[9.04,55.605],[9.041,55.604],[9.042,55.604],[9.043,55.604],[9.044,55.604],[9.044,55.603],[9.046,55.602],[9.047,55.602],[9.049,55.602],[9.05,55.602],[9.051,55.602],[9.052,55.602],[9.053,55.602],[9.054,55.602],[9.054,55.601],[9.054,55.602],[9.055,55.602],[9.055,55.601],[9.056,55.601],[9.057,55.601],[9.057,55.602],[9.057,55.601],[9.057,55.602],[9.059,55.601],[9.061,55.601],[9.062,55.601],[9.063,55.601],[9.064,55.601],[9.065,55.601],[9.066,55.601],[9.067,55.601],[9.068,55.601],[9.069,55.601],[9.07,55.601],[9.07,55.6],[9.071,55.6],[9.07,55.6],[9.071,55.6],[9.072,55.6],[9.073,55.6],[9.074,55.599],[9.075,55.599],[9.075,55.598],[9.076,55.598],[9.077,55.598],[9.078,55.597],[9.079,55.597],[9.079,55.596],[9.08,55.596],[9.08,55.595],[9.081,55.595],[9.08,55.595],[9.081,55.595],[9.082,55.595],[9.082,55.594],[9.083,55.594],[9.084,55.594],[9.085,55.594],[9.095,55.596],[9.097,55.597],[9.101,55.598],[9.104,55.599],[9.106,55.599],[9.112,55.601],[9.113,55.6],[9.114,55.6],[9.121,55.6],[9.125,55.601],[9.125,55.602],[9.126,55.606],[9.142,55.612],[9.152,55.614],[9.153,55.614],[9.163,55.613],[9.164,55.613],[9.165,55.613],[9.177,55.613],[9.183,55.614],[9.184,55.616],[9.185,55.618],[9.186,55.622],[9.188,55.626],[9.188,55.627],[9.189,55.629],[9.188,55.629],[9.18,55.629],[9.179,55.629],[9.177,55.629],[9.176,55.629],[9.174,55.63],[9.173,55.63],[9.168,55.63],[9.165,55.629],[9.162,55.629],[9.159,55.633],[9.158,55.638],[9.15,55.639],[9.155,55.654],[9.158,55.662],[9.156,55.667],[9.155,55.669],[9.154,55.672],[9.158,55.681],[9.159,55.684],[9.151,55.69],[9.165,55.695],[9.166,55.695],[9.168,55.695],[9.168,55.696],[9.168,55.697],[9.149,55.702],[9.15,55.705],[9.151,55.706],[9.152,55.707],[9.153,55.708],[9.154,55.708],[9.155,55.709],[9.156,55.71],[9.156,55.711],[9.156,55.712],[9.157,55.712],[9.157,55.714],[9.158,55.715],[9.158,55.716],[9.158,55.717],[9.158,55.719],[9.157,55.721],[9.158,55.723],[9.154,55.732],[9.154,55.734],[9.169,55.734],[9.175,55.737],[9.197,55.738],[9.199,55.74],[9.186,55.745],[9.174,55.747],[9.158,55.749],[9.134,55.749],[9.114,55.753],[9.117,55.767],[9.101,55.77],[9.089,55.767],[9.088,55.767],[9.087,55.767],[9.086,55.767],[9.084,55.767],[9.083,55.767],[9.078,55.767],[9.077,55.767],[9.072,55.768],[9.071,55.768],[9.07,55.768],[9.069,55.768],[9.068,55.769],[9.067,55.769],[9.063,55.769],[9.062,55.769],[9.06,55.769],[9.058,55.769],[9.057,55.769],[9.055,55.769],[9.055,55.771],[9.055,55.772],[9.056,55.774],[9.056,55.775],[9.056,55.776],[9.056,55.777],[9.058,55.783],[9.058,55.784],[9.059,55.786],[9.06,55.79],[9.06,55.791],[9.061,55.794],[9.061,55.796],[9.063,55.8],[9.063,55.801],[9.065,55.81],[9.065,55.811],[9.064,55.812],[9.063,55.812],[9.062,55.812],[9.061,55.813],[9.06,55.813],[9.059,55.814],[9.06,55.814],[9.058,55.814],[9.059,55.815],[9.06,55.816],[9.061,55.817],[9.061,55.818],[9.066,55.826],[9.066,55.827],[9.067,55.827],[9.068,55.829],[9.068,55.83],[9.069,55.831],[9.07,55.832],[9.07,55.833],[9.073,55.836],[9.073,55.837],[9.074,55.837],[9.078,55.839],[9.077,55.84],[9.078,55.841],[9.078,55.842],[9.075,55.843],[9.074,55.843],[9.073,55.843],[9.073,55.844],[9.072,55.844],[9.071,55.844],[9.071,55.845],[9.068,55.846],[9.066,55.847],[9.065,55.847],[9.064,55.848],[9.061,55.85],[9.053,55.844],[9.052,55.843],[9.049,55.84],[9.047,55.838],[9.046,55.836],[9.045,55.837],[9.043,55.837],[9.029,55.84],[9.027,55.839],[9.024,55.836],[9.023,55.835],[9.022,55.835],[9.021,55.834],[9.015,55.836],[9.014,55.835],[9.01,55.831],[9.009,55.831],[9.007,55.833],[9.006,55.832],[9.005,55.832],[9.006,55.832],[9.005,55.832],[9.005,55.833],[9.004,55.833],[9.003,55.833],[9.002,55.832],[9.002,55.833],[9.002,55.834],[9.001,55.834],[9.002,55.834],[9.001,55.835],[9,55.835],[9,55.834],[8.999,55.835],[8.997,55.835],[8.998,55.836],[8.997,55.837],[8.995,55.837],[8.994,55.837],[8.992,55.839],[8.988,55.839],[8.988,55.838],[8.986,55.839],[8.985,55.839],[8.984,55.839],[8.981,55.839],[8.978,55.84],[8.976,55.839],[8.976,55.84],[8.976,55.839],[8.975,55.84],[8.972,55.84],[8.971,55.841],[8.97,55.841],[8.969,55.841],[8.968,55.841],[8.966,55.842],[8.965,55.843],[8.964,55.843],[8.965,55.843],[8.964,55.843],[8.962,55.843],[8.961,55.843],[8.961,55.842],[8.96,55.842],[8.959,55.844],[8.958,55.845],[8.958,55.847],[8.959,55.847],[8.959,55.848],[8.959,55.849],[8.96,55.85],[8.963,55.856],[8.963,55.857],[8.964,55.858],[8.966,55.862],[8.966,55.863],[8.968,55.865],[8.968,55.866],[8.967,55.869],[8.967,55.871],[8.966,55.879],[8.966,55.88],[8.966,55.885],[8.961,55.886],[8.96,55.887],[8.959,55.887],[8.954,55.889],[8.953,55.889],[8.943,55.892],[8.936,55.892],[8.935,55.892],[8.933,55.891],[8.932,55.891],[8.931,55.891],[8.93,55.891],[8.927,55.892],[8.916,55.893],[8.915,55.893],[8.914,55.893],[8.903,55.894],[8.902,55.894]]]},"properties":{"code":"530","name":"Billund","region":"Region Syddanmark"}},
{"type":"Feature","geometry":{"type":"MultiPolygon","coordinates":[[[[9.745,55.084],[9.724,55.08],[9.699,55.077],[9.694,55.074],[9.667,55.066],[9.651,55.054],[9.641,55.052],[9.639,55.045],[9.644,55.039],[9.662,55.039],[9.684,55.035],[9.698,55.045],[9.706,55.045],[9.703,55.033],[9.696,55.037],[9.686,55.032],[9.67,55.031],[9.661,55.029],[9.662,55.021],[9.669,55.021],[9.677,55.015],[9.701,55.007],[9.718,55.008],[9.724,55.01],[9.736,55.008],[9.766,55.011],[9.786,55.012],[9.793,55.01],[9.794,55.004],[9.777,55],[9.776,54.996],[9.786,54.993],[9.781,54.988],[9.783,54.984],[9.796,54.982],[9.819,54.98],[9.834,54.975],[9.845,54.969],[9.833,54.957],[9.84,54.953],[9.836,54.948],[9.858,54.939],[9.835,54.934],[9.821,54.941],[9.805,54.957],[9.791,54.969],[9.775,54.97],[9.771,54.972],[9.759,54.982],[9.753,54.978],[9.759,54.971],[9.762,54.946],[9.765,54.944],[9.763,54.934],[9.77,54.927],[9.77,54.918],[9.781,54.916],[9.785,54.911],[9.783,54.906],[9.793,54.902],[9.795,54.898],[9.806,54.894],[9.824,54.892],[9.831,54.889],[9.843,54.891],[9.872,54.9],[9.88,54.899],[9.886,54.907],[9.899,54.908],[9.911,54.906],[9.918,54.901],[9.94,54.894],[9.949,54.893],[9.954,54.889],[9.968,54.884],[9.988,54.873],[9.998,54.86],[9.993,54.856],[9.981,54.859],[9.971,54.868],[9.957,54.868],[9.952,54.874],[9.934,54.879],[9.928,54.883],[9.917,54.884],[9.911,54.89],[9.9,54.895],[9.885,54.89],[9.882,54.886],[9.868,54.877],[9.881,54.869],[9.891,54.865],[9.903,54.865],[9.914,54.863],[9.929,54.856],[9.946,54.853],[9.96,54.852],[9.981,54.854],[9.99,54.853],[10.01,54.868],[10.02,54.872],[10.038,54.875],[10.065,54.874],[10.071,54.877],[10.067,54.892],[10.058,54.897],[10.051,54.906],[10.044,54.923],[10.045,54.932],[10.026,54.949],[10.015,54.961],[10.003,54.978],[9.994,54.986],[9.978,54.995],[9.965,55.007],[9.941,55.016],[9.926,55.019],[9.907,55.019],[9.898,55.02],[9.878,55.027],[9.862,55.037],[9.853,55.046],[9.837,55.051],[9.828,55.056],[9.815,55.065],[9.793,55.072],[9.771,55.08],[9.756,55.083],[9.745,55.084]]],[[[9.524,54.877],[9.54,54.882],[9.557,54.876],[9.566,54.879],[9.578,54.89],[9.579,54.898],[9.575,54.902],[9.583,54.905],[9.598,54.907],[9.602,54.91],[9.597,54.914],[9.598,54.919],[9.611,54.916],[9.612,54.923],[9.618,54.933],[9.623,54.935],[9.638,54.933],[9.666,54.921],[9.673,54.916],[9.669,54.91],[9.653,54.909],[9.643,54.916],[9.605,54.91],[9.599,54.905],[9.609,54.904],[9.621,54.896],[9.641,54.891],[9.642,54.885],[9.657,54.878],[9.65,54.872],[9.637,54.867],[9.637,54.862],[9.647,54.858],[9.664,54.854],[9.675,54.857],[9.69,54.856],[9.706,54.852],[9.708,54.845],[9.722,54.841],[9.726,54.835],[9.744,54.837],[9.752,54.84],[9.761,54.849],[9.758,54.862],[9.752,54.863],[9.742,54.871],[9.74,54.882],[9.726,54.889],[9.709,54.888],[9.703,54.891],[9.701,54.896],[9.709,54.903],[9.721,54.903],[9.757,54.897],[9.769,54.9],[9.78,54.905],[9.782,54.911],[9.777,54.914],[9.768,54.916],[9.764,54.919],[9.762,54.927],[9.755,54.929],[9.756,54.94],[9.752,54.947],[9.75,54.959],[9.752,54.966],[9.74,54.975],[9.738,54.987],[9.726,54.987],[9.714,54.99],[9.698,54.988],[9.69,54.989],[9.683,54.995],[9.656,55.003],[9.653,55.006],[9.639,55.01],[9.63,55.01],[9.63,55.009],[9.63,55.008],[9.63,55.007],[9.631,55.007],[9.631,55.006],[9.632,55.006],[9.631,55.006],[9.632,55.006],[9.631,55.006],[9.632,55.006],[9.631,55.006],[9.63,55.004],[9.63,55.003],[9.629,55.001],[9.629,55],[9.628,55],[9.628,54.999],[9.627,54.999],[9.626,54.999],[9.626,54.998],[9.625,54.998],[9.626,54.997],[9.625,54.997],[9.624,54.997],[9.623,54.997],[9.623,54.996],[9.624,54.996],[9.623,54.996],[9.623,54.995],[9.623,54.994],[9.622,54.994],[9.622,54.993],[9.621,54.993],[9.621,54.992],[9.62,54.992],[9.62,54.991],[9.619,54.99],[9.618,54.99],[9.618,54.989],[9.617,54.989],[9.616,54.989],[9.616,54.988],[9.615,54.987],[9.614,54.986],[9.614,54.985],[9.613,54.985],[9.613,54.984],[9.613,54.983],[9.613,54.982],[9.612,54.981],[9.611,54.981],[9.611,54.98],[9.61,54.98],[9.61,54.979],[9.61,54.978],[9.609,54.977],[9.608,54.977],[9.607,54.977],[9.604,54.975],[9.603,54.975],[9.602,54.974],[9.601,54.974],[9.601,54.973],[9.6,54.973],[9.599,54.973],[9.599,54.972],[9.597,54.972],[9.596,54.972],[9.596,54.973],[9.595,54.972],[9.595,54.971],[9.594,54.97],[9.593,54.969],[9.593,54.968],[9.593,54.967],[9.592,54.967],[9.592,54.966],[9.591,54.965],[9.59,54.965],[9.59,54.964],[9.589,54.962],[9.589,54.961],[9.583,54.957],[9.582,54.956],[9.583,54.956],[9.58,54.954],[9.578,54.954],[9.577,54.953],[9.576,54.954],[9.576,54.953],[9.575,54.952],[9.574,54.952],[9.573,54.952],[9.571,54.953],[9.57,54.953],[9.569,54.953],[9.568,54.953],[9.569,54.951],[9.568,54.951],[9.561,54.948],[9.558,54.946],[9.557,54.946],[9.554,54.944],[9.551,54.942],[9.55,54.942],[9.549,54.942],[9.547,54.944],[9.543,54.943],[9.542,54.943],[9.541,54.943],[9.541,54.944],[9.539,54.945],[9.537,54.946],[9.536,54.946],[9.535,54.946],[9.533,54.945],[9.533,54.946],[9.532,54.946],[9.532,54.947],[9.532,54.948],[9.532,54.95],[9.533,54.95],[9.531,54.951],[9.53,54.951],[9.528,54.951],[9.527,54.951],[9.526,54.951],[9.524,54.954],[9.523,54.955],[9.523,54.956],[9.522,54.957],[9.522,54.958],[9.521,54.958],[9.521,54.959],[9.521,54.96],[9.52,54.96],[9.519,54.96],[9.518,54.961],[9.516,54.962],[9.515,54.962],[9.513,54.962],[9.511,54.963],[9.51,54.963],[9.507,54.96],[9.506,54.96],[9.505,54.96],[9.504,54.959],[9.504,54.96],[9.503,54.96],[9.503,54.961],[9.502,54.962],[9.499,54.962],[9.499,54.963],[9.496,54.963],[9.495,54.963],[9.494,54.963],[9.493,54.963],[9.486,54.962],[9.486,54.961],[9.487,54.961],[9.487,54.96],[9.487,54.959],[9.488,54.959],[9.489,54.958],[9.491,54.957],[9.492,54.957],[9.493,54.956],[9.493,54.955],[9.496,54.95],[9.495,54.95],[9.495,54.949],[9.492,54.945],[9.491,54.945],[9.49,54.944],[9.489,54.944],[9.488,54.943],[9.487,54.943],[9.487,54.942],[9.486,54.942],[9.484,54.941],[9.483,54.941],[9.482,54.942],[9.481,54.941],[9.481,54.94],[9.481,54.939],[9.482,54.939],[9.481,54.938],[9.476,54.937],[9.465,54.934],[9.464,54.934],[9.463,54.933],[9.462,54.934],[9.463,54.933],[9.464,54.932],[9.467,54.928],[9.468,54.927],[9.468,54.926],[9.47,54.926],[9.471,54.926],[9.472,54.925],[9.471,54.923],[9.471,54.922],[9.471,54.921],[9.471,54.92],[9.47,54.92],[9.47,54.919],[9.47,54.918],[9.469,54.916],[9.469,54.915],[9.469,54.914],[9.469,54.913],[9.469,54.912],[9.468,54.911],[9.468,54.91],[9.468,54.909],[9.468,54.908],[9.469,54.908],[9.472,54.908],[9.473,54.908],[9.474,54.908],[9.475,54.907],[9.476,54.907],[9.48,54.907],[9.488,54.906],[9.489,54.906],[9.493,54.905],[9.495,54.905],[9.496,54.906],[9.497,54.906],[9.498,54.905],[9.499,54.905],[9.503,54.904],[9.504,54.904],[9.505,54.904],[9.508,54.904],[9.509,54.904],[9.51,54.904],[9.51,54.905],[9.511,54.905],[9.514,54.905],[9.516,54.905],[9.519,54.905],[9.52,54.904],[9.52,54.902],[9.52,54.901],[9.522,54.9],[9.532,54.899],[9.535,54.893],[9.524,54.893],[9.523,54.893],[9.522,54.893],[9.521,54.893],[9.52,54.893],[9.519,54.894],[9.518,54.894],[9.516,54.894],[9.516,54.893],[9.514,54.893],[9.51,54.893],[9.51,54.892],[9.513,54.89],[9.513,54.889],[9.514,54.889],[9.514,54.888],[9.514,54.887],[9.515,54.884],[9.515,54.883],[9.516,54.882],[9.517,54.882],[9.518,54.882],[9.519,54.882],[9.521,54.881],[9.522,54.881],[9.524,54.88],[9.525,54.879],[9.525,54.878],[9.524,54.878],[9.523,54.878],[9.523,54.877],[9.524,54.877]]]]},"properties":{"code":"540","name":"Sønderborg","region":"Region Syddanmark"}},
{"type":"Feature","geometry":{"type":"Polygon","coordinates":[[[8.936,55.221],[8.931,55.222],[8.93,55.222],[8.928,55.223],[8.927,55.223],[8.926,55.223],[8.922,55.224],[8.918,55.225],[8.916,55.226],[8.916,55.225],[8.91,55.227],[8.909,55.227],[8.908,55.227],[8.907,55.228],[8.906,55.228],[8.899,55.227],[8.898,55.227],[8.897,55.227],[8.896,55.227],[8.895,55.227],[8.89,55.227],[8.889,55.228],[8.886,55.228],[8.884,55.228],[8.883,55.228],[8.882,55.228],[8.88,55.228],[8.879,55.228],[8.877,55.227],[8.876,55.227],[8.871,55.227],[8.871,55.226],[8.868,55.226],[8.867,55.226],[8.866,55.226],[8.865,55.226],[8.863,55.225],[8.862,55.225],[8.861,55.225],[8.86,55.225],[8.859,55.225],[8.857,55.226],[8.856,55.226],[8.852,55.227],[8.851,55.227],[8.835,55.228],[8.831,55.228],[8.808,55.231],[8.798,55.236],[8.796,55.237],[8.795,55.237],[8.794,55.238],[8.791,55.239],[8.79,55.239],[8.782,55.239],[8.781,55.239],[8.78,55.239],[8.779,55.239],[8.778,55.239],[8.771,55.239],[8.765,55.24],[8.764,55.24],[8.756,55.241],[8.754,55.241],[8.753,55.241],[8.752,55.241],[8.75,55.242],[8.749,55.242],[8.746,55.242],[8.744,55.242],[8.743,55.242],[8.742,55.243],[8.741,55.243],[8.74,55.243],[8.739,55.243],[8.738,55.243],[8.737,55.243],[8.73,55.244],[8.729,55.244],[8.728,55.244],[8.727,55.244],[8.723,55.245],[8.722,55.245],[8.721,55.245],[8.72,55.245],[8.719,55.245],[8.719,55.244],[8.718,55.244],[8.717,55.244],[8.713,55.244],[8.707,55.244],[8.705,55.244],[8.704,55.244],[8.703,55.244],[8.696,55.243],[8.695,55.243],[8.694,55.243],[8.693,55.243],[8.691,55.243],[8.69,55.243],[8.689,55.243],[8.688,55.243],[8.687,55.243],[8.686,55.243],[8.685,55.243],[8.684,55.243],[8.683,55.243],[8.682,55.243],[8.681,55.243],[8.68,55.243],[8.676,55.242],[8.675,55.242],[8.674,55.242],[8.673,55.242],[8.672,55.242],[8.668,55.241],[8.667,55.241],[8.659,55.239],[8.658,55.234],[8.665,55.222],[8.675,55.188],[8.677,55.188],[8.684,55.159],[8.658,55.157],[8.659,55.152],[8.619,55.149],[8.607,55.149],[8.568,55.154],[8.574,55.162],[8.569,55.166],[8.573,55.173],[8.585,55.179],[8.594,55.188],[8.588,55.191],[8.572,55.198],[8.552,55.204],[8.531,55.208],[8.519,55.212],[8.502,55.206],[8.484,55.19],[8.478,55.176],[8.476,55.165],[8.477,55.157],[8.474,55.131],[8.464,55.1],[8.464,55.094],[8.486,55.075],[8.495,55.069],[8.499,55.064],[8.51,55.058],[8.52,55.062],[8.537,55.066],[8.538,55.07],[8.557,55.078],[8.568,55.085],[8.557,55.098],[8.551,55.101],[8.555,55.109],[8.56,55.122],[8.555,55.125],[8.551,55.144],[8.559,55.15],[8.609,55.145],[8.642,55.146],[8.653,55.148],[8.674,55.147],[8.686,55.144],[8.678,55.136],[8.659,55.099],[8.65,55.089],[8.646,55.09],[8.632,55.04],[8.634,55.032],[8.645,55.013],[8.647,55.006],[8.656,54.991],[8.658,54.964],[8.641,54.928],[8.635,54.912],[8.66,54.909],[8.669,54.911],[8.687,54.909],[8.71,54.899],[8.728,54.893],[8.738,54.893],[8.755,54.897],[8.76,54.895],[8.777,54.893],[8.776,54.895],[8.787,54.899],[8.799,54.905],[8.811,54.906],[8.819,54.904],[8.824,54.907],[8.837,54.905],[8.849,54.897],[8.86,54.897],[8.866,54.9],[8.887,54.903],[8.892,54.905],[8.921,54.903],[8.948,54.903],[8.978,54.896],[8.984,54.892],[9.014,54.887],[9.027,54.882],[9.03,54.885],[9.031,54.89],[9.031,54.905],[9.032,54.906],[9.034,54.906],[9.037,54.907],[9.038,54.908],[9.037,54.911],[9.037,54.912],[9.022,54.914],[9.015,54.915],[9.015,54.916],[9.016,54.916],[9.016,54.917],[9.014,54.922],[9.013,54.922],[9.012,54.923],[9.009,54.929],[9.006,54.933],[9.007,54.937],[9.007,54.938],[9.027,54.943],[9.027,54.946],[9.027,54.954],[9.026,54.959],[9.025,54.962],[9.026,54.962],[9.029,54.962],[9.032,54.964],[9.035,54.965],[9.035,54.966],[9.036,54.966],[9.063,54.97],[9.069,54.977],[9.094,54.981],[9.076,54.999],[9.075,55.006],[9.07,55.013],[9.073,55.02],[9.092,55.024],[9.088,55.033],[9.095,55.037],[9.116,55.044],[9.113,55.05],[9.132,55.057],[9.141,55.057],[9.134,55.074],[9.135,55.08],[9.112,55.083],[9.13,55.09],[9.139,55.091],[9.142,55.096],[9.151,55.098],[9.161,55.09],[9.169,55.094],[9.192,55.092],[9.197,55.093],[9.208,55.105],[9.219,55.108],[9.236,55.118],[9.247,55.122],[9.245,55.131],[9.249,55.139],[9.248,55.139],[9.247,55.139],[9.246,55.14],[9.246,55.141],[9.246,55.142],[9.245,55.143],[9.244,55.143],[9.243,55.143],[9.238,55.144],[9.237,55.145],[9.236,55.145],[9.235,55.146],[9.234,55.146],[9.234,55.147],[9.233,55.148],[9.232,55.149],[9.232,55.15],[9.232,55.151],[9.232,55.152],[9.232,55.154],[9.232,55.155],[9.233,55.155],[9.238,55.157],[9.238,55.158],[9.239,55.158],[9.24,55.158],[9.241,55.158],[9.249,55.165],[9.221,55.168],[9.215,55.175],[9.198,55.176],[9.182,55.176],[9.174,55.165],[9.171,55.164],[9.17,55.164],[9.149,55.159],[9.125,55.156],[9.124,55.158],[9.123,55.159],[9.123,55.16],[9.122,55.161],[9.121,55.164],[9.12,55.166],[9.103,55.166],[9.126,55.18],[9.127,55.181],[9.128,55.181],[9.13,55.183],[9.131,55.183],[9.131,55.184],[9.132,55.185],[9.132,55.186],[9.136,55.19],[9.137,55.191],[9.168,55.196],[9.164,55.2],[9.166,55.207],[9.153,55.216],[9.152,55.223],[9.137,55.233],[9.138,55.233],[9.137,55.233],[9.136,55.233],[9.136,55.234],[9.135,55.234],[9.134,55.234],[9.126,55.236],[9.125,55.236],[9.123,55.237],[9.122,55.237],[9.119,55.237],[9.118,55.237],[9.117,55.237],[9.116,55.237],[9.111,55.239],[9.11,55.239],[9.11,55.24],[9.109,55.24],[9.108,55.24],[9.104,55.241],[9.103,55.241],[9.101,55.241],[9.1,55.241],[9.099,55.241],[9.098,55.241],[9.097,55.241],[9.093,55.241],[9.092,55.241],[9.088,55.241],[9.086,55.241],[9.085,55.241],[9.084,55.241],[9.084,55.242],[9.083,55.242],[9.082,55.242],[9.081,55.242],[9.08,55.242],[9.08,55.241],[9.079,55.241],[9.078,55.241],[9.077,55.241],[9.076,55.241],[9.075,55.241],[9.073,55.24],[9.072,55.24],[9.071,55.24],[9.07,55.239],[9.069,55.239],[9.068,55.239],[9.066,55.238],[9.065,55.238],[9.064,55.238],[9.063,55.237],[9.061,55.237],[9.06,55.236],[9.052,55.236],[9.049,55.236],[9.047,55.236],[9.046,55.236],[9.045,55.236],[9.044,55.235],[9.043,55.235],[9.042,55.235],[9.041,55.234],[9.037,55.233],[9.036,55.233],[9.035,55.233],[9.034,55.232],[9.028,55.231],[9.026,55.23],[9.025,55.23],[9.024,55.23],[9.021,55.23],[9.017,55.229],[9.017,55.228],[9.016,55.228],[9.015,55.227],[9.013,55.226],[9.012,55.225],[9.011,55.224],[9.008,55.222],[9.008,55.223],[9.007,55.222],[9.006,55.221],[9.005,55.22],[9.004,55.219],[9.002,55.217],[8.998,55.212],[8.997,55.212],[8.995,55.212],[8.994,55.212],[8.993,55.212],[8.992,55.212],[8.991,55.212],[8.99,55.211],[8.989,55.211],[8.988,55.211],[8.986,55.211],[8.985,55.211],[8.984,55.211],[8.983,55.211],[8.982,55.21],[8.981,55.209],[8.98,55.208],[8.98,55.209],[8.979,55.209],[8.979,55.21],[8.978,55.211],[8.977,55.211],[8.976,55.211],[8.976,55.212],[8.971,55.212],[8.97,55.212],[8.969,55.212],[8.969,55.213],[8.967,55.213],[8.967,55.209],[8.966,55.209],[8.966,55.205],[8.966,55.204],[8.967,55.2],[8.966,55.2],[8.967,55.198],[8.967,55.197],[8.967,55.196],[8.967,55.195],[8.966,55.194],[8.963,55.192],[8.948,55.194],[8.946,55.195],[8.937,55.196],[8.937,55.197],[8.937,55.198],[8.937,55.199],[8.937,55.209],[8.937,55.21],[8.936,55.219],[8.936,55.22],[8.936,55.221]]]},"properties":{"code":"550","name":"Tønder","region":"Region Syddanmark"}},
{"type":"Feature","geometry":{"type":"Polygon","coordinates":[[[8.892,55.323],[8.892,55.324],[8.893,55.325],[8.894,55.328],[8.898,55.334],[8.898,55.335],[8.898,55.336],[8.899,55.336],[8.899,55.337],[8.899,55.339],[8.899,55.34],[8.9,55.341],[8.899,55.341],[8.898,55.342],[8.897,55.342],[8.892,55.343],[8.891,55.343],[8.887,55.345],[8.881,55.354],[8.879,55.357],[8.878,55.358],[8.876,55.362],[8.875,55.364],[8.874,55.365],[8.874,55.366],[8.876,55.366],[8.877,55.366],[8.878,55.366],[8.879,55.366],[8.88,55.366],[8.881,55.365],[8.882,55.365],[8.884,55.365],[8.885,55.364],[8.886,55.364],[8.887,55.364],[8.888,55.364],[8.889,55.365],[8.89,55.365],[8.891,55.365],[8.892,55.365],[8.893,55.365],[8.894,55.365],[8.895,55.365],[8.896,55.365],[8.897,55.365],[8.898,55.365],[8.899,55.366],[8.9,55.367],[8.9,55.368],[8.901,55.368],[8.901,55.369],[8.902,55.369],[8.902,55.37],[8.903,55.37],[8.903,55.371],[8.905,55.374],[8.905,55.375],[8.905,55.376],[8.907,55.377],[8.908,55.378],[8.909,55.38],[8.91,55.38],[8.91,55.381],[8.921,55.383],[8.924,55.382],[8.925,55.382],[8.926,55.382],[8.926,55.381],[8.927,55.381],[8.932,55.381],[8.933,55.381],[8.933,55.382],[8.933,55.383],[8.934,55.386],[8.935,55.387],[8.935,55.388],[8.936,55.389],[8.936,55.39],[8.936,55.391],[8.937,55.392],[8.937,55.393],[8.928,55.393],[8.927,55.393],[8.923,55.393],[8.922,55.393],[8.917,55.393],[8.915,55.393],[8.908,55.395],[8.907,55.395],[8.907,55.396],[8.907,55.397],[8.924,55.401],[8.922,55.404],[8.922,55.405],[8.922,55.406],[8.921,55.408],[8.92,55.408],[8.92,55.409],[8.919,55.408],[8.918,55.408],[8.917,55.409],[8.916,55.409],[8.915,55.409],[8.913,55.41],[8.912,55.41],[8.911,55.411],[8.908,55.41],[8.907,55.411],[8.907,55.41],[8.906,55.41],[8.906,55.409],[8.905,55.409],[8.903,55.409],[8.903,55.407],[8.902,55.407],[8.901,55.408],[8.9,55.408],[8.899,55.408],[8.898,55.408],[8.897,55.408],[8.895,55.408],[8.893,55.408],[8.891,55.408],[8.889,55.408],[8.888,55.408],[8.887,55.408],[8.886,55.408],[8.883,55.408],[8.882,55.408],[8.881,55.408],[8.88,55.408],[8.879,55.408],[8.878,55.408],[8.877,55.408],[8.878,55.409],[8.878,55.41],[8.877,55.41],[8.877,55.411],[8.876,55.411],[8.875,55.411],[8.874,55.411],[8.871,55.41],[8.87,55.41],[8.868,55.409],[8.867,55.409],[8.868,55.411],[8.868,55.413],[8.866,55.418],[8.866,55.42],[8.865,55.421],[8.865,55.422],[8.866,55.423],[8.865,55.428],[8.866,55.436],[8.867,55.437],[8.865,55.437],[8.864,55.437],[8.863,55.437],[8.852,55.436],[8.851,55.436],[8.847,55.437],[8.846,55.438],[8.846,55.439],[8.846,55.44],[8.847,55.441],[8.847,55.442],[8.847,55.443],[8.847,55.444],[8.846,55.45],[8.844,55.45],[8.844,55.451],[8.839,55.453],[8.847,55.46],[8.847,55.461],[8.848,55.462],[8.847,55.463],[8.858,55.469],[8.859,55.469],[8.861,55.471],[8.862,55.471],[8.862,55.472],[8.866,55.487],[8.865,55.488],[8.865,55.494],[8.864,55.495],[8.865,55.495],[8.866,55.495],[8.861,55.498],[8.86,55.499],[8.859,55.499],[8.859,55.5],[8.859,55.499],[8.858,55.499],[8.858,55.5],[8.854,55.507],[8.859,55.508],[8.857,55.512],[8.851,55.514],[8.838,55.517],[8.837,55.517],[8.814,55.521],[8.815,55.523],[8.816,55.525],[8.816,55.526],[8.815,55.526],[8.814,55.527],[8.813,55.527],[8.812,55.527],[8.807,55.531],[8.807,55.532],[8.804,55.534],[8.803,55.535],[8.801,55.536],[8.801,55.537],[8.799,55.537],[8.799,55.538],[8.798,55.538],[8.797,55.538],[8.796,55.538],[8.794,55.539],[8.792,55.539],[8.791,55.539],[8.791,55.54],[8.79,55.54],[8.789,55.54],[8.788,55.54],[8.783,55.544],[8.776,55.546],[8.775,55.546],[8.775,55.547],[8.775,55.548],[8.774,55.548],[8.773,55.548],[8.772,55.549],[8.771,55.549],[8.765,55.551],[8.764,55.552],[8.763,55.552],[8.763,55.553],[8.762,55.553],[8.745,55.548],[8.742,55.542],[8.732,55.538],[8.731,55.532],[8.725,55.528],[8.714,55.534],[8.713,55.537],[8.692,55.547],[8.681,55.549],[8.675,55.547],[8.661,55.547],[8.633,55.538],[8.615,55.534],[8.601,55.529],[8.597,55.535],[8.597,55.545],[8.579,55.553],[8.573,55.56],[8.557,55.564],[8.567,55.567],[8.564,55.572],[8.546,55.584],[8.515,55.587],[8.49,55.583],[8.487,55.582],[8.471,55.585],[8.462,55.581],[8.47,55.576],[8.469,55.572],[8.462,55.567],[8.441,55.563],[8.455,55.552],[8.453,55.546],[8.441,55.553],[8.43,55.55],[8.403,55.557],[8.411,55.572],[8.394,55.578],[8.372,55.588],[8.352,55.593],[8.334,55.591],[8.328,55.581],[8.318,55.579],[8.311,55.576],[8.296,55.574],[8.294,55.566],[8.312,55.552],[8.316,55.547],[8.338,55.535],[8.354,55.521],[8.378,55.511],[8.384,55.503],[8.414,55.485],[8.407,55.482],[8.424,55.476],[8.436,55.466],[8.431,55.461],[8.442,55.461],[8.45,55.455],[8.471,55.45],[8.479,55.454],[8.49,55.451],[8.495,55.455],[8.513,55.452],[8.524,55.452],[8.543,55.456],[8.552,55.455],[8.562,55.447],[8.59,55.44],[8.603,55.432],[8.621,55.428],[8.623,55.419],[8.629,55.408],[8.634,55.402],[8.641,55.384],[8.646,55.378],[8.655,55.359],[8.655,55.352],[8.662,55.344],[8.667,55.341],[8.67,55.335],[8.67,55.323],[8.661,55.309],[8.643,55.31],[8.609,55.3],[8.602,55.296],[8.591,55.294],[8.58,55.293],[8.563,55.296],[8.546,55.293],[8.531,55.28],[8.533,55.271],[8.545,55.265],[8.558,55.265],[8.569,55.269],[8.587,55.289],[8.606,55.295],[8.626,55.304],[8.643,55.31],[8.657,55.306],[8.653,55.294],[8.657,55.278],[8.649,55.277],[8.653,55.264],[8.661,55.263],[8.656,55.256],[8.661,55.254],[8.656,55.247],[8.659,55.239],[8.667,55.241],[8.668,55.241],[8.672,55.242],[8.673,55.242],[8.674,55.242],[8.675,55.242],[8.676,55.242],[8.68,55.243],[8.681,55.243],[8.682,55.243],[8.683,55.243],[8.684,55.243],[8.685,55.243],[8.686,55.243],[8.687,55.243],[8.688,55.243],[8.689,55.243],[8.69,55.243],[8.691,55.243],[8.693,55.243],[8.694,55.243],[8.695,55.243],[8.696,55.243],[8.703,55.244],[8.704,55.244],[8.705,55.244],[8.707,55.244],[8.713,55.244],[8.717,55.244],[8.718,55.244],[8.719,55.244],[8.719,55.245],[8.72,55.245],[8.721,55.245],[8.722,55.245],[8.723,55.245],[8.727,55.244],[8.728,55.244],[8.729,55.244],[8.73,55.244],[8.737,55.243],[8.738,55.243],[8.739,55.243],[8.74,55.243],[8.741,55.243],[8.742,55.243],[8.743,55.242],[8.744,55.242],[8.746,55.242],[8.749,55.242],[8.75,55.242],[8.752,55.241],[8.753,55.241],[8.754,55.241],[8.756,55.241],[8.764,55.24],[8.765,55.24],[8.771,55.239],[8.778,55.239],[8.779,55.239],[8.78,55.239],[8.781,55.239],[8.782,55.239],[8.79,55.239],[8.791,55.239],[8.794,55.238],[8.795,55.237],[8.796,55.237],[8.798,55.236],[8.808,55.231],[8.831,55.228],[8.835,55.228],[8.851,55.227],[8.852,55.227],[8.856,55.226],[8.857,55.226],[8.859,55.225],[8.86,55.225],[8.861,55.225],[8.862,55.225],[8.863,55.225],[8.865,55.226],[8.866,55.226],[8.867,55.226],[8.868,55.226],[8.871,55.226],[8.871,55.227],[8.876,55.227],[8.877,55.227],[8.879,55.228],[8.88,55.228],[8.882,55.228],[8.883,55.228],[8.884,55.228],[8.886,55.228],[8.889,55.228],[8.89,55.227],[8.895,55.227],[8.896,55.227],[8.897,55.227],[8.898,55.227],[8.899,55.227],[8.906,55.228],[8.907,55.228],[8.908,55.227],[8.909,55.227],[8.91,55.227],[8.916,55.225],[8.916,55.226],[8.918,55.225],[8.922,55.224],[8.926,55.223],[8.927,55.223],[8.928,55.223],[8.93,55.222],[8.931,55.222],[8.936,55.221],[8.933,55.244],[8.935,55.261],[8.939,55.273],[8.908,55.279],[8.914,55.291],[8.927,55.296],[8.921,55.306],[8.908,55.31],[8.892,55.323]]]},"properties":{"code":"561","name":"Esbjerg","region":"Region Syddanmark"}},
{"type":"Feature","geometry":{"type":"MultiPolygon","coordinates":[[[[8.532,55.351],[8.529,55.353],[8.514,55.354],[8.499,55.36],[8.49,55.359],[8.483,55.354],[8.474,55.345],[8.485,55.34],[8.489,55.342],[8.502,55.342],[8.517,55.339],[8.523,55.34],[8.533,55.345],[8.532,55.351]]],[[[8.449,55.396],[8.466,55.406],[8.46,55.42],[8.453,55.427],[8.455,55.432],[8.441,55.438],[8.432,55.436],[8.421,55.425],[8.411,55.429],[8.406,55.435],[8.407,55.447],[8.409,55.454],[8.41,55.466],[8.392,55.469],[8.386,55.474],[8.381,55.471],[8.369,55.469],[8.358,55.464],[8.347,55.465],[8.33,55.458],[8.328,55.45],[8.332,55.443],[8.341,55.436],[8.358,55.429],[8.375,55.416],[8.39,55.4],[8.404,55.381],[8.417,55.361],[8.422,55.355],[8.44,55.345],[8.453,55.341],[8.475,55.339],[8.473,55.345],[8.475,55.349],[8.482,55.355],[8.473,55.356],[8.466,55.379],[8.448,55.39],[8.449,55.396]]]]},"properties":{"code":"563","name":"Fanø","region":"Region Syddanmark"}},
{"type":"Feature","geometry":{"type":"Polygon","coordinates":[[[8.759,55.806],[8.744,55.806],[8.729,55.814],[8.722,55.814],[8.722,55.821],[8.707,55.825],[8.708,55.838],[8.692,55.84],[8.676,55.848],[8.657,55.844],[8.626,55.845],[8.615,55.84],[8.609,55.841],[8.595,55.837],[8.581,55.841],[8.567,55.85],[8.532,55.841],[8.543,55.831],[8.546,55.822],[8.54,55.822],[8.533,55.815],[8.513,55.81],[8.509,55.798],[8.514,55.788],[8.5,55.777],[8.495,55.777],[8.462,55.781],[8.469,55.773],[8.449,55.776],[8.443,55.78],[8.44,55.788],[8.42,55.795],[8.424,55.799],[8.404,55.803],[8.388,55.802],[8.376,55.804],[8.373,55.808],[8.351,55.822],[8.329,55.804],[8.327,55.8],[8.317,55.8],[8.304,55.797],[8.293,55.798],[8.284,55.801],[8.279,55.797],[8.271,55.797],[8.263,55.804],[8.243,55.812],[8.226,55.813],[8.224,55.82],[8.229,55.825],[8.204,55.832],[8.18,55.831],[8.18,55.825],[8.19,55.817],[8.182,55.819],[8.171,55.815],[8.176,55.787],[8.177,55.773],[8.175,55.758],[8.168,55.732],[8.157,55.705],[8.15,55.689],[8.13,55.652],[8.103,55.604],[8.084,55.575],[8.073,55.563],[8.077,55.557],[8.116,55.547],[8.165,55.535],[8.175,55.534],[8.209,55.52],[8.27,55.489],[8.288,55.479],[8.293,55.477],[8.306,55.48],[8.304,55.485],[8.307,55.495],[8.291,55.504],[8.285,55.511],[8.272,55.515],[8.26,55.521],[8.256,55.528],[8.269,55.532],[8.269,55.535],[8.252,55.538],[8.242,55.546],[8.237,55.554],[8.236,55.567],[8.245,55.573],[8.245,55.578],[8.266,55.594],[8.277,55.596],[8.29,55.595],[8.309,55.589],[8.318,55.579],[8.328,55.581],[8.334,55.591],[8.352,55.593],[8.372,55.588],[8.394,55.578],[8.411,55.572],[8.403,55.557],[8.43,55.55],[8.441,55.553],[8.453,55.546],[8.455,55.552],[8.441,55.563],[8.462,55.567],[8.469,55.572],[8.47,55.576],[8.462,55.581],[8.471,55.585],[8.487,55.582],[8.49,55.583],[8.515,55.587],[8.546,55.584],[8.564,55.572],[8.567,55.567],[8.557,55.564],[8.573,55.56],[8.579,55.553],[8.597,55.545],[8.597,55.535],[8.601,55.529],[8.615,55.534],[8.633,55.538],[8.661,55.547],[8.675,55.547],[8.681,55.549],[8.692,55.547],[8.713,55.537],[8.714,55.534],[8.725,55.528],[8.731,55.532],[8.732,55.538],[8.742,55.542],[8.745,55.548],[8.762,55.553],[8.763,55.554],[8.764,55.555],[8.765,55.555],[8.765,55.556],[8.766,55.556],[8.765,55.557],[8.766,55.557],[8.766,55.558],[8.768,55.559],[8.767,55.559],[8.768,55.559],[8.769,55.561],[8.768,55.561],[8.768,55.562],[8.769,55.562],[8.768,55.562],[8.768,55.563],[8.768,55.564],[8.768,55.565],[8.769,55.568],[8.772,55.572],[8.772,55.573],[8.772,55.574],[8.773,55.575],[8.773,55.576],[8.774,55.576],[8.774,55.577],[8.775,55.578],[8.774,55.578],[8.775,55.579],[8.775,55.58],[8.776,55.58],[8.779,55.58],[8.78,55.581],[8.781,55.581],[8.782,55.581],[8.783,55.581],[8.785,55.581],[8.786,55.581],[8.787,55.581],[8.788,55.581],[8.789,55.581],[8.79,55.581],[8.792,55.582],[8.793,55.582],[8.794,55.583],[8.795,55.583],[8.796,55.584],[8.796,55.583],[8.797,55.583],[8.798,55.583],[8.802,55.584],[8.803,55.584],[8.805,55.585],[8.808,55.585],[8.81,55.586],[8.813,55.586],[8.812,55.586],[8.813,55.588],[8.815,55.589],[8.829,55.59],[8.831,55.591],[8.832,55.591],[8.833,55.591],[8.834,55.591],[8.835,55.591],[8.836,55.591],[8.837,55.591],[8.877,55.596],[8.885,55.603],[8.886,55.603],[8.887,55.603],[8.89,55.605],[8.892,55.606],[8.892,55.607],[8.896,55.607],[8.902,55.607],[8.903,55.607],[8.904,55.607],[8.906,55.61],[8.914,55.617],[8.908,55.62],[8.907,55.62],[8.907,55.621],[8.906,55.62],[8.905,55.62],[8.905,55.621],[8.906,55.621],[8.905,55.622],[8.904,55.622],[8.905,55.622],[8.903,55.625],[8.903,55.626],[8.882,55.639],[8.888,55.645],[8.889,55.659],[8.879,55.665],[8.875,55.67],[8.866,55.672],[8.843,55.669],[8.83,55.674],[8.825,55.678],[8.801,55.681],[8.802,55.687],[8.801,55.697],[8.809,55.698],[8.818,55.714],[8.829,55.724],[8.837,55.727],[8.834,55.732],[8.8,55.744],[8.78,55.76],[8.758,55.757],[8.753,55.758],[8.747,55.769],[8.75,55.777],[8.757,55.78],[8.757,55.792],[8.759,55.806]]]},"properties":{"code":"573","name":"Varde","region":"Region Syddanmark"}},
{"type":"Feature","geometry":{"type":"Polygon","coordinates":[[[9.281,55.379],[9.288,55.382],[9.284,55.39],[9.25,55.395],[9.23,55.4],[9.231,55.405],[9.224,55.41],[9.226,55.418],[9.216,55.424],[9.219,55.431],[9.217,55.437],[9.224,55.447],[9.215,55.451],[9.22,55.459],[9.235,55.458],[9.242,55.455],[9.249,55.462],[9.261,55.465],[9.259,55.472],[9.263,55.473],[9.262,55.48],[9.27,55.489],[9.283,55.49],[9.287,55.487],[9.303,55.498],[9.293,55.503],[9.283,55.52],[9.269,55.527],[9.273,55.531],[9.262,55.535],[9.262,55.542],[9.266,55.549],[9.266,55.55],[9.267,55.55],[9.268,55.55],[9.268,55.551],[9.27,55.551],[9.271,55.551],[9.273,55.551],[9.278,55.552],[9.279,55.551],[9.279,55.552],[9.279,55.553],[9.279,55.554],[9.279,55.555],[9.278,55.556],[9.276,55.557],[9.276,55.558],[9.275,55.558],[9.276,55.558],[9.277,55.559],[9.276,55.559],[9.276,55.56],[9.276,55.561],[9.276,55.562],[9.275,55.563],[9.275,55.564],[9.275,55.565],[9.276,55.565],[9.276,55.566],[9.277,55.566],[9.277,55.567],[9.277,55.568],[9.276,55.568],[9.275,55.568],[9.275,55.569],[9.273,55.571],[9.276,55.581],[9.278,55.585],[9.274,55.587],[9.273,55.587],[9.267,55.589],[9.241,55.592],[9.24,55.592],[9.239,55.592],[9.238,55.592],[9.236,55.592],[9.235,55.592],[9.233,55.594],[9.232,55.594],[9.231,55.595],[9.23,55.595],[9.22,55.603],[9.221,55.608],[9.222,55.609],[9.222,55.61],[9.222,55.611],[9.221,55.611],[9.222,55.614],[9.224,55.614],[9.224,55.617],[9.226,55.618],[9.225,55.618],[9.224,55.618],[9.224,55.617],[9.223,55.616],[9.222,55.616],[9.221,55.616],[9.22,55.616],[9.219,55.616],[9.218,55.616],[9.218,55.617],[9.217,55.617],[9.215,55.618],[9.214,55.618],[9.214,55.619],[9.213,55.619],[9.212,55.619],[9.211,55.619],[9.21,55.618],[9.209,55.618],[9.208,55.617],[9.207,55.617],[9.206,55.617],[9.205,55.617],[9.204,55.617],[9.204,55.616],[9.203,55.616],[9.202,55.616],[9.199,55.615],[9.197,55.615],[9.196,55.615],[9.195,55.615],[9.194,55.616],[9.186,55.618],[9.185,55.618],[9.184,55.616],[9.183,55.614],[9.177,55.613],[9.165,55.613],[9.164,55.613],[9.163,55.613],[9.153,55.614],[9.152,55.614],[9.142,55.612],[9.126,55.606],[9.125,55.602],[9.125,55.601],[9.121,55.6],[9.114,55.6],[9.113,55.6],[9.112,55.601],[9.106,55.599],[9.104,55.599],[9.101,55.598],[9.097,55.597],[9.095,55.596],[9.085,55.594],[9.084,55.594],[9.083,55.594],[9.082,55.594],[9.082,55.595],[9.081,55.595],[9.08,55.595],[9.081,55.595],[9.08,55.595],[9.08,55.596],[9.079,55.596],[9.079,55.597],[9.078,55.597],[9.077,55.598],[9.076,55.598],[9.075,55.598],[9.075,55.599],[9.074,55.599],[9.073,55.6],[9.072,55.6],[9.071,55.6],[9.07,55.6],[9.071,55.6],[9.07,55.6],[9.07,55.601],[9.069,55.601],[9.068,55.601],[9.067,55.601],[9.066,55.601],[9.065,55.601],[9.064,55.601],[9.063,55.601],[9.062,55.601],[9.061,55.601],[9.059,55.601],[9.057,55.602],[9.057,55.601],[9.057,55.602],[9.057,55.601],[9.056,55.601],[9.055,55.601],[9.055,55.602],[9.054,55.602],[9.054,55.601],[9.054,55.602],[9.053,55.602],[9.052,55.602],[9.051,55.602],[9.05,55.602],[9.049,55.602],[9.047,55.602],[9.046,55.602],[9.044,55.603],[9.044,55.604],[9.043,55.604],[9.042,55.604],[9.041,55.604],[9.04,55.605],[9.039,55.605],[9.036,55.605],[9.035,55.605],[9.034,55.605],[9.032,55.605],[9.031,55.605],[9.026,55.605],[9.025,55.605],[9.024,55.605],[9.023,55.605],[9.022,55.605],[9.021,55.605],[9.02,55.605],[9.019,55.605],[9.018,55.605],[9.017,55.605],[9.016,55.605],[9.015,55.605],[9.015,55.606],[9.014,55.605],[9.013,55.605],[9.012,55.605],[9.011,55.605],[9.011,55.604],[9.01,55.604],[9.009,55.604],[9.007,55.605],[9.006,55.605],[9.005,55.605],[9.005,55.606],[9.004,55.606],[9.004,55.605],[9.003,55.606],[9.002,55.606],[9.001,55.606],[9,55.605],[8.999,55.605],[8.998,55.606],[8.998,55.605],[8.997,55.605],[8.996,55.606],[8.996,55.605],[8.995,55.605],[8.994,55.606],[8.993,55.606],[8.993,55.607],[8.993,55.608],[8.993,55.609],[8.993,55.616],[8.993,55.617],[8.993,55.618],[8.977,55.623],[8.975,55.624],[8.972,55.624],[8.971,55.624],[8.964,55.625],[8.963,55.625],[8.946,55.627],[8.945,55.627],[8.938,55.627],[8.937,55.627],[8.936,55.627],[8.93,55.628],[8.929,55.628],[8.928,55.628],[8.927,55.628],[8.912,55.628],[8.903,55.626],[8.903,55.625],[8.905,55.622],[8.904,55.622],[8.905,55.622],[8.906,55.621],[8.905,55.621],[8.905,55.62],[8.906,55.62],[8.907,55.621],[8.907,55.62],[8.908,55.62],[8.914,55.617],[8.906,55.61],[8.904,55.607],[8.903,55.607],[8.902,55.607],[8.896,55.607],[8.892,55.607],[8.892,55.606],[8.89,55.605],[8.887,55.603],[8.886,55.603],[8.885,55.603],[8.877,55.596],[8.837,55.591],[8.836,55.591],[8.835,55.591],[8.834,55.591],[8.833,55.591],[8.832,55.591],[8.831,55.591],[8.829,55.59],[8.815,55.589],[8.813,55.588],[8.812,55.586],[8.813,55.586],[8.81,55.586],[8.808,55.585],[8.805,55.585],[8.803,55.584],[8.802,55.584],[8.798,55.583],[8.797,55.583],[8.796,55.583],[8.796,55.584],[8.795,55.583],[8.794,55.583],[8.793,55.582],[8.792,55.582],[8.79,55.581],[8.789,55.581],[8.788,55.581],[8.787,55.581],[8.786,55.581],[8.785,55.581],[8.783,55.581],[8.782,55.581],[8.781,55.581],[8.78,55.581],[8.779,55.58],[8.776,55.58],[8.775,55.58],[8.775,55.579],[8.774,55.578],[8.775,55.578],[8.774,55.577],[8.774,55.576],[8.773,55.576],[8.773,55.575],[8.772,55.574],[8.772,55.573],[8.772,55.572],[8.769,55.568],[8.768,55.565],[8.768,55.564],[8.768,55.563],[8.768,55.562],[8.769,55.562],[8.768,55.562],[8.768,55.561],[8.769,55.561],[8.768,55.559],[8.767,55.559],[8.768,55.559],[8.766,55.558],[8.766,55.557],[8.765,55.557],[8.766,55.556],[8.765,55.556],[8.765,55.555],[8.764,55.555],[8.763,55.554],[8.762,55.553],[8.763,55.553],[8.763,55.552],[8.764,55.552],[8.765,55.551],[8.771,55.549],[8.772,55.549],[8.773,55.548],[8.774,55.548],[8.775,55.548],[8.775,55.547],[8.775,55.546],[8.776,55.546],[8.783,55.544],[8.788,55.54],[8.789,55.54],[8.79,55.54],[8.791,55.54],[8.791,55.539],[8.792,55.539],[8.794,55.539],[8.796,55.538],[8.797,55.538],[8.798,55.538],[8.799,55.538],[8.799,55.537],[8.801,55.537],[8.801,55.536],[8.803,55.535],[8.804,55.534],[8.807,55.532],[8.807,55.531],[8.812,55.527],[8.813,55.527],[8.814,55.527],[8.815,55.526],[8.816,55.526],[8.816,55.525],[8.815,55.523],[8.814,55.521],[8.837,55.517],[8.838,55.517],[8.851,55.514],[8.857,55.512],[8.859,55.508],[8.854,55.507],[8.858,55.5],[8.858,55.499],[8.859,55.499],[8.859,55.5],[8.859,55.499],[8.86,55.499],[8.861,55.498],[8.866,55.495],[8.865,55.495],[8.864,55.495],[8.865,55.494],[8.865,55.488],[8.866,55.487],[8.862,55.472],[8.862,55.471],[8.861,55.471],[8.859,55.469],[8.858,55.469],[8.847,55.463],[8.848,55.462],[8.847,55.461],[8.847,55.46],[8.839,55.453],[8.844,55.451],[8.844,55.45],[8.846,55.45],[8.847,55.444],[8.847,55.443],[8.847,55.442],[8.847,55.441],[8.846,55.44],[8.846,55.439],[8.846,55.438],[8.847,55.437],[8.851,55.436],[8.852,55.436],[8.863,55.437],[8.864,55.437],[8.865,55.437],[8.867,55.437],[8.866,55.436],[8.865,55.428],[8.866,55.423],[8.865,55.422],[8.865,55.421],[8.866,55.42],[8.866,55.418],[8.868,55.413],[8.868,55.411],[8.867,55.409],[8.868,55.409],[8.87,55.41],[8.871,55.41],[8.874,55.411],[8.875,55.411],[8.876,55.411],[8.877,55.411],[8.877,55.41],[8.878,55.41],[8.878,55.409],[8.877,55.408],[8.878,55.408],[8.879,55.408],[8.88,55.408],[8.881,55.408],[8.882,55.408],[8.883,55.408],[8.886,55.408],[8.887,55.408],[8.888,55.408],[8.889,55.408],[8.891,55.408],[8.893,55.408],[8.895,55.408],[8.897,55.408],[8.898,55.408],[8.899,55.408],[8.9,55.408],[8.901,55.408],[8.902,55.407],[8.903,55.407],[8.903,55.409],[8.905,55.409],[8.906,55.409],[8.906,55.41],[8.907,55.41],[8.907,55.411],[8.908,55.41],[8.911,55.411],[8.912,55.41],[8.913,55.41],[8.915,55.409],[8.916,55.409],[8.917,55.409],[8.918,55.408],[8.919,55.408],[8.92,55.409],[8.92,55.408],[8.921,55.408],[8.922,55.406],[8.922,55.405],[8.922,55.404],[8.924,55.401],[8.907,55.397],[8.907,55.396],[8.907,55.395],[8.908,55.395],[8.915,55.393],[8.917,55.393],[8.922,55.393],[8.923,55.393],[8.927,55.393],[8.928,55.393],[8.937,55.393],[8.937,55.392],[8.936,55.391],[8.936,55.39],[8.936,55.389],[8.935,55.388],[8.935,55.387],[8.934,55.386],[8.933,55.383],[8.933,55.382],[8.933,55.381],[8.932,55.381],[8.927,55.381],[8.926,55.381],[8.926,55.382],[8.925,55.382],[8.924,55.382],[8.921,55.383],[8.91,55.381],[8.91,55.38],[8.909,55.38],[8.908,55.378],[8.907,55.377],[8.905,55.376],[8.905,55.375],[8.905,55.374],[8.903,55.371],[8.903,55.37],[8.902,55.37],[8.902,55.369],[8.901,55.369],[8.901,55.368],[8.9,55.368],[8.9,55.367],[8.899,55.366],[8.898,55.365],[8.897,55.365],[8.896,55.365],[8.895,55.365],[8.894,55.365],[8.893,55.365],[8.892,55.365],[8.891,55.365],[8.89,55.365],[8.889,55.365],[8.888,55.364],[8.887,55.364],[8.886,55.364],[8.885,55.364],[8.884,55.365],[8.882,55.365],[8.881,55.365],[8.88,55.366],[8.879,55.366],[8.878,55.366],[8.877,55.366],[8.876,55.366],[8.874,55.366],[8.874,55.365],[8.875,55.364],[8.876,55.362],[8.878,55.358],[8.879,55.357],[8.881,55.354],[8.887,55.345],[8.891,55.343],[8.892,55.343],[8.897,55.342],[8.898,55.342],[8.899,55.341],[8.9,55.341],[8.899,55.34],[8.899,55.339],[8.899,55.337],[8.899,55.336],[8.898,55.336],[8.898,55.335],[8.898,55.334],[8.894,55.328],[8.893,55.325],[8.892,55.324],[8.892,55.323],[8.893,55.323],[8.894,55.324],[8.895,55.324],[8.896,55.323],[8.897,55.323],[8.898,55.323],[8.899,55.323],[8.901,55.323],[8.902,55.323],[8.903,55.323],[8.904,55.323],[8.905,55.323],[8.906,55.323],[8.907,55.323],[8.907,55.322],[8.906,55.322],[8.907,55.322],[8.908,55.322],[8.909,55.322],[8.91,55.322],[8.911,55.321],[8.912,55.321],[8.912,55.32],[8.913,55.32],[8.914,55.32],[8.915,55.32],[8.916,55.319],[8.917,55.319],[8.918,55.319],[8.919,55.319],[8.919,55.318],[8.92,55.318],[8.921,55.318],[8.922,55.318],[8.923,55.318],[8.924,55.318],[8.925,55.318],[8.926,55.318],[8.926,55.317],[8.926,55.316],[8.925,55.316],[8.925,55.315],[8.926,55.315],[8.928,55.316],[8.929,55.316],[8.93,55.316],[8.931,55.316],[8.932,55.316],[8.932,55.315],[8.933,55.315],[8.934,55.314],[8.935,55.314],[8.936,55.314],[8.936,55.313],[8.937,55.313],[8.939,55.313],[8.942,55.314],[8.944,55.314],[8.944,55.315],[8.947,55.317],[8.949,55.319],[8.95,55.319],[8.955,55.319],[8.956,55.319],[8.957,55.319],[8.957,55.32],[8.958,55.32],[8.959,55.32],[8.961,55.321],[8.967,55.324],[8.968,55.324],[8.968,55.325],[8.969,55.325],[8.969,55.326],[8.97,55.326],[8.97,55.327],[8.97,55.33],[8.969,55.33],[8.971,55.334],[8.971,55.335],[8.973,55.335],[8.979,55.334],[8.978,55.335],[8.977,55.335],[8.976,55.337],[8.976,55.338],[8.975,55.338],[8.976,55.338],[8.978,55.338],[8.981,55.337],[8.983,55.338],[8.984,55.338],[8.985,55.338],[8.986,55.338],[8.987,55.338],[8.988,55.338],[8.989,55.337],[8.99,55.337],[8.994,55.336],[8.995,55.336],[8.996,55.336],[8.997,55.336],[8.998,55.335],[9.003,55.335],[9.003,55.334],[9.004,55.334],[9.006,55.334],[9.007,55.334],[9.008,55.333],[9.009,55.333],[9.01,55.333],[9.011,55.333],[9.014,55.333],[9.015,55.333],[9.016,55.333],[9.017,55.333],[9.019,55.333],[9.02,55.333],[9.02,55.332],[9.021,55.332],[9.022,55.332],[9.023,55.332],[9.024,55.332],[9.027,55.33],[9.026,55.327],[9.026,55.326],[9.028,55.325],[9.03,55.323],[9.031,55.323],[9.031,55.324],[9.032,55.324],[9.032,55.325],[9.033,55.325],[9.033,55.326],[9.034,55.326],[9.034,55.327],[9.038,55.327],[9.042,55.327],[9.043,55.327],[9.044,55.324],[9.044,55.323],[9.045,55.323],[9.045,55.322],[9.042,55.321],[9.042,55.32],[9.047,55.317],[9.049,55.317],[9.05,55.317],[9.053,55.317],[9.054,55.317],[9.055,55.316],[9.055,55.315],[9.059,55.315],[9.06,55.315],[9.061,55.315],[9.062,55.315],[9.063,55.315],[9.064,55.315],[9.064,55.311],[9.068,55.311],[9.069,55.311],[9.07,55.311],[9.071,55.312],[9.072,55.313],[9.072,55.314],[9.072,55.315],[9.072,55.316],[9.073,55.316],[9.074,55.318],[9.075,55.318],[9.075,55.319],[9.076,55.319],[9.078,55.32],[9.079,55.32],[9.079,55.321],[9.08,55.321],[9.083,55.321],[9.084,55.321],[9.087,55.324],[9.088,55.325],[9.09,55.326],[9.091,55.327],[9.093,55.327],[9.093,55.328],[9.094,55.328],[9.095,55.328],[9.096,55.329],[9.096,55.33],[9.095,55.33],[9.094,55.331],[9.094,55.332],[9.093,55.333],[9.093,55.334],[9.092,55.334],[9.11,55.335],[9.11,55.334],[9.113,55.329],[9.113,55.328],[9.115,55.325],[9.116,55.324],[9.116,55.323],[9.117,55.323],[9.117,55.322],[9.116,55.321],[9.116,55.32],[9.116,55.319],[9.116,55.318],[9.116,55.316],[9.116,55.314],[9.116,55.313],[9.116,55.311],[9.116,55.31],[9.116,55.309],[9.116,55.308],[9.116,55.307],[9.116,55.305],[9.116,55.304],[9.116,55.303],[9.116,55.301],[9.116,55.3],[9.117,55.3],[9.116,55.299],[9.116,55.298],[9.116,55.297],[9.115,55.297],[9.116,55.297],[9.117,55.296],[9.118,55.296],[9.119,55.296],[9.121,55.297],[9.122,55.297],[9.123,55.297],[9.125,55.297],[9.126,55.297],[9.127,55.297],[9.128,55.297],[9.129,55.297],[9.129,55.296],[9.13,55.295],[9.131,55.295],[9.132,55.295],[9.132,55.294],[9.133,55.294],[9.134,55.294],[9.135,55.294],[9.135,55.293],[9.136,55.293],[9.137,55.292],[9.139,55.292],[9.139,55.291],[9.14,55.291],[9.142,55.291],[9.143,55.291],[9.144,55.291],[9.145,55.292],[9.146,55.292],[9.147,55.292],[9.148,55.292],[9.149,55.292],[9.15,55.292],[9.151,55.291],[9.152,55.291],[9.155,55.291],[9.156,55.291],[9.157,55.291],[9.158,55.291],[9.159,55.29],[9.16,55.29],[9.161,55.29],[9.162,55.29],[9.163,55.29],[9.164,55.29],[9.165,55.29],[9.166,55.29],[9.167,55.29],[9.168,55.29],[9.169,55.29],[9.17,55.29],[9.171,55.29],[9.172,55.29],[9.173,55.29],[9.174,55.29],[9.175,55.29],[9.176,55.29],[9.177,55.29],[9.178,55.29],[9.179,55.291],[9.18,55.291],[9.18,55.292],[9.181,55.292],[9.182,55.292],[9.184,55.292],[9.186,55.293],[9.187,55.293],[9.188,55.293],[9.189,55.293],[9.19,55.293],[9.19,55.294],[9.191,55.294],[9.192,55.294],[9.192,55.295],[9.193,55.295],[9.194,55.295],[9.195,55.295],[9.196,55.296],[9.197,55.297],[9.199,55.297],[9.199,55.298],[9.195,55.299],[9.194,55.299],[9.19,55.302],[9.187,55.303],[9.185,55.303],[9.184,55.302],[9.181,55.3],[9.18,55.301],[9.181,55.301],[9.181,55.302],[9.182,55.302],[9.182,55.303],[9.182,55.304],[9.183,55.305],[9.184,55.305],[9.184,55.306],[9.183,55.306],[9.183,55.307],[9.182,55.307],[9.183,55.307],[9.183,55.308],[9.183,55.309],[9.184,55.309],[9.184,55.31],[9.185,55.31],[9.184,55.31],[9.185,55.31],[9.185,55.311],[9.184,55.311],[9.185,55.311],[9.186,55.311],[9.186,55.312],[9.187,55.312],[9.188,55.312],[9.188,55.313],[9.188,55.314],[9.187,55.314],[9.187,55.315],[9.187,55.316],[9.186,55.317],[9.186,55.322],[9.188,55.324],[9.189,55.324],[9.19,55.326],[9.191,55.326],[9.192,55.326],[9.192,55.327],[9.193,55.335],[9.192,55.335],[9.193,55.335],[9.198,55.342],[9.198,55.341],[9.199,55.341],[9.2,55.341],[9.209,55.339],[9.21,55.339],[9.21,55.338],[9.21,55.337],[9.21,55.336],[9.21,55.335],[9.212,55.334],[9.213,55.334],[9.214,55.334],[9.215,55.334],[9.215,55.335],[9.216,55.335],[9.216,55.336],[9.217,55.336],[9.218,55.338],[9.219,55.338],[9.219,55.34],[9.225,55.347],[9.225,55.348],[9.225,55.349],[9.233,55.351],[9.234,55.351],[9.234,55.352],[9.234,55.353],[9.235,55.354],[9.234,55.355],[9.24,55.362],[9.24,55.363],[9.239,55.363],[9.239,55.364],[9.237,55.365],[9.236,55.366],[9.236,55.368],[9.24,55.371],[9.241,55.371],[9.242,55.371],[9.239,55.373],[9.239,55.374],[9.238,55.375],[9.239,55.375],[9.24,55.375],[9.241,55.375],[9.245,55.376],[9.246,55.376],[9.247,55.377],[9.249,55.379],[9.25,55.379],[9.251,55.379],[9.251,55.38],[9.252,55.381],[9.254,55.382],[9.255,55.382],[9.256,55.382],[9.258,55.382],[9.259,55.382],[9.261,55.382],[9.262,55.381],[9.263,55.38],[9.264,55.38],[9.265,55.38],[9.266,55.379],[9.266,55.38],[9.267,55.38],[9.268,55.38],[9.269,55.379],[9.27,55.379],[9.271,55.379],[9.272,55.379],[9.273,55.38],[9.272,55.38],[9.272,55.381],[9.28,55.379],[9.281,55.379]]]},"properties":{"code":"575","name":"Vejen","region":"Region Syddanmark"}},
{"type":"Feature","geometry":{"type":"MultiPolygon","coordinates":[[[[9.249,55.139],[9.245,55.131],[9.247,55.122],[9.236,55.118],[9.219,55.108],[9.208,55.105],[9.197,55.093],[9.192,55.092],[9.169,55.094],[9.161,55.09],[9.151,55.098],[9.142,55.096],[9.139,55.091],[9.13,55.09],[9.112,55.083],[9.135,55.08],[9.134,55.074],[9.141,55.057],[9.132,55.057],[9.113,55.05],[9.116,55.044],[9.095,55.037],[9.088,55.033],[9.092,55.024],[9.073,55.02],[9.07,55.013],[9.075,55.006],[9.076,54.999],[9.094,54.981],[9.069,54.977],[9.063,54.97],[9.036,54.966],[9.035,54.966],[9.035,54.965],[9.032,54.964],[9.029,54.962],[9.026,54.962],[9.025,54.962],[9.026,54.959],[9.027,54.954],[9.027,54.946],[9.027,54.943],[9.007,54.938],[9.007,54.937],[9.006,54.933],[9.009,54.929],[9.012,54.923],[9.013,54.922],[9.014,54.922],[9.016,54.917],[9.016,54.916],[9.015,54.916],[9.015,54.915],[9.022,54.914],[9.037,54.912],[9.037,54.911],[9.038,54.908],[9.037,54.907],[9.034,54.906],[9.032,54.906],[9.031,54.905],[9.031,54.89],[9.03,54.885],[9.027,54.882],[9.029,54.878],[9.048,54.872],[9.076,54.872],[9.091,54.87],[9.111,54.874],[9.124,54.873],[9.136,54.874],[9.155,54.871],[9.186,54.863],[9.196,54.859],[9.205,54.859],[9.224,54.854],[9.24,54.85],[9.245,54.844],[9.235,54.835],[9.238,54.827],[9.25,54.81],[9.27,54.812],[9.284,54.81],[9.329,54.806],[9.342,54.804],[9.357,54.815],[9.371,54.82],[9.383,54.839],[9.398,54.839],[9.411,54.842],[9.418,54.838],[9.418,54.832],[9.43,54.832],[9.448,54.838],[9.463,54.839],[9.471,54.845],[9.484,54.849],[9.493,54.858],[9.499,54.86],[9.51,54.871],[9.52,54.872],[9.524,54.877],[9.523,54.877],[9.523,54.878],[9.524,54.878],[9.525,54.878],[9.525,54.879],[9.524,54.88],[9.522,54.881],[9.521,54.881],[9.519,54.882],[9.518,54.882],[9.517,54.882],[9.516,54.882],[9.515,54.883],[9.515,54.884],[9.514,54.887],[9.514,54.888],[9.514,54.889],[9.513,54.889],[9.513,54.89],[9.51,54.892],[9.51,54.893],[9.514,54.893],[9.516,54.893],[9.516,54.894],[9.518,54.894],[9.519,54.894],[9.52,54.893],[9.521,54.893],[9.522,54.893],[9.523,54.893],[9.524,54.893],[9.535,54.893],[9.532,54.899],[9.522,54.9],[9.52,54.901],[9.52,54.902],[9.52,54.904],[9.519,54.905],[9.516,54.905],[9.514,54.905],[9.511,54.905],[9.51,54.905],[9.51,54.904],[9.509,54.904],[9.508,54.904],[9.505,54.904],[9.504,54.904],[9.503,54.904],[9.499,54.905],[9.498,54.905],[9.497,54.906],[9.496,54.906],[9.495,54.905],[9.493,54.905],[9.489,54.906],[9.488,54.906],[9.48,54.907],[9.476,54.907],[9.475,54.907],[9.474,54.908],[9.473,54.908],[9.472,54.908],[9.469,54.908],[9.468,54.908],[9.468,54.909],[9.468,54.91],[9.468,54.911],[9.469,54.912],[9.469,54.913],[9.469,54.914],[9.469,54.915],[9.469,54.916],[9.47,54.918],[9.47,54.919],[9.47,54.92],[9.471,54.92],[9.471,54.921],[9.471,54.922],[9.471,54.923],[9.472,54.925],[9.471,54.926],[9.47,54.926],[9.468,54.926],[9.468,54.927],[9.467,54.928],[9.464,54.932],[9.463,54.933],[9.462,54.934],[9.463,54.933],[9.464,54.934],[9.465,54.934],[9.476,54.937],[9.481,54.938],[9.482,54.939],[9.481,54.939],[9.481,54.94],[9.481,54.941],[9.482,54.942],[9.483,54.941],[9.484,54.941],[9.486,54.942],[9.487,54.942],[9.487,54.943],[9.488,54.943],[9.489,54.944],[9.49,54.944],[9.491,54.945],[9.492,54.945],[9.495,54.949],[9.495,54.95],[9.496,54.95],[9.493,54.955],[9.493,54.956],[9.492,54.957],[9.491,54.957],[9.489,54.958],[9.488,54.959],[9.487,54.959],[9.487,54.96],[9.487,54.961],[9.486,54.961],[9.486,54.962],[9.493,54.963],[9.494,54.963],[9.495,54.963],[9.496,54.963],[9.499,54.963],[9.499,54.962],[9.502,54.962],[9.503,54.961],[9.503,54.96],[9.504,54.96],[9.504,54.959],[9.505,54.96],[9.506,54.96],[9.507,54.96],[9.51,54.963],[9.511,54.963],[9.513,54.962],[9.515,54.962],[9.516,54.962],[9.518,54.961],[9.519,54.96],[9.52,54.96],[9.521,54.96],[9.521,54.959],[9.521,54.958],[9.522,54.958],[9.522,54.957],[9.523,54.956],[9.523,54.955],[9.524,54.954],[9.526,54.951],[9.527,54.951],[9.528,54.951],[9.53,54.951],[9.531,54.951],[9.533,54.95],[9.532,54.95],[9.532,54.948],[9.532,54.947],[9.532,54.946],[9.533,54.946],[9.533,54.945],[9.535,54.946],[9.536,54.946],[9.537,54.946],[9.539,54.945],[9.541,54.944],[9.541,54.943],[9.542,54.943],[9.543,54.943],[9.547,54.944],[9.549,54.942],[9.55,54.942],[9.551,54.942],[9.554,54.944],[9.557,54.946],[9.558,54.946],[9.561,54.948],[9.568,54.951],[9.569,54.951],[9.568,54.953],[9.569,54.953],[9.57,54.953],[9.571,54.953],[9.573,54.952],[9.574,54.952],[9.575,54.952],[9.576,54.953],[9.576,54.954],[9.577,54.953],[9.578,54.954],[9.58,54.954],[9.583,54.956],[9.582,54.956],[9.583,54.957],[9.589,54.961],[9.589,54.962],[9.59,54.964],[9.59,54.965],[9.591,54.965],[9.592,54.966],[9.592,54.967],[9.593,54.967],[9.593,54.968],[9.593,54.969],[9.594,54.97],[9.595,54.971],[9.595,54.972],[9.596,54.973],[9.596,54.972],[9.597,54.972],[9.599,54.972],[9.599,54.973],[9.6,54.973],[9.601,54.973],[9.601,54.974],[9.602,54.974],[9.603,54.975],[9.604,54.975],[9.607,54.977],[9.608,54.977],[9.609,54.977],[9.61,54.978],[9.61,54.979],[9.61,54.98],[9.611,54.98],[9.611,54.981],[9.612,54.981],[9.613,54.982],[9.613,54.983],[9.613,54.984],[9.613,54.985],[9.614,54.985],[9.614,54.986],[9.615,54.987],[9.616,54.988],[9.616,54.989],[9.617,54.989],[9.618,54.989],[9.618,54.99],[9.619,54.99],[9.62,54.991],[9.62,54.992],[9.621,54.992],[9.621,54.993],[9.622,54.993],[9.622,54.994],[9.623,54.994],[9.623,54.995],[9.623,54.996],[9.624,54.996],[9.623,54.996],[9.623,54.997],[9.624,54.997],[9.625,54.997],[9.626,54.997],[9.625,54.998],[9.626,54.998],[9.626,54.999],[9.627,54.999],[9.628,54.999],[9.628,55],[9.629,55],[9.629,55.001],[9.63,55.003],[9.63,55.004],[9.631,55.006],[9.632,55.006],[9.631,55.006],[9.632,55.006],[9.631,55.006],[9.632,55.006],[9.631,55.006],[9.631,55.007],[9.63,55.007],[9.63,55.008],[9.63,55.009],[9.63,55.01],[9.62,55.017],[9.609,55.03],[9.606,55.036],[9.601,55.039],[9.582,55.044],[9.574,55.042],[9.573,55.034],[9.548,55.032],[9.521,55.025],[9.506,55.017],[9.493,55.015],[9.475,55.017],[9.45,55.018],[9.441,55.025],[9.434,55.022],[9.423,55.027],[9.423,55.038],[9.428,55.043],[9.442,55.041],[9.46,55.044],[9.466,55.048],[9.482,55.048],[9.501,55.047],[9.517,55.053],[9.534,55.066],[9.551,55.075],[9.551,55.088],[9.538,55.093],[9.532,55.102],[9.52,55.109],[9.508,55.111],[9.501,55.116],[9.491,55.119],[9.481,55.115],[9.478,55.118],[9.464,55.124],[9.474,55.131],[9.474,55.132],[9.473,55.133],[9.472,55.134],[9.472,55.136],[9.471,55.137],[9.469,55.138],[9.468,55.139],[9.466,55.14],[9.465,55.141],[9.464,55.141],[9.464,55.142],[9.463,55.142],[9.462,55.142],[9.46,55.143],[9.458,55.143],[9.457,55.144],[9.457,55.145],[9.456,55.145],[9.455,55.146],[9.454,55.146],[9.453,55.147],[9.451,55.147],[9.447,55.147],[9.446,55.147],[9.441,55.146],[9.44,55.146],[9.439,55.146],[9.437,55.147],[9.436,55.148],[9.434,55.148],[9.434,55.149],[9.433,55.15],[9.433,55.151],[9.432,55.151],[9.429,55.15],[9.43,55.15],[9.429,55.15],[9.428,55.149],[9.427,55.149],[9.425,55.149],[9.424,55.149],[9.422,55.148],[9.421,55.148],[9.42,55.148],[9.419,55.148],[9.418,55.148],[9.417,55.148],[9.416,55.148],[9.415,55.148],[9.412,55.15],[9.413,55.15],[9.412,55.15],[9.411,55.151],[9.41,55.152],[9.41,55.153],[9.41,55.154],[9.408,55.153],[9.407,55.153],[9.406,55.153],[9.405,55.154],[9.404,55.154],[9.398,55.154],[9.397,55.152],[9.396,55.152],[9.395,55.151],[9.395,55.15],[9.394,55.15],[9.393,55.149],[9.392,55.149],[9.387,55.15],[9.385,55.15],[9.384,55.151],[9.383,55.151],[9.381,55.151],[9.373,55.152],[9.372,55.152],[9.371,55.152],[9.362,55.151],[9.36,55.152],[9.359,55.152],[9.359,55.153],[9.359,55.154],[9.356,55.156],[9.356,55.157],[9.355,55.157],[9.354,55.157],[9.353,55.157],[9.352,55.157],[9.351,55.157],[9.35,55.157],[9.347,55.157],[9.346,55.157],[9.337,55.158],[9.336,55.158],[9.336,55.159],[9.33,55.162],[9.326,55.164],[9.325,55.164],[9.325,55.163],[9.324,55.163],[9.323,55.162],[9.322,55.164],[9.322,55.165],[9.321,55.165],[9.321,55.166],[9.32,55.166],[9.32,55.167],[9.319,55.167],[9.318,55.167],[9.315,55.168],[9.313,55.168],[9.312,55.168],[9.31,55.167],[9.307,55.167],[9.299,55.166],[9.295,55.16],[9.295,55.159],[9.296,55.154],[9.296,55.153],[9.296,55.152],[9.296,55.153],[9.296,55.152],[9.296,55.15],[9.293,55.142],[9.292,55.142],[9.291,55.142],[9.291,55.141],[9.289,55.141],[9.289,55.14],[9.288,55.136],[9.287,55.136],[9.287,55.135],[9.286,55.135],[9.284,55.134],[9.28,55.133],[9.274,55.131],[9.272,55.131],[9.27,55.133],[9.27,55.134],[9.269,55.134],[9.268,55.135],[9.266,55.137],[9.265,55.137],[9.264,55.137],[9.263,55.138],[9.262,55.138],[9.261,55.138],[9.26,55.137],[9.259,55.137],[9.258,55.137],[9.257,55.137],[9.257,55.138],[9.256,55.138],[9.255,55.138],[9.253,55.139],[9.252,55.139],[9.251,55.139],[9.25,55.139],[9.249,55.139]]],[[[9.556,55.13],[9.549,55.13],[9.545,55.123],[9.551,55.119],[9.553,55.111],[9.566,55.111],[9.573,55.117],[9.572,55.121],[9.563,55.129],[9.556,55.13]]]]},"properties":{"code":"580","name":"Aabenraa","region":"Region Syddanmark"}},
{"type":"Feature","geometry":{"type":"Polygon","coordinates":[[[9.576,55.526],[9.597,55.52],[9.605,55.52],[9.608,55.51],[9.618,55.51],[9.624,55.513],[9.64,55.509],[9.653,55.515],[9.668,55.526],[9.68,55.528],[9.694,55.526],[9.716,55.519],[9.727,55.518],[9.741,55.519],[9.742,55.524],[9.735,55.534],[9.729,55.544],[9.729,55.555],[9.752,55.56],[9.768,55.556],[9.769,55.564],[9.772,55.571],[9.79,55.582],[9.791,55.591],[9.796,55.595],[9.824,55.606],[9.833,55.612],[9.847,55.617],[9.86,55.625],[9.847,55.625],[9.83,55.628],[9.805,55.628],[9.798,55.626],[9.768,55.623],[9.759,55.623],[9.75,55.628],[9.742,55.626],[9.74,55.622],[9.739,55.62],[9.736,55.618],[9.735,55.617],[9.734,55.617],[9.733,55.617],[9.731,55.616],[9.687,55.605],[9.668,55.603],[9.662,55.611],[9.662,55.617],[9.657,55.621],[9.648,55.621],[9.644,55.621],[9.638,55.621],[9.638,55.622],[9.637,55.622],[9.636,55.622],[9.627,55.621],[9.619,55.617],[9.62,55.607],[9.61,55.605],[9.599,55.606],[9.587,55.601],[9.582,55.592],[9.572,55.591],[9.567,55.585],[9.558,55.579],[9.558,55.578],[9.559,55.576],[9.559,55.575],[9.562,55.574],[9.56,55.572],[9.56,55.571],[9.562,55.571],[9.563,55.571],[9.564,55.57],[9.571,55.568],[9.575,55.564],[9.578,55.56],[9.581,55.552],[9.591,55.547],[9.596,55.543],[9.583,55.54],[9.581,55.541],[9.578,55.542],[9.577,55.542],[9.577,55.541],[9.575,55.541],[9.575,55.54],[9.572,55.539],[9.569,55.537],[9.57,55.536],[9.572,55.535],[9.574,55.535],[9.574,55.534],[9.576,55.532],[9.577,55.532],[9.576,55.531],[9.575,55.53],[9.576,55.53],[9.576,55.529],[9.577,55.528],[9.577,55.527],[9.576,55.527],[9.576,55.526]]]},"properties":{"code":"607","name":"Fredericia","region":"Region Syddanmark"}},
{"type":"Feature","geometry":{"type":"MultiPolygon","coordinates":[[[[9.64,56.065],[9.624,56.068],[9.616,56.069],[9.606,56.07],[9.597,56.067],[9.594,56.066],[9.593,56.066],[9.584,56.063],[9.583,56.063],[9.583,56.062],[9.582,56.062],[9.581,56.062],[9.58,56.052],[9.589,56.048],[9.595,56.043],[9.606,56.037],[9.606,56.036],[9.603,56.031],[9.604,56.023],[9.604,56.022],[9.605,56.02],[9.604,56.019],[9.605,56.014],[9.605,56.013],[9.605,56.012],[9.605,56.013],[9.592,56.011],[9.592,56.01],[9.591,56.01],[9.59,56.009],[9.583,56.003],[9.582,56.002],[9.579,56.004],[9.578,56.005],[9.565,56.01],[9.564,56.009],[9.554,56.012],[9.553,56.012],[9.553,56.013],[9.547,56.012],[9.541,56.013],[9.54,56.014],[9.538,56.014],[9.539,56.014],[9.539,56.013],[9.54,56.013],[9.54,56.012],[9.539,56.012],[9.54,56.012],[9.54,56.011],[9.541,56.011],[9.542,56.011],[9.542,56.01],[9.537,56.002],[9.537,56.003],[9.535,56.006],[9.526,56.008],[9.512,56.006],[9.511,56.006],[9.51,56.007],[9.509,56.007],[9.507,56.008],[9.504,56.008],[9.503,56.008],[9.502,56.007],[9.501,56.004],[9.501,56.003],[9.498,56],[9.497,56],[9.496,55.998],[9.495,55.998],[9.484,55.997],[9.483,55.998],[9.479,55.998],[9.477,55.998],[9.474,55.997],[9.462,55.994],[9.463,55.993],[9.464,55.993],[9.464,55.992],[9.465,55.992],[9.466,55.992],[9.467,55.992],[9.469,55.991],[9.471,55.99],[9.479,55.984],[9.48,55.983],[9.481,55.983],[9.482,55.982],[9.497,55.975],[9.501,55.973],[9.503,55.971],[9.503,55.97],[9.503,55.969],[9.504,55.968],[9.505,55.968],[9.505,55.966],[9.506,55.964],[9.506,55.963],[9.506,55.962],[9.505,55.961],[9.505,55.96],[9.507,55.959],[9.509,55.958],[9.51,55.956],[9.509,55.955],[9.508,55.955],[9.508,55.954],[9.509,55.954],[9.509,55.953],[9.509,55.952],[9.51,55.951],[9.51,55.949],[9.51,55.945],[9.511,55.945],[9.514,55.941],[9.514,55.94],[9.514,55.937],[9.513,55.935],[9.513,55.934],[9.513,55.933],[9.514,55.933],[9.515,55.933],[9.516,55.932],[9.518,55.931],[9.518,55.93],[9.52,55.93],[9.527,55.923],[9.535,55.919],[9.559,55.916],[9.57,55.915],[9.577,55.918],[9.586,55.913],[9.596,55.909],[9.618,55.911],[9.619,55.917],[9.632,55.925],[9.636,55.92],[9.646,55.914],[9.662,55.913],[9.672,55.909],[9.691,55.904],[9.693,55.892],[9.689,55.886],[9.692,55.874],[9.69,55.865],[9.706,55.865],[9.71,55.866],[9.724,55.866],[9.734,55.853],[9.745,55.849],[9.743,55.847],[9.745,55.837],[9.752,55.832],[9.762,55.829],[9.78,55.822],[9.79,55.811],[9.793,55.812],[9.817,55.802],[9.82,55.798],[9.839,55.808],[9.851,55.799],[9.87,55.802],[9.884,55.802],[9.899,55.806],[9.933,55.808],[9.945,55.811],[9.947,55.823],[9.96,55.831],[9.949,55.833],[9.923,55.838],[9.892,55.842],[9.878,55.847],[9.875,55.86],[9.882,55.863],[9.901,55.866],[9.916,55.858],[9.932,55.862],[9.949,55.859],[9.967,55.859],[9.962,55.866],[9.969,55.88],[9.986,55.879],[9.998,55.88],[10.017,55.875],[10.038,55.876],[10.048,55.879],[10.039,55.883],[10.03,55.893],[10.022,55.896],[10.027,55.901],[10.019,55.904],[10.016,55.91],[10.019,55.921],[10.028,55.932],[10.029,55.944],[10.03,55.945],[10.03,55.946],[10.031,55.946],[10.033,55.946],[10.034,55.946],[10.035,55.948],[10.034,55.948],[10.034,55.949],[10.032,55.951],[10.033,55.952],[10.035,55.954],[10.034,55.956],[10.035,55.956],[10.036,55.956],[10.034,55.957],[10.033,55.958],[10.031,55.959],[10.03,55.959],[10.031,55.961],[10.031,55.962],[10.031,55.963],[10.03,55.963],[10.03,55.964],[10.028,55.965],[10.023,55.969],[10.021,55.97],[10.02,55.971],[10.019,55.971],[10.014,55.973],[10.014,55.974],[10.015,55.979],[10.014,55.981],[10.011,55.982],[10.01,55.982],[10.001,55.984],[10,55.984],[9.997,55.983],[9.996,55.981],[9.992,55.982],[9.991,55.982],[9.986,55.983],[9.98,55.988],[9.98,55.989],[9.979,55.989],[9.979,55.99],[9.976,55.99],[9.975,55.99],[9.975,55.991],[9.973,55.991],[9.972,55.991],[9.971,55.992],[9.968,55.993],[9.968,55.992],[9.967,55.992],[9.967,55.991],[9.966,55.99],[9.962,55.987],[9.962,55.986],[9.958,55.984],[9.958,55.983],[9.957,55.982],[9.957,55.981],[9.956,55.98],[9.955,55.981],[9.954,55.981],[9.954,55.979],[9.954,55.978],[9.954,55.977],[9.954,55.976],[9.955,55.976],[9.954,55.975],[9.955,55.975],[9.954,55.974],[9.955,55.974],[9.953,55.97],[9.936,55.969],[9.931,55.969],[9.93,55.969],[9.929,55.969],[9.924,55.97],[9.922,55.97],[9.921,55.97],[9.916,55.971],[9.915,55.971],[9.915,55.97],[9.913,55.97],[9.912,55.97],[9.908,55.969],[9.906,55.97],[9.904,55.969],[9.903,55.969],[9.902,55.971],[9.901,55.97],[9.9,55.97],[9.899,55.97],[9.899,55.969],[9.89,55.967],[9.889,55.967],[9.887,55.967],[9.884,55.967],[9.88,55.967],[9.879,55.967],[9.87,55.956],[9.869,55.955],[9.857,55.955],[9.851,55.96],[9.843,55.961],[9.842,55.962],[9.841,55.962],[9.84,55.963],[9.839,55.963],[9.837,55.964],[9.835,55.966],[9.833,55.967],[9.832,55.967],[9.827,55.969],[9.826,55.97],[9.825,55.97],[9.817,55.973],[9.816,55.973],[9.808,55.974],[9.807,55.976],[9.807,55.977],[9.808,55.978],[9.805,55.981],[9.804,55.982],[9.801,55.984],[9.8,55.984],[9.797,55.989],[9.798,55.99],[9.799,55.996],[9.811,56.002],[9.81,56.006],[9.799,56.014],[9.798,56.018],[9.797,56.018],[9.796,56.018],[9.795,56.019],[9.794,56.019],[9.788,56.017],[9.781,56.016],[9.781,56.015],[9.78,56.015],[9.779,56.015],[9.777,56.015],[9.776,56.015],[9.772,56.015],[9.771,56.016],[9.77,56.015],[9.769,56.015],[9.768,56.016],[9.767,56.017],[9.766,56.017],[9.762,56.016],[9.761,56.016],[9.759,56.016],[9.758,56.015],[9.749,56.013],[9.748,56.012],[9.748,56.011],[9.747,56.011],[9.746,56.011],[9.745,56.011],[9.744,56.011],[9.743,56.011],[9.738,56.01],[9.737,56.01],[9.727,56.011],[9.71,56.011],[9.706,56.018],[9.705,56.029],[9.709,56.037],[9.701,56.041],[9.704,56.052],[9.699,56.058],[9.685,56.058],[9.653,56.063],[9.64,56.065]]],[[[10.324,55.78],[10.313,55.791],[10.304,55.782],[10.307,55.778],[10.297,55.77],[10.301,55.763],[10.274,55.759],[10.25,55.762],[10.235,55.753],[10.241,55.748],[10.284,55.748],[10.308,55.742],[10.322,55.747],[10.329,55.766],[10.324,55.78]]],[[[10.015,55.871],[9.997,55.871],[9.995,55.866],[10.008,55.865],[10.015,55.871]]]]},"properties":{"code":"615","name":"Horsens","region":"Region Midtjylland"}},
{"type":"Feature","geometry":{"type":"Polygon","coordinates":[[[9.601,55.357],[9.599,55.361],[9.583,55.361],[9.576,55.362],[9.569,55.371],[9.573,55.374],[9.582,55.371],[9.591,55.371],[9.602,55.363],[9.612,55.369],[9.619,55.377],[9.622,55.391],[9.611,55.398],[9.597,55.412],[9.593,55.421],[9.599,55.426],[9.617,55.431],[9.625,55.429],[9.638,55.432],[9.659,55.439],[9.676,55.45],[9.689,55.455],[9.693,55.462],[9.677,55.469],[9.667,55.478],[9.651,55.485],[9.645,55.49],[9.634,55.493],[9.624,55.499],[9.599,55.492],[9.588,55.486],[9.577,55.487],[9.569,55.492],[9.553,55.492],[9.542,55.489],[9.525,55.487],[9.512,55.484],[9.498,55.488],[9.504,55.492],[9.499,55.498],[9.514,55.5],[9.542,55.496],[9.571,55.498],[9.584,55.497],[9.586,55.5],[9.581,55.51],[9.575,55.513],[9.589,55.517],[9.582,55.519],[9.576,55.517],[9.567,55.521],[9.565,55.525],[9.576,55.526],[9.576,55.527],[9.577,55.527],[9.577,55.528],[9.576,55.529],[9.576,55.53],[9.575,55.53],[9.576,55.531],[9.577,55.532],[9.576,55.532],[9.574,55.534],[9.574,55.535],[9.572,55.535],[9.57,55.536],[9.569,55.537],[9.572,55.539],[9.575,55.54],[9.575,55.541],[9.577,55.541],[9.577,55.542],[9.578,55.542],[9.581,55.541],[9.583,55.54],[9.596,55.543],[9.591,55.547],[9.581,55.552],[9.578,55.56],[9.575,55.564],[9.571,55.568],[9.564,55.57],[9.563,55.571],[9.562,55.571],[9.56,55.571],[9.56,55.572],[9.562,55.574],[9.559,55.575],[9.559,55.576],[9.558,55.578],[9.558,55.579],[9.536,55.581],[9.525,55.587],[9.522,55.598],[9.525,55.6],[9.522,55.611],[9.499,55.629],[9.494,55.624],[9.497,55.612],[9.49,55.604],[9.478,55.595],[9.469,55.592],[9.469,55.588],[9.459,55.586],[9.453,55.576],[9.439,55.576],[9.42,55.571],[9.409,55.577],[9.394,55.582],[9.381,55.582],[9.365,55.575],[9.356,55.567],[9.347,55.569],[9.345,55.573],[9.331,55.575],[9.323,55.582],[9.312,55.583],[9.303,55.58],[9.282,55.586],[9.278,55.585],[9.276,55.581],[9.273,55.571],[9.275,55.569],[9.275,55.568],[9.276,55.568],[9.277,55.568],[9.277,55.567],[9.277,55.566],[9.276,55.566],[9.276,55.565],[9.275,55.565],[9.275,55.564],[9.275,55.563],[9.276,55.562],[9.276,55.561],[9.276,55.56],[9.276,55.559],[9.277,55.559],[9.276,55.558],[9.275,55.558],[9.276,55.558],[9.276,55.557],[9.278,55.556],[9.279,55.555],[9.279,55.554],[9.279,55.553],[9.279,55.552],[9.279,55.551],[9.278,55.552],[9.273,55.551],[9.271,55.551],[9.27,55.551],[9.268,55.551],[9.268,55.55],[9.267,55.55],[9.266,55.55],[9.266,55.549],[9.262,55.542],[9.262,55.535],[9.273,55.531],[9.269,55.527],[9.283,55.52],[9.293,55.503],[9.303,55.498],[9.287,55.487],[9.283,55.49],[9.27,55.489],[9.262,55.48],[9.263,55.473],[9.259,55.472],[9.261,55.465],[9.249,55.462],[9.242,55.455],[9.235,55.458],[9.22,55.459],[9.215,55.451],[9.224,55.447],[9.217,55.437],[9.219,55.431],[9.216,55.424],[9.226,55.418],[9.224,55.41],[9.231,55.405],[9.23,55.4],[9.25,55.395],[9.284,55.39],[9.288,55.382],[9.281,55.379],[9.28,55.374],[9.289,55.37],[9.302,55.368],[9.307,55.363],[9.306,55.363],[9.306,55.362],[9.305,55.362],[9.303,55.353],[9.32,55.346],[9.34,55.341],[9.345,55.336],[9.344,55.332],[9.344,55.331],[9.345,55.331],[9.346,55.331],[9.347,55.331],[9.349,55.331],[9.35,55.331],[9.35,55.33],[9.351,55.329],[9.352,55.329],[9.352,55.328],[9.351,55.327],[9.352,55.327],[9.352,55.326],[9.352,55.325],[9.353,55.325],[9.353,55.324],[9.353,55.323],[9.356,55.322],[9.357,55.322],[9.357,55.321],[9.356,55.321],[9.356,55.32],[9.355,55.32],[9.355,55.319],[9.355,55.318],[9.356,55.317],[9.356,55.316],[9.361,55.314],[9.362,55.313],[9.363,55.313],[9.364,55.312],[9.365,55.312],[9.367,55.312],[9.369,55.312],[9.37,55.312],[9.371,55.312],[9.371,55.313],[9.372,55.313],[9.376,55.313],[9.377,55.313],[9.38,55.314],[9.389,55.323],[9.389,55.327],[9.399,55.334],[9.4,55.338],[9.415,55.345],[9.415,55.349],[9.432,55.35],[9.439,55.344],[9.446,55.344],[9.447,55.339],[9.45,55.337],[9.453,55.329],[9.445,55.319],[9.466,55.313],[9.466,55.312],[9.467,55.312],[9.468,55.312],[9.469,55.311],[9.47,55.311],[9.471,55.311],[9.472,55.311],[9.472,55.31],[9.473,55.31],[9.474,55.31],[9.475,55.309],[9.476,55.309],[9.477,55.309],[9.478,55.309],[9.479,55.309],[9.482,55.31],[9.483,55.31],[9.484,55.31],[9.485,55.31],[9.486,55.31],[9.487,55.311],[9.488,55.311],[9.487,55.311],[9.487,55.312],[9.486,55.312],[9.486,55.313],[9.487,55.314],[9.488,55.314],[9.493,55.316],[9.494,55.316],[9.493,55.316],[9.494,55.316],[9.495,55.316],[9.496,55.316],[9.497,55.316],[9.499,55.317],[9.502,55.317],[9.503,55.316],[9.504,55.316],[9.505,55.316],[9.506,55.316],[9.505,55.315],[9.507,55.314],[9.508,55.315],[9.509,55.316],[9.509,55.318],[9.51,55.318],[9.512,55.318],[9.513,55.318],[9.514,55.318],[9.515,55.318],[9.516,55.318],[9.516,55.319],[9.517,55.319],[9.518,55.319],[9.518,55.318],[9.519,55.318],[9.52,55.319],[9.521,55.319],[9.522,55.319],[9.523,55.319],[9.524,55.319],[9.524,55.318],[9.524,55.317],[9.524,55.316],[9.525,55.316],[9.529,55.317],[9.53,55.317],[9.531,55.317],[9.531,55.318],[9.532,55.318],[9.532,55.319],[9.531,55.319],[9.53,55.319],[9.53,55.32],[9.531,55.321],[9.531,55.32],[9.532,55.32],[9.533,55.32],[9.534,55.32],[9.535,55.32],[9.535,55.321],[9.535,55.322],[9.536,55.324],[9.538,55.325],[9.54,55.327],[9.54,55.329],[9.54,55.33],[9.541,55.33],[9.542,55.331],[9.543,55.331],[9.544,55.331],[9.544,55.332],[9.545,55.332],[9.546,55.332],[9.547,55.333],[9.548,55.333],[9.548,55.334],[9.549,55.335],[9.549,55.336],[9.55,55.336],[9.551,55.337],[9.552,55.337],[9.553,55.337],[9.554,55.337],[9.555,55.337],[9.556,55.337],[9.557,55.337],[9.558,55.337],[9.558,55.338],[9.559,55.338],[9.56,55.339],[9.561,55.339],[9.562,55.339],[9.562,55.34],[9.565,55.341],[9.568,55.345],[9.569,55.345],[9.57,55.346],[9.571,55.346],[9.572,55.346],[9.572,55.347],[9.573,55.347],[9.573,55.348],[9.573,55.349],[9.577,55.349],[9.58,55.349],[9.58,55.35],[9.584,55.351],[9.585,55.352],[9.586,55.353],[9.592,55.352],[9.592,55.353],[9.593,55.353],[9.594,55.353],[9.595,55.353],[9.595,55.354],[9.596,55.354],[9.601,55.357]]]},"properties":{"code":"621","name":"Kolding","region":"Region Syddanmark"}},
{"type":"Feature","geometry":{"type":"Polygon","coordinates":[[[9.185,55.618],[9.186,55.618],[9.194,55.616],[9.195,55.615],[9.196,55.615],[9.197,55.615],[9.199,55.615],[9.202,55.616],[9.203,55.616],[9.204,55.616],[9.204,55.617],[9.205,55.617],[9.206,55.617],[9.207,55.617],[9.208,55.617],[9.209,55.618],[9.21,55.618],[9.211,55.619],[9.212,55.619],[9.213,55.619],[9.214,55.619],[9.214,55.618],[9.215,55.618],[9.217,55.617],[9.218,55.617],[9.218,55.616],[9.219,55.616],[9.22,55.616],[9.221,55.616],[9.222,55.616],[9.223,55.616],[9.224,55.617],[9.224,55.618],[9.225,55.618],[9.226,55.618],[9.224,55.617],[9.224,55.614],[9.222,55.614],[9.221,55.611],[9.222,55.611],[9.222,55.61],[9.222,55.609],[9.221,55.608],[9.22,55.603],[9.23,55.595],[9.231,55.595],[9.232,55.594],[9.233,55.594],[9.235,55.592],[9.236,55.592],[9.238,55.592],[9.239,55.592],[9.24,55.592],[9.241,55.592],[9.267,55.589],[9.273,55.587],[9.274,55.587],[9.278,55.585],[9.282,55.586],[9.303,55.58],[9.312,55.583],[9.323,55.582],[9.331,55.575],[9.345,55.573],[9.347,55.569],[9.356,55.567],[9.365,55.575],[9.381,55.582],[9.394,55.582],[9.409,55.577],[9.42,55.571],[9.439,55.576],[9.453,55.576],[9.459,55.586],[9.469,55.588],[9.469,55.592],[9.478,55.595],[9.49,55.604],[9.497,55.612],[9.494,55.624],[9.499,55.629],[9.522,55.611],[9.525,55.6],[9.522,55.598],[9.525,55.587],[9.536,55.581],[9.558,55.579],[9.567,55.585],[9.572,55.591],[9.582,55.592],[9.587,55.601],[9.599,55.606],[9.61,55.605],[9.62,55.607],[9.619,55.617],[9.627,55.621],[9.636,55.622],[9.637,55.622],[9.638,55.622],[9.638,55.621],[9.644,55.621],[9.648,55.621],[9.657,55.621],[9.662,55.617],[9.662,55.611],[9.668,55.603],[9.687,55.605],[9.731,55.616],[9.733,55.617],[9.734,55.617],[9.735,55.617],[9.736,55.618],[9.739,55.62],[9.74,55.622],[9.742,55.626],[9.747,55.632],[9.741,55.653],[9.737,55.659],[9.711,55.667],[9.706,55.665],[9.698,55.668],[9.689,55.675],[9.686,55.683],[9.666,55.693],[9.656,55.69],[9.641,55.694],[9.609,55.693],[9.589,55.69],[9.574,55.692],[9.557,55.699],[9.563,55.703],[9.555,55.706],[9.557,55.71],[9.579,55.705],[9.589,55.707],[9.606,55.706],[9.631,55.709],[9.634,55.708],[9.672,55.712],[9.675,55.721],[9.682,55.726],[9.685,55.734],[9.684,55.74],[9.678,55.745],[9.682,55.748],[9.674,55.754],[9.652,55.76],[9.648,55.754],[9.626,55.758],[9.606,55.753],[9.594,55.752],[9.592,55.761],[9.585,55.764],[9.592,55.768],[9.598,55.772],[9.585,55.778],[9.564,55.773],[9.556,55.778],[9.545,55.774],[9.538,55.775],[9.541,55.784],[9.532,55.786],[9.52,55.786],[9.519,55.796],[9.514,55.796],[9.514,55.797],[9.515,55.797],[9.515,55.798],[9.515,55.799],[9.514,55.799],[9.514,55.8],[9.515,55.8],[9.509,55.802],[9.507,55.81],[9.51,55.812],[9.504,55.82],[9.504,55.827],[9.487,55.827],[9.483,55.833],[9.447,55.835],[9.448,55.843],[9.456,55.85],[9.443,55.853],[9.449,55.858],[9.46,55.86],[9.459,55.864],[9.443,55.874],[9.43,55.887],[9.412,55.893],[9.409,55.899],[9.396,55.907],[9.394,55.914],[9.387,55.917],[9.387,55.924],[9.387,55.925],[9.386,55.926],[9.355,55.936],[9.35,55.938],[9.335,55.931],[9.327,55.933],[9.326,55.933],[9.319,55.934],[9.314,55.936],[9.303,55.937],[9.302,55.937],[9.3,55.936],[9.299,55.936],[9.298,55.936],[9.297,55.936],[9.296,55.936],[9.295,55.935],[9.293,55.936],[9.291,55.937],[9.29,55.937],[9.289,55.937],[9.289,55.938],[9.288,55.938],[9.287,55.938],[9.286,55.938],[9.285,55.938],[9.28,55.939],[9.276,55.944],[9.257,55.953],[9.24,55.953],[9.227,55.957],[9.218,55.954],[9.216,55.948],[9.216,55.947],[9.211,55.944],[9.204,55.936],[9.205,55.936],[9.202,55.935],[9.201,55.935],[9.198,55.935],[9.198,55.934],[9.194,55.925],[9.196,55.917],[9.178,55.909],[9.178,55.908],[9.179,55.908],[9.178,55.908],[9.179,55.907],[9.17,55.898],[9.16,55.896],[9.149,55.884],[9.148,55.884],[9.148,55.885],[9.143,55.884],[9.142,55.884],[9.14,55.884],[9.139,55.884],[9.138,55.884],[9.135,55.882],[9.118,55.869],[9.117,55.869],[9.111,55.872],[9.107,55.873],[9.107,55.874],[9.106,55.874],[9.105,55.874],[9.097,55.877],[9.089,55.87],[9.077,55.858],[9.072,55.849],[9.072,55.848],[9.071,55.847],[9.071,55.846],[9.071,55.844],[9.072,55.844],[9.073,55.844],[9.073,55.843],[9.074,55.843],[9.075,55.843],[9.078,55.842],[9.078,55.841],[9.077,55.84],[9.078,55.839],[9.074,55.837],[9.073,55.837],[9.073,55.836],[9.07,55.833],[9.07,55.832],[9.069,55.831],[9.068,55.83],[9.068,55.829],[9.067,55.827],[9.066,55.827],[9.066,55.826],[9.061,55.818],[9.061,55.817],[9.06,55.816],[9.059,55.815],[9.058,55.814],[9.06,55.814],[9.059,55.814],[9.06,55.813],[9.061,55.813],[9.062,55.812],[9.063,55.812],[9.064,55.812],[9.065,55.811],[9.065,55.81],[9.063,55.801],[9.063,55.8],[9.061,55.796],[9.061,55.794],[9.06,55.791],[9.06,55.79],[9.059,55.786],[9.058,55.784],[9.058,55.783],[9.056,55.777],[9.056,55.776],[9.056,55.775],[9.056,55.774],[9.055,55.772],[9.055,55.771],[9.055,55.769],[9.057,55.769],[9.058,55.769],[9.06,55.769],[9.062,55.769],[9.063,55.769],[9.067,55.769],[9.068,55.769],[9.069,55.768],[9.07,55.768],[9.071,55.768],[9.072,55.768],[9.077,55.767],[9.078,55.767],[9.083,55.767],[9.084,55.767],[9.086,55.767],[9.087,55.767],[9.088,55.767],[9.089,55.767],[9.101,55.77],[9.117,55.767],[9.114,55.753],[9.134,55.749],[9.158,55.749],[9.174,55.747],[9.186,55.745],[9.199,55.74],[9.197,55.738],[9.175,55.737],[9.169,55.734],[9.154,55.734],[9.154,55.732],[9.158,55.723],[9.157,55.721],[9.158,55.719],[9.158,55.717],[9.158,55.716],[9.158,55.715],[9.157,55.714],[9.157,55.712],[9.156,55.712],[9.156,55.711],[9.156,55.71],[9.155,55.709],[9.154,55.708],[9.153,55.708],[9.152,55.707],[9.151,55.706],[9.15,55.705],[9.149,55.702],[9.168,55.697],[9.168,55.696],[9.168,55.695],[9.166,55.695],[9.165,55.695],[9.151,55.69],[9.159,55.684],[9.158,55.681],[9.154,55.672],[9.155,55.669],[9.156,55.667],[9.158,55.662],[9.155,55.654],[9.15,55.639],[9.158,55.638],[9.159,55.633],[9.162,55.629],[9.165,55.629],[9.168,55.63],[9.173,55.63],[9.174,55.63],[9.176,55.629],[9.177,55.629],[9.179,55.629],[9.18,55.629],[9.188,55.629],[9.189,55.629],[9.188,55.627],[9.188,55.626],[9.186,55.622],[9.185,55.618]]]},"properties":{"code":"630","name":"Vejle","region":"Region Syddanmark"}},
{"type":"Feature","geometry":{"type":"MultiPolygon","coordinates":[[[[8.966,55.885],[8.995,55.908],[8.999,55.916],[8.999,55.917],[8.997,55.939],[8.997,55.94],[8.998,55.941],[8.998,55.942],[8.998,55.943],[8.999,55.943],[8.999,55.945],[8.999,55.946],[8.998,55.947],[9.001,55.952],[9.002,55.952],[9.003,55.954],[9.005,55.958],[9.006,55.958],[9.006,55.959],[9.007,55.96],[9.008,55.97],[9.007,55.97],[9.003,55.972],[8.992,55.974],[8.987,55.979],[8.982,55.983],[8.986,55.993],[9,55.99],[9.001,55.99],[9.005,55.991],[9.006,55.992],[9.007,55.992],[9.011,55.993],[9.012,55.992],[9.016,55.991],[9.017,55.991],[9.018,55.991],[9.019,55.991],[9.02,55.991],[9.02,55.99],[9.022,55.99],[9.025,55.989],[9.026,55.989],[9.026,55.99],[9.027,55.988],[9.028,55.988],[9.031,55.987],[9.031,55.988],[9.032,55.988],[9.033,55.988],[9.034,55.988],[9.035,55.987],[9.037,55.986],[9.038,55.986],[9.037,55.985],[9.039,55.985],[9.04,55.984],[9.041,55.985],[9.042,55.984],[9.044,55.984],[9.045,55.984],[9.045,55.983],[9.046,55.983],[9.051,55.984],[9.062,55.985],[9.063,55.985],[9.063,55.984],[9.064,55.984],[9.065,55.984],[9.066,55.984],[9.065,55.985],[9.066,55.985],[9.067,55.984],[9.068,55.984],[9.068,55.985],[9.069,55.985],[9.07,55.985],[9.073,55.986],[9.074,55.986],[9.075,55.987],[9.076,55.987],[9.076,55.986],[9.078,55.987],[9.08,55.987],[9.081,55.988],[9.081,55.987],[9.082,55.987],[9.086,55.989],[9.087,55.989],[9.087,55.99],[9.086,55.99],[9.087,55.99],[9.091,55.991],[9.091,55.99],[9.092,55.991],[9.094,55.991],[9.094,55.99],[9.096,55.991],[9.097,55.991],[9.098,55.991],[9.1,55.991],[9.112,55.993],[9.115,55.998],[9.13,56.001],[9.125,56.025],[9.158,56.023],[9.169,56.027],[9.172,56.032],[9.177,56.04],[9.182,56.048],[9.177,56.051],[9.156,56.055],[9.156,56.058],[9.157,56.058],[9.162,56.059],[9.163,56.059],[9.178,56.064],[9.168,56.065],[9.147,56.067],[9.147,56.066],[9.14,56.067],[9.14,56.068],[9.136,56.073],[9.135,56.074],[9.119,56.096],[9.118,56.096],[9.116,56.096],[9.116,56.095],[9.115,56.095],[9.114,56.095],[9.113,56.095],[9.114,56.095],[9.113,56.094],[9.112,56.095],[9.112,56.094],[9.111,56.094],[9.109,56.094],[9.11,56.095],[9.109,56.096],[9.109,56.097],[9.107,56.099],[9.107,56.1],[9.106,56.1],[9.105,56.1],[9.105,56.101],[9.103,56.106],[9.108,56.114],[9.111,56.123],[9.118,56.126],[9.108,56.132],[9.106,56.137],[9.109,56.149],[9.114,56.155],[9.114,56.156],[9.114,56.157],[9.112,56.161],[9.101,56.164],[9.1,56.165],[9.099,56.165],[9.095,56.166],[9.092,56.167],[9.091,56.167],[9.088,56.167],[9.088,56.168],[9.087,56.168],[9.086,56.168],[9.086,56.169],[9.085,56.169],[9.084,56.171],[9.083,56.171],[9.082,56.171],[9.082,56.172],[9.081,56.172],[9.076,56.173],[9.075,56.173],[9.073,56.174],[9.072,56.174],[9.077,56.182],[9.078,56.182],[9.082,56.187],[9.096,56.199],[9.096,56.2],[9.1,56.203],[9.101,56.204],[9.107,56.209],[9.108,56.209],[9.11,56.21],[9.111,56.21],[9.13,56.209],[9.14,56.209],[9.142,56.209],[9.15,56.209],[9.149,56.21],[9.148,56.213],[9.148,56.214],[9.148,56.216],[9.147,56.217],[9.143,56.232],[9.156,56.236],[9.117,56.262],[9.111,56.267],[9.116,56.278],[9.088,56.276],[9.087,56.287],[9.075,56.292],[9.066,56.289],[9.061,56.293],[9.056,56.309],[9.042,56.315],[9.043,56.326],[9.055,56.335],[9.059,56.329],[9.08,56.319],[9.098,56.331],[9.112,56.335],[9.109,56.337],[9.107,56.351],[9.1,56.357],[9.093,56.361],[9.088,56.367],[9.077,56.37],[9.073,56.38],[9.063,56.385],[9.06,56.392],[9.041,56.4],[9.03,56.401],[9.018,56.406],[9.01,56.406],[9.002,56.409],[9,56.414],[8.96,56.401],[8.956,56.387],[8.961,56.384],[8.956,56.379],[8.914,56.379],[8.906,56.367],[8.897,56.355],[8.874,56.341],[8.869,56.341],[8.863,56.342],[8.862,56.342],[8.861,56.342],[8.853,56.342],[8.852,56.343],[8.84,56.344],[8.833,56.344],[8.832,56.344],[8.831,56.344],[8.829,56.344],[8.828,56.345],[8.827,56.345],[8.826,56.345],[8.824,56.345],[8.819,56.346],[8.818,56.346],[8.817,56.346],[8.816,56.346],[8.815,56.347],[8.812,56.347],[8.809,56.348],[8.808,56.348],[8.806,56.348],[8.805,56.348],[8.804,56.349],[8.803,56.349],[8.802,56.35],[8.8,56.352],[8.796,56.356],[8.795,56.356],[8.794,56.358],[8.793,56.358],[8.793,56.359],[8.793,56.36],[8.792,56.36],[8.791,56.361],[8.791,56.362],[8.79,56.362],[8.788,56.362],[8.787,56.362],[8.787,56.363],[8.786,56.364],[8.786,56.365],[8.784,56.365],[8.783,56.365],[8.782,56.365],[8.781,56.365],[8.779,56.365],[8.779,56.363],[8.779,56.362],[8.779,56.359],[8.779,56.358],[8.779,56.357],[8.779,56.356],[8.779,56.354],[8.779,56.351],[8.779,56.35],[8.779,56.349],[8.78,56.348],[8.778,56.345],[8.778,56.343],[8.777,56.34],[8.777,56.339],[8.774,56.337],[8.772,56.336],[8.771,56.335],[8.77,56.335],[8.77,56.334],[8.771,56.335],[8.772,56.335],[8.773,56.335],[8.774,56.334],[8.775,56.334],[8.775,56.333],[8.799,56.323],[8.815,56.32],[8.814,56.32],[8.816,56.317],[8.814,56.316],[8.814,56.315],[8.812,56.315],[8.812,56.314],[8.811,56.314],[8.811,56.313],[8.807,56.311],[8.806,56.31],[8.805,56.31],[8.804,56.31],[8.802,56.309],[8.801,56.309],[8.795,56.307],[8.793,56.306],[8.792,56.306],[8.791,56.306],[8.79,56.305],[8.789,56.305],[8.788,56.305],[8.787,56.305],[8.785,56.304],[8.783,56.305],[8.782,56.305],[8.781,56.305],[8.781,56.306],[8.78,56.306],[8.779,56.306],[8.778,56.306],[8.778,56.307],[8.777,56.307],[8.778,56.306],[8.778,56.305],[8.779,56.305],[8.78,56.305],[8.781,56.305],[8.782,56.305],[8.785,56.304],[8.784,56.304],[8.784,56.303],[8.783,56.303],[8.782,56.303],[8.781,56.302],[8.78,56.302],[8.777,56.301],[8.776,56.3],[8.769,56.298],[8.769,56.297],[8.768,56.297],[8.767,56.296],[8.765,56.296],[8.764,56.296],[8.763,56.295],[8.76,56.294],[8.758,56.293],[8.753,56.292],[8.751,56.291],[8.75,56.291],[8.749,56.291],[8.747,56.29],[8.743,56.289],[8.743,56.288],[8.743,56.287],[8.742,56.284],[8.742,56.283],[8.74,56.281],[8.74,56.28],[8.733,56.281],[8.731,56.281],[8.729,56.281],[8.728,56.281],[8.725,56.282],[8.718,56.283],[8.717,56.283],[8.716,56.283],[8.715,56.283],[8.704,56.284],[8.703,56.284],[8.702,56.285],[8.697,56.284],[8.695,56.282],[8.694,56.282],[8.693,56.282],[8.692,56.282],[8.692,56.281],[8.689,56.281],[8.688,56.281],[8.687,56.281],[8.687,56.28],[8.687,56.279],[8.686,56.279],[8.685,56.279],[8.685,56.278],[8.684,56.278],[8.683,56.278],[8.682,56.278],[8.679,56.278],[8.678,56.278],[8.676,56.28],[8.676,56.281],[8.675,56.281],[8.674,56.282],[8.673,56.282],[8.672,56.283],[8.671,56.283],[8.67,56.283],[8.669,56.283],[8.668,56.283],[8.667,56.283],[8.666,56.284],[8.664,56.285],[8.663,56.285],[8.663,56.286],[8.663,56.287],[8.662,56.287],[8.662,56.288],[8.661,56.288],[8.661,56.289],[8.661,56.29],[8.662,56.29],[8.662,56.291],[8.661,56.291],[8.66,56.291],[8.66,56.292],[8.66,56.293],[8.66,56.294],[8.66,56.295],[8.659,56.295],[8.659,56.296],[8.66,56.296],[8.66,56.297],[8.657,56.297],[8.657,56.298],[8.656,56.298],[8.656,56.297],[8.65,56.297],[8.623,56.286],[8.606,56.285],[8.594,56.286],[8.572,56.291],[8.556,56.299],[8.547,56.301],[8.517,56.302],[8.495,56.282],[8.482,56.287],[8.467,56.287],[8.461,56.284],[8.464,56.274],[8.473,56.272],[8.481,56.265],[8.468,56.261],[8.434,56.246],[8.435,56.245],[8.455,56.239],[8.458,56.232],[8.477,56.222],[8.476,56.222],[8.476,56.221],[8.475,56.221],[8.47,56.214],[8.484,56.205],[8.481,56.196],[8.485,56.194],[8.487,56.193],[8.488,56.193],[8.489,56.193],[8.489,56.192],[8.49,56.192],[8.491,56.192],[8.492,56.192],[8.492,56.191],[8.493,56.191],[8.493,56.192],[8.493,56.191],[8.494,56.191],[8.495,56.191],[8.497,56.191],[8.499,56.191],[8.5,56.191],[8.506,56.193],[8.515,56.194],[8.515,56.195],[8.519,56.194],[8.524,56.193],[8.525,56.193],[8.54,56.19],[8.543,56.189],[8.544,56.189],[8.547,56.188],[8.548,56.188],[8.555,56.187],[8.556,56.187],[8.557,56.187],[8.562,56.185],[8.563,56.185],[8.566,56.184],[8.567,56.184],[8.575,56.181],[8.575,56.18],[8.58,56.175],[8.576,56.169],[8.576,56.168],[8.575,56.167],[8.582,56.165],[8.583,56.165],[8.585,56.165],[8.585,56.164],[8.585,56.16],[8.582,56.155],[8.579,56.151],[8.579,56.15],[8.584,56.149],[8.585,56.149],[8.586,56.149],[8.586,56.148],[8.587,56.148],[8.592,56.148],[8.594,56.148],[8.597,56.148],[8.598,56.148],[8.6,56.148],[8.601,56.149],[8.602,56.149],[8.603,56.149],[8.61,56.148],[8.611,56.148],[8.611,56.147],[8.612,56.147],[8.613,56.147],[8.614,56.146],[8.615,56.146],[8.616,56.145],[8.617,56.145],[8.618,56.145],[8.619,56.145],[8.62,56.145],[8.621,56.145],[8.622,56.145],[8.623,56.145],[8.624,56.145],[8.625,56.145],[8.626,56.143],[8.627,56.141],[8.632,56.136],[8.633,56.136],[8.633,56.135],[8.634,56.135],[8.634,56.134],[8.635,56.133],[8.634,56.133],[8.634,56.132],[8.635,56.131],[8.636,56.13],[8.642,56.126],[8.643,56.127],[8.644,56.127],[8.645,56.127],[8.646,56.128],[8.647,56.128],[8.647,56.129],[8.648,56.129],[8.651,56.129],[8.652,56.129],[8.653,56.129],[8.654,56.129],[8.654,56.13],[8.655,56.13],[8.654,56.13],[8.655,56.13],[8.655,56.131],[8.655,56.133],[8.656,56.133],[8.656,56.134],[8.656,56.135],[8.661,56.136],[8.661,56.137],[8.661,56.138],[8.662,56.138],[8.663,56.138],[8.663,56.139],[8.664,56.139],[8.664,56.14],[8.674,56.146],[8.696,56.145],[8.697,56.145],[8.698,56.145],[8.702,56.145],[8.703,56.145],[8.704,56.145],[8.705,56.145],[8.708,56.145],[8.709,56.145],[8.713,56.145],[8.714,56.145],[8.723,56.145],[8.725,56.145],[8.726,56.145],[8.727,56.145],[8.728,56.145],[8.731,56.145],[8.732,56.144],[8.734,56.142],[8.735,56.142],[8.736,56.14],[8.737,56.14],[8.739,56.139],[8.74,56.138],[8.741,56.137],[8.741,56.136],[8.742,56.135],[8.743,56.135],[8.744,56.135],[8.745,56.135],[8.746,56.136],[8.747,56.136],[8.747,56.137],[8.75,56.136],[8.754,56.136],[8.755,56.136],[8.756,56.136],[8.757,56.136],[8.758,56.136],[8.759,56.136],[8.76,56.136],[8.761,56.136],[8.762,56.136],[8.763,56.136],[8.764,56.136],[8.765,56.136],[8.766,56.136],[8.766,56.132],[8.766,56.131],[8.766,56.13],[8.767,56.13],[8.767,56.129],[8.767,56.128],[8.765,56.125],[8.765,56.124],[8.764,56.124],[8.761,56.114],[8.763,56.113],[8.764,56.112],[8.772,56.107],[8.773,56.106],[8.778,56.103],[8.779,56.103],[8.781,56.1],[8.781,56.098],[8.782,56.098],[8.783,56.098],[8.784,56.098],[8.785,56.098],[8.786,56.097],[8.787,56.097],[8.79,56.098],[8.798,56.1],[8.799,56.1],[8.801,56.101],[8.802,56.101],[8.803,56.101],[8.803,56.102],[8.804,56.102],[8.805,56.102],[8.806,56.102],[8.807,56.102],[8.808,56.102],[8.81,56.102],[8.81,56.101],[8.811,56.101],[8.812,56.101],[8.812,56.1],[8.821,56.099],[8.83,56.097],[8.833,56.086],[8.833,56.084],[8.834,56.084],[8.831,56.079],[8.831,56.078],[8.828,56.072],[8.834,56.071],[8.835,56.07],[8.839,56.07],[8.84,56.07],[8.841,56.07],[8.849,56.069],[8.85,56.069],[8.853,56.069],[8.864,56.068],[8.864,56.058],[8.855,56.052],[8.852,56.054],[8.823,56.055],[8.777,56.049],[8.791,56.037],[8.792,56.037],[8.802,56.031],[8.803,56.031],[8.802,56.03],[8.801,56.03],[8.801,56.029],[8.8,56.028],[8.799,56.028],[8.799,56.027],[8.8,56.027],[8.8,56.026],[8.8,56.025],[8.8,56.024],[8.799,56.023],[8.798,56.022],[8.798,56.021],[8.797,56.021],[8.797,56.02],[8.796,56.02],[8.795,56.019],[8.794,56.019],[8.793,56.019],[8.792,56.019],[8.79,56.018],[8.789,56.018],[8.788,56.018],[8.788,56.017],[8.787,56.017],[8.786,56.017],[8.784,56.016],[8.783,56.016],[8.782,56.016],[8.781,56.016],[8.78,56.014],[8.779,56.013],[8.778,56.013],[8.774,56.01],[8.772,56.009],[8.768,56.007],[8.767,56.007],[8.765,56.006],[8.764,56.006],[8.758,56.004],[8.757,56.004],[8.755,56.004],[8.751,56.004],[8.75,56.004],[8.749,56.004],[8.747,56.005],[8.745,56.005],[8.745,56.004],[8.746,56.003],[8.749,56.001],[8.754,55.999],[8.763,55.994],[8.762,55.991],[8.762,55.99],[8.759,55.984],[8.757,55.982],[8.756,55.982],[8.754,55.981],[8.751,55.979],[8.75,55.978],[8.749,55.978],[8.745,55.975],[8.744,55.975],[8.741,55.974],[8.74,55.973],[8.74,55.972],[8.739,55.972],[8.738,55.972],[8.737,55.968],[8.737,55.967],[8.734,55.959],[8.734,55.957],[8.732,55.954],[8.732,55.953],[8.73,55.953],[8.73,55.952],[8.728,55.95],[8.728,55.947],[8.729,55.945],[8.739,55.931],[8.739,55.93],[8.743,55.923],[8.745,55.92],[8.753,55.909],[8.763,55.905],[8.766,55.904],[8.767,55.904],[8.772,55.903],[8.773,55.902],[8.793,55.896],[8.794,55.896],[8.82,55.89],[8.843,55.888],[8.84,55.882],[8.841,55.882],[8.843,55.881],[8.845,55.881],[8.853,55.88],[8.855,55.88],[8.856,55.881],[8.856,55.882],[8.857,55.883],[8.858,55.885],[8.859,55.885],[8.859,55.886],[8.86,55.887],[8.861,55.889],[8.862,55.891],[8.867,55.895],[8.868,55.895],[8.869,55.894],[8.87,55.894],[8.871,55.894],[8.872,55.894],[8.873,55.894],[8.874,55.893],[8.876,55.893],[8.877,55.895],[8.882,55.896],[8.902,55.894],[8.903,55.894],[8.914,55.893],[8.915,55.893],[8.916,55.893],[8.927,55.892],[8.93,55.891],[8.931,55.891],[8.932,55.891],[8.933,55.891],[8.935,55.892],[8.936,55.892],[8.943,55.892],[8.953,55.889],[8.954,55.889],[8.959,55.887],[8.96,55.887],[8.961,55.886],[8.966,55.885]]],[[[8.636,56.13],[8.634,56.13],[8.634,56.129],[8.634,56.128],[8.635,56.128],[8.635,56.127],[8.637,56.125],[8.638,56.125],[8.636,56.13]]]]},"properties":{"code":"657","name":"Herning","region":"Region Midtjylland"}},
{"type":"Feature","geometry":{"type":"MultiPolygon","coordinates":[[[[9,56.414],[8.995,56.424],[8.998,56.433],[9.002,56.434],[9.002,56.442],[8.986,56.455],[8.983,56.475],[8.988,56.481],[8.987,56.492],[8.965,56.489],[8.96,56.497],[8.925,56.496],[8.908,56.5],[8.892,56.497],[8.882,56.498],[8.874,56.497],[8.861,56.498],[8.869,56.51],[8.869,56.518],[8.854,56.53],[8.853,56.539],[8.855,56.546],[8.842,56.554],[8.843,56.558],[8.824,56.563],[8.824,56.566],[8.803,56.566],[8.775,56.558],[8.767,56.557],[8.762,56.553],[8.757,56.547],[8.749,56.545],[8.741,56.535],[8.735,56.531],[8.742,56.516],[8.743,56.492],[8.737,56.482],[8.732,56.478],[8.712,56.476],[8.706,56.471],[8.705,56.471],[8.702,56.465],[8.702,56.455],[8.705,56.452],[8.702,56.446],[8.702,56.445],[8.702,56.444],[8.701,56.444],[8.697,56.441],[8.697,56.44],[8.696,56.44],[8.696,56.439],[8.695,56.439],[8.694,56.437],[8.693,56.436],[8.693,56.435],[8.692,56.434],[8.692,56.433],[8.694,56.431],[8.694,56.43],[8.693,56.429],[8.692,56.429],[8.692,56.428],[8.691,56.427],[8.69,56.426],[8.691,56.426],[8.69,56.426],[8.69,56.425],[8.689,56.424],[8.688,56.423],[8.687,56.422],[8.684,56.421],[8.683,56.417],[8.681,56.416],[8.675,56.411],[8.674,56.411],[8.674,56.41],[8.674,56.409],[8.676,56.407],[8.676,56.406],[8.671,56.404],[8.67,56.404],[8.671,56.403],[8.667,56.401],[8.666,56.401],[8.666,56.4],[8.665,56.4],[8.665,56.399],[8.664,56.399],[8.663,56.399],[8.662,56.4],[8.661,56.4],[8.66,56.4],[8.659,56.4],[8.659,56.401],[8.658,56.401],[8.657,56.401],[8.657,56.402],[8.656,56.402],[8.656,56.403],[8.654,56.404],[8.653,56.405],[8.654,56.405],[8.654,56.406],[8.653,56.406],[8.652,56.406],[8.652,56.405],[8.652,56.404],[8.652,56.403],[8.652,56.402],[8.651,56.402],[8.65,56.402],[8.649,56.402],[8.646,56.402],[8.645,56.402],[8.645,56.401],[8.644,56.402],[8.643,56.402],[8.642,56.402],[8.641,56.402],[8.64,56.403],[8.639,56.403],[8.638,56.403],[8.638,56.404],[8.637,56.404],[8.634,56.405],[8.633,56.405],[8.632,56.405],[8.631,56.405],[8.63,56.405],[8.629,56.405],[8.629,56.406],[8.628,56.406],[8.627,56.406],[8.625,56.406],[8.624,56.407],[8.624,56.408],[8.623,56.408],[8.624,56.415],[8.623,56.415],[8.619,56.417],[8.618,56.417],[8.617,56.417],[8.616,56.418],[8.615,56.418],[8.607,56.419],[8.606,56.42],[8.597,56.421],[8.596,56.421],[8.595,56.421],[8.595,56.422],[8.594,56.422],[8.594,56.421],[8.591,56.421],[8.59,56.422],[8.587,56.423],[8.585,56.424],[8.584,56.423],[8.582,56.415],[8.576,56.413],[8.575,56.413],[8.576,56.413],[8.575,56.411],[8.573,56.411],[8.572,56.411],[8.568,56.411],[8.567,56.411],[8.565,56.411],[8.553,56.414],[8.552,56.414],[8.555,56.418],[8.556,56.418],[8.552,56.422],[8.548,56.424],[8.547,56.423],[8.546,56.422],[8.545,56.422],[8.542,56.422],[8.541,56.423],[8.54,56.423],[8.539,56.423],[8.538,56.423],[8.537,56.423],[8.536,56.423],[8.535,56.424],[8.534,56.424],[8.529,56.423],[8.524,56.421],[8.518,56.42],[8.515,56.421],[8.51,56.421],[8.509,56.421],[8.509,56.42],[8.509,56.418],[8.509,56.417],[8.509,56.416],[8.512,56.414],[8.512,56.413],[8.508,56.402],[8.508,56.401],[8.507,56.401],[8.506,56.401],[8.501,56.401],[8.499,56.401],[8.498,56.401],[8.496,56.399],[8.495,56.399],[8.494,56.399],[8.491,56.397],[8.491,56.398],[8.49,56.398],[8.489,56.398],[8.488,56.399],[8.487,56.399],[8.486,56.399],[8.486,56.4],[8.485,56.4],[8.484,56.4],[8.483,56.4],[8.482,56.401],[8.48,56.401],[8.479,56.401],[8.477,56.401],[8.476,56.401],[8.475,56.401],[8.474,56.401],[8.474,56.402],[8.473,56.402],[8.471,56.402],[8.468,56.402],[8.468,56.401],[8.467,56.401],[8.466,56.401],[8.465,56.4],[8.465,56.399],[8.464,56.399],[8.461,56.399],[8.461,56.398],[8.46,56.397],[8.459,56.396],[8.459,56.395],[8.458,56.394],[8.456,56.393],[8.455,56.392],[8.455,56.391],[8.454,56.391],[8.453,56.391],[8.452,56.39],[8.451,56.39],[8.445,56.389],[8.444,56.389],[8.441,56.388],[8.44,56.388],[8.44,56.387],[8.437,56.387],[8.436,56.387],[8.435,56.387],[8.434,56.388],[8.432,56.389],[8.422,56.39],[8.416,56.388],[8.4,56.39],[8.393,56.387],[8.378,56.384],[8.377,56.377],[8.362,56.379],[8.346,56.376],[8.345,56.371],[8.336,56.37],[8.319,56.358],[8.317,56.362],[8.299,56.373],[8.292,56.365],[8.278,56.351],[8.263,56.347],[8.245,56.35],[8.252,56.347],[8.259,56.334],[8.25,56.332],[8.258,56.326],[8.285,56.321],[8.294,56.317],[8.287,56.306],[8.278,56.3],[8.252,56.289],[8.241,56.292],[8.234,56.299],[8.245,56.302],[8.235,56.317],[8.238,56.321],[8.215,56.32],[8.2,56.322],[8.192,56.327],[8.186,56.325],[8.169,56.323],[8.166,56.327],[8.168,56.335],[8.161,56.336],[8.142,56.33],[8.13,56.33],[8.128,56.349],[8.134,56.35],[8.133,56.357],[8.138,56.363],[8.136,56.37],[8.12,56.372],[8.117,56.37],[8.12,56.359],[8.121,56.316],[8.125,56.284],[8.13,56.262],[8.151,56.255],[8.157,56.257],[8.173,56.256],[8.199,56.255],[8.211,56.249],[8.221,56.247],[8.225,56.243],[8.248,56.238],[8.25,56.232],[8.256,56.23],[8.263,56.229],[8.271,56.228],[8.272,56.228],[8.273,56.228],[8.273,56.227],[8.273,56.228],[8.274,56.228],[8.275,56.227],[8.276,56.227],[8.277,56.227],[8.278,56.227],[8.279,56.227],[8.28,56.227],[8.281,56.227],[8.281,56.228],[8.282,56.228],[8.283,56.228],[8.284,56.228],[8.285,56.228],[8.285,56.229],[8.285,56.228],[8.286,56.228],[8.286,56.229],[8.288,56.228],[8.295,56.234],[8.312,56.234],[8.33,56.236],[8.341,56.234],[8.346,56.239],[8.36,56.248],[8.387,56.254],[8.392,56.254],[8.419,56.245],[8.435,56.245],[8.434,56.246],[8.468,56.261],[8.481,56.265],[8.473,56.272],[8.464,56.274],[8.461,56.284],[8.467,56.287],[8.482,56.287],[8.495,56.282],[8.517,56.302],[8.547,56.301],[8.556,56.299],[8.572,56.291],[8.594,56.286],[8.606,56.285],[8.623,56.286],[8.65,56.297],[8.656,56.297],[8.656,56.298],[8.657,56.298],[8.657,56.297],[8.66,56.297],[8.66,56.296],[8.659,56.296],[8.659,56.295],[8.66,56.295],[8.66,56.294],[8.66,56.293],[8.66,56.292],[8.66,56.291],[8.661,56.291],[8.662,56.291],[8.662,56.29],[8.661,56.29],[8.661,56.289],[8.661,56.288],[8.662,56.288],[8.662,56.287],[8.663,56.287],[8.663,56.286],[8.663,56.285],[8.664,56.285],[8.666,56.284],[8.667,56.283],[8.668,56.283],[8.669,56.283],[8.67,56.283],[8.671,56.283],[8.672,56.283],[8.673,56.282],[8.674,56.282],[8.675,56.281],[8.676,56.281],[8.676,56.28],[8.678,56.278],[8.679,56.278],[8.682,56.278],[8.683,56.278],[8.684,56.278],[8.685,56.278],[8.685,56.279],[8.686,56.279],[8.687,56.279],[8.687,56.28],[8.687,56.281],[8.688,56.281],[8.689,56.281],[8.692,56.281],[8.692,56.282],[8.693,56.282],[8.694,56.282],[8.695,56.282],[8.697,56.284],[8.702,56.285],[8.703,56.284],[8.704,56.284],[8.715,56.283],[8.716,56.283],[8.717,56.283],[8.718,56.283],[8.725,56.282],[8.728,56.281],[8.729,56.281],[8.731,56.281],[8.733,56.281],[8.74,56.28],[8.74,56.281],[8.742,56.283],[8.742,56.284],[8.743,56.287],[8.743,56.288],[8.743,56.289],[8.747,56.29],[8.749,56.291],[8.75,56.291],[8.751,56.291],[8.753,56.292],[8.758,56.293],[8.76,56.294],[8.763,56.295],[8.764,56.296],[8.765,56.296],[8.767,56.296],[8.768,56.297],[8.769,56.297],[8.769,56.298],[8.776,56.3],[8.777,56.301],[8.78,56.302],[8.781,56.302],[8.782,56.303],[8.783,56.303],[8.784,56.303],[8.784,56.304],[8.785,56.304],[8.782,56.305],[8.781,56.305],[8.78,56.305],[8.779,56.305],[8.778,56.305],[8.778,56.306],[8.777,56.307],[8.778,56.307],[8.778,56.306],[8.779,56.306],[8.78,56.306],[8.781,56.306],[8.781,56.305],[8.782,56.305],[8.783,56.305],[8.785,56.304],[8.787,56.305],[8.788,56.305],[8.789,56.305],[8.79,56.305],[8.791,56.306],[8.792,56.306],[8.793,56.306],[8.795,56.307],[8.801,56.309],[8.802,56.309],[8.804,56.31],[8.805,56.31],[8.806,56.31],[8.807,56.311],[8.811,56.313],[8.811,56.314],[8.812,56.314],[8.812,56.315],[8.814,56.315],[8.814,56.316],[8.816,56.317],[8.814,56.32],[8.815,56.32],[8.799,56.323],[8.775,56.333],[8.775,56.334],[8.774,56.334],[8.773,56.335],[8.772,56.335],[8.771,56.335],[8.77,56.334],[8.77,56.335],[8.771,56.335],[8.772,56.336],[8.774,56.337],[8.777,56.339],[8.777,56.34],[8.778,56.343],[8.778,56.345],[8.78,56.348],[8.779,56.349],[8.779,56.35],[8.779,56.351],[8.779,56.354],[8.779,56.356],[8.779,56.357],[8.779,56.358],[8.779,56.359],[8.779,56.362],[8.779,56.363],[8.779,56.365],[8.781,56.365],[8.782,56.365],[8.783,56.365],[8.784,56.365],[8.786,56.365],[8.786,56.364],[8.787,56.363],[8.787,56.362],[8.788,56.362],[8.79,56.362],[8.791,56.362],[8.791,56.361],[8.792,56.36],[8.793,56.36],[8.793,56.359],[8.793,56.358],[8.794,56.358],[8.795,56.356],[8.796,56.356],[8.8,56.352],[8.802,56.35],[8.803,56.349],[8.804,56.349],[8.805,56.348],[8.806,56.348],[8.808,56.348],[8.809,56.348],[8.812,56.347],[8.815,56.347],[8.816,56.346],[8.817,56.346],[8.818,56.346],[8.819,56.346],[8.824,56.345],[8.826,56.345],[8.827,56.345],[8.828,56.345],[8.829,56.344],[8.831,56.344],[8.832,56.344],[8.833,56.344],[8.84,56.344],[8.852,56.343],[8.853,56.342],[8.861,56.342],[8.862,56.342],[8.863,56.342],[8.869,56.341],[8.874,56.341],[8.897,56.355],[8.906,56.367],[8.914,56.379],[8.956,56.379],[8.961,56.384],[8.956,56.387],[8.96,56.401],[9,56.414]]],[[[8.117,56.379],[8.115,56.373],[8.127,56.373],[8.132,56.377],[8.128,56.38],[8.117,56.379]]]]},"properties":{"code":"661","name":"Holstebro","region":"Region Midtjylland"}},
{"type":"Feature","geometry":{"type":"Polygon","coordinates":[[[8.432,56.389],[8.433,56.389],[8.434,56.39],[8.434,56.391],[8.433,56.392],[8.433,56.393],[8.434,56.393],[8.432,56.395],[8.432,56.396],[8.431,56.397],[8.432,56.397],[8.432,56.398],[8.433,56.398],[8.433,56.399],[8.431,56.399],[8.43,56.399],[8.419,56.4],[8.418,56.4],[8.416,56.401],[8.414,56.401],[8.413,56.401],[8.409,56.402],[8.408,56.403],[8.407,56.403],[8.404,56.404],[8.395,56.406],[8.393,56.411],[8.401,56.419],[8.409,56.43],[8.416,56.43],[8.416,56.429],[8.417,56.429],[8.422,56.429],[8.425,56.429],[8.426,56.429],[8.43,56.428],[8.439,56.436],[8.449,56.434],[8.455,56.439],[8.456,56.451],[8.459,56.456],[8.47,56.457],[8.475,56.466],[8.483,56.472],[8.484,56.477],[8.484,56.478],[8.484,56.483],[8.486,56.485],[8.486,56.486],[8.487,56.486],[8.488,56.486],[8.489,56.487],[8.49,56.487],[8.496,56.496],[8.497,56.499],[8.496,56.501],[8.495,56.501],[8.495,56.502],[8.494,56.502],[8.495,56.506],[8.495,56.507],[8.495,56.508],[8.495,56.509],[8.495,56.51],[8.496,56.51],[8.496,56.511],[8.496,56.512],[8.497,56.513],[8.495,56.516],[8.495,56.517],[8.496,56.521],[8.495,56.521],[8.497,56.523],[8.494,56.525],[8.491,56.525],[8.491,56.526],[8.487,56.531],[8.484,56.534],[8.485,56.535],[8.485,56.536],[8.484,56.536],[8.483,56.536],[8.483,56.537],[8.486,56.54],[8.486,56.539],[8.489,56.539],[8.489,56.541],[8.49,56.541],[8.491,56.542],[8.494,56.541],[8.495,56.54],[8.496,56.539],[8.497,56.539],[8.497,56.538],[8.501,56.537],[8.502,56.537],[8.504,56.536],[8.505,56.536],[8.512,56.536],[8.517,56.533],[8.518,56.534],[8.519,56.535],[8.523,56.54],[8.525,56.542],[8.524,56.543],[8.515,56.541],[8.501,56.544],[8.488,56.552],[8.472,56.557],[8.457,56.56],[8.439,56.567],[8.4,56.576],[8.388,56.579],[8.356,56.575],[8.329,56.578],[8.308,56.572],[8.305,56.559],[8.309,56.552],[8.298,56.551],[8.294,56.562],[8.298,56.564],[8.283,56.582],[8.284,56.586],[8.307,56.589],[8.301,56.595],[8.292,56.599],[8.272,56.598],[8.251,56.6],[8.238,56.606],[8.229,56.608],[8.233,56.623],[8.227,56.628],[8.199,56.634],[8.187,56.636],[8.192,56.649],[8.202,56.652],[8.217,56.655],[8.213,56.661],[8.22,56.663],[8.223,56.675],[8.231,56.682],[8.225,56.684],[8.222,56.703],[8.213,56.709],[8.197,56.697],[8.193,56.689],[8.173,56.666],[8.158,56.641],[8.151,56.624],[8.149,56.614],[8.138,56.59],[8.135,56.581],[8.125,56.562],[8.117,56.533],[8.116,56.521],[8.117,56.509],[8.125,56.471],[8.121,56.432],[8.12,56.407],[8.117,56.379],[8.128,56.38],[8.136,56.389],[8.132,56.398],[8.122,56.4],[8.131,56.405],[8.123,56.417],[8.132,56.42],[8.127,56.432],[8.136,56.438],[8.146,56.432],[8.164,56.434],[8.166,56.42],[8.163,56.413],[8.168,56.4],[8.184,56.386],[8.187,56.379],[8.201,56.371],[8.218,56.366],[8.223,56.362],[8.236,56.358],[8.245,56.35],[8.263,56.347],[8.278,56.351],[8.292,56.365],[8.299,56.373],[8.317,56.362],[8.319,56.358],[8.336,56.37],[8.345,56.371],[8.346,56.376],[8.362,56.379],[8.377,56.377],[8.378,56.384],[8.393,56.387],[8.4,56.39],[8.416,56.388],[8.422,56.39],[8.432,56.389]]]},"properties":{"code":"665","name":"Lemvig","region":"Region Midtjylland"}},
{"type":"Feature","geometry":{"type":"MultiPolygon","coordinates":[[[[8.712,56.476],[8.696,56.472],[8.667,56.468],[8.653,56.467],[8.635,56.47],[8.622,56.474],[8.612,56.485],[8.611,56.5],[8.599,56.492],[8.585,56.494],[8.57,56.494],[8.557,56.498],[8.548,56.483],[8.528,56.482],[8.529,56.487],[8.542,56.486],[8.547,56.493],[8.543,56.496],[8.551,56.502],[8.564,56.505],[8.574,56.505],[8.584,56.501],[8.596,56.515],[8.604,56.52],[8.592,56.529],[8.59,56.535],[8.573,56.546],[8.578,56.552],[8.569,56.56],[8.566,56.573],[8.55,56.557],[8.537,56.549],[8.524,56.543],[8.525,56.542],[8.523,56.54],[8.519,56.535],[8.518,56.534],[8.517,56.533],[8.512,56.536],[8.505,56.536],[8.504,56.536],[8.502,56.537],[8.501,56.537],[8.497,56.538],[8.497,56.539],[8.496,56.539],[8.495,56.54],[8.494,56.541],[8.491,56.542],[8.49,56.541],[8.489,56.541],[8.489,56.539],[8.486,56.539],[8.486,56.54],[8.483,56.537],[8.483,56.536],[8.484,56.536],[8.485,56.536],[8.485,56.535],[8.484,56.534],[8.487,56.531],[8.491,56.526],[8.491,56.525],[8.494,56.525],[8.497,56.523],[8.495,56.521],[8.496,56.521],[8.495,56.517],[8.495,56.516],[8.497,56.513],[8.496,56.512],[8.496,56.511],[8.496,56.51],[8.495,56.51],[8.495,56.509],[8.495,56.508],[8.495,56.507],[8.495,56.506],[8.494,56.502],[8.495,56.502],[8.495,56.501],[8.496,56.501],[8.497,56.499],[8.496,56.496],[8.49,56.487],[8.489,56.487],[8.488,56.486],[8.487,56.486],[8.486,56.486],[8.486,56.485],[8.484,56.483],[8.484,56.478],[8.484,56.477],[8.483,56.472],[8.475,56.466],[8.47,56.457],[8.459,56.456],[8.456,56.451],[8.455,56.439],[8.449,56.434],[8.439,56.436],[8.43,56.428],[8.426,56.429],[8.425,56.429],[8.422,56.429],[8.417,56.429],[8.416,56.429],[8.416,56.43],[8.409,56.43],[8.401,56.419],[8.393,56.411],[8.395,56.406],[8.404,56.404],[8.407,56.403],[8.408,56.403],[8.409,56.402],[8.413,56.401],[8.414,56.401],[8.416,56.401],[8.418,56.4],[8.419,56.4],[8.43,56.399],[8.431,56.399],[8.433,56.399],[8.433,56.398],[8.432,56.398],[8.432,56.397],[8.431,56.397],[8.432,56.396],[8.432,56.395],[8.434,56.393],[8.433,56.393],[8.433,56.392],[8.434,56.391],[8.434,56.39],[8.433,56.389],[8.432,56.389],[8.434,56.388],[8.435,56.387],[8.436,56.387],[8.437,56.387],[8.44,56.387],[8.44,56.388],[8.441,56.388],[8.444,56.389],[8.445,56.389],[8.451,56.39],[8.452,56.39],[8.453,56.391],[8.454,56.391],[8.455,56.391],[8.455,56.392],[8.456,56.393],[8.458,56.394],[8.459,56.395],[8.459,56.396],[8.46,56.397],[8.461,56.398],[8.461,56.399],[8.464,56.399],[8.465,56.399],[8.465,56.4],[8.466,56.401],[8.467,56.401],[8.468,56.401],[8.468,56.402],[8.471,56.402],[8.473,56.402],[8.474,56.402],[8.474,56.401],[8.475,56.401],[8.476,56.401],[8.477,56.401],[8.479,56.401],[8.48,56.401],[8.482,56.401],[8.483,56.4],[8.484,56.4],[8.485,56.4],[8.486,56.4],[8.486,56.399],[8.487,56.399],[8.488,56.399],[8.489,56.398],[8.49,56.398],[8.491,56.398],[8.491,56.397],[8.494,56.399],[8.495,56.399],[8.496,56.399],[8.498,56.401],[8.499,56.401],[8.501,56.401],[8.506,56.401],[8.507,56.401],[8.508,56.401],[8.508,56.402],[8.512,56.413],[8.512,56.414],[8.509,56.416],[8.509,56.417],[8.509,56.418],[8.509,56.42],[8.509,56.421],[8.51,56.421],[8.515,56.421],[8.518,56.42],[8.524,56.421],[8.529,56.423],[8.534,56.424],[8.535,56.424],[8.536,56.423],[8.537,56.423],[8.538,56.423],[8.539,56.423],[8.54,56.423],[8.541,56.423],[8.542,56.422],[8.545,56.422],[8.546,56.422],[8.547,56.423],[8.548,56.424],[8.552,56.422],[8.556,56.418],[8.555,56.418],[8.552,56.414],[8.553,56.414],[8.565,56.411],[8.567,56.411],[8.568,56.411],[8.572,56.411],[8.573,56.411],[8.575,56.411],[8.576,56.413],[8.575,56.413],[8.576,56.413],[8.582,56.415],[8.584,56.423],[8.585,56.424],[8.587,56.423],[8.59,56.422],[8.591,56.421],[8.594,56.421],[8.594,56.422],[8.595,56.422],[8.595,56.421],[8.596,56.421],[8.597,56.421],[8.606,56.42],[8.607,56.419],[8.615,56.418],[8.616,56.418],[8.617,56.417],[8.618,56.417],[8.619,56.417],[8.623,56.415],[8.624,56.415],[8.623,56.408],[8.624,56.408],[8.624,56.407],[8.625,56.406],[8.627,56.406],[8.628,56.406],[8.629,56.406],[8.629,56.405],[8.63,56.405],[8.631,56.405],[8.632,56.405],[8.633,56.405],[8.634,56.405],[8.637,56.404],[8.638,56.404],[8.638,56.403],[8.639,56.403],[8.64,56.403],[8.641,56.402],[8.642,56.402],[8.643,56.402],[8.644,56.402],[8.645,56.401],[8.645,56.402],[8.646,56.402],[8.649,56.402],[8.65,56.402],[8.651,56.402],[8.652,56.402],[8.652,56.403],[8.652,56.404],[8.652,56.405],[8.652,56.406],[8.653,56.406],[8.654,56.406],[8.654,56.405],[8.653,56.405],[8.654,56.404],[8.656,56.403],[8.656,56.402],[8.657,56.402],[8.657,56.401],[8.658,56.401],[8.659,56.401],[8.659,56.4],[8.66,56.4],[8.661,56.4],[8.662,56.4],[8.663,56.399],[8.664,56.399],[8.665,56.399],[8.665,56.4],[8.666,56.4],[8.666,56.401],[8.667,56.401],[8.671,56.403],[8.67,56.404],[8.671,56.404],[8.676,56.406],[8.676,56.407],[8.674,56.409],[8.674,56.41],[8.674,56.411],[8.675,56.411],[8.681,56.416],[8.683,56.417],[8.684,56.421],[8.687,56.422],[8.688,56.423],[8.689,56.424],[8.69,56.425],[8.69,56.426],[8.691,56.426],[8.69,56.426],[8.691,56.427],[8.692,56.428],[8.692,56.429],[8.693,56.429],[8.694,56.43],[8.694,56.431],[8.692,56.433],[8.692,56.434],[8.693,56.435],[8.693,56.436],[8.694,56.437],[8.695,56.439],[8.696,56.439],[8.696,56.44],[8.697,56.44],[8.697,56.441],[8.701,56.444],[8.702,56.444],[8.702,56.445],[8.702,56.446],[8.705,56.452],[8.702,56.455],[8.702,56.465],[8.705,56.471],[8.706,56.471],[8.712,56.476]]],[[[8.672,56.583],[8.641,56.582],[8.631,56.574],[8.612,56.554],[8.619,56.548],[8.621,56.542],[8.619,56.537],[8.635,56.523],[8.636,56.536],[8.63,56.544],[8.633,56.553],[8.638,56.56],[8.652,56.568],[8.641,56.573],[8.641,56.579],[8.656,56.582],[8.663,56.58],[8.672,56.583]]],[[[8.615,56.663],[8.6,56.661],[8.596,56.663],[8.587,56.653],[8.599,56.65],[8.601,56.644],[8.597,56.639],[8.613,56.635],[8.627,56.628],[8.631,56.629],[8.636,56.64],[8.63,56.648],[8.636,56.651],[8.642,56.66],[8.632,56.659],[8.615,56.663]]],[[[8.404,56.67],[8.426,56.665],[8.441,56.655],[8.453,56.651],[8.469,56.638],[8.483,56.634],[8.492,56.627],[8.502,56.611],[8.502,56.606],[8.511,56.6],[8.515,56.59],[8.522,56.587],[8.529,56.581],[8.544,56.577],[8.555,56.58],[8.545,56.584],[8.539,56.583],[8.53,56.588],[8.531,56.594],[8.542,56.599],[8.551,56.6],[8.588,56.601],[8.592,56.605],[8.592,56.613],[8.596,56.62],[8.596,56.635],[8.591,56.641],[8.585,56.642],[8.57,56.654],[8.577,56.66],[8.575,56.665],[8.58,56.673],[8.588,56.68],[8.583,56.688],[8.575,56.685],[8.56,56.688],[8.551,56.683],[8.539,56.683],[8.528,56.675],[8.514,56.669],[8.5,56.666],[8.483,56.672],[8.476,56.677],[8.478,56.683],[8.468,56.685],[8.444,56.68],[8.431,56.672],[8.424,56.671],[8.405,56.676],[8.404,56.67]]]]},"properties":{"code":"671","name":"Struer","region":"Region Midtjylland"}},
{"type":"Feature","geometry":{"type":"MultiPolygon","coordinates":[[[[10.847,56.295],[10.839,56.299],[10.824,56.297],[10.819,56.299],[10.811,56.309],[10.815,56.317],[10.807,56.322],[10.796,56.326],[10.76,56.334],[10.742,56.331],[10.734,56.335],[10.727,56.341],[10.713,56.339],[10.708,56.333],[10.691,56.339],[10.669,56.351],[10.658,56.353],[10.646,56.358],[10.636,56.367],[10.635,56.374],[10.676,56.376],[10.705,56.39],[10.69,56.397],[10.692,56.404],[10.682,56.406],[10.677,56.413],[10.653,56.42],[10.628,56.418],[10.621,56.423],[10.603,56.424],[10.594,56.433],[10.575,56.433],[10.572,56.444],[10.553,56.448],[10.548,56.447],[10.545,56.429],[10.512,56.429],[10.492,56.431],[10.474,56.427],[10.458,56.422],[10.454,56.426],[10.428,56.424],[10.424,56.417],[10.426,56.41],[10.421,56.408],[10.42,56.406],[10.413,56.404],[10.389,56.404],[10.389,56.389],[10.381,56.39],[10.37,56.395],[10.361,56.395],[10.347,56.392],[10.339,56.396],[10.311,56.391],[10.303,56.39],[10.295,56.386],[10.286,56.391],[10.278,56.392],[10.266,56.399],[10.262,56.405],[10.261,56.405],[10.26,56.405],[10.259,56.405],[10.258,56.404],[10.256,56.404],[10.254,56.403],[10.253,56.403],[10.253,56.402],[10.251,56.402],[10.25,56.402],[10.25,56.403],[10.25,56.404],[10.249,56.405],[10.245,56.405],[10.243,56.404],[10.242,56.404],[10.24,56.406],[10.239,56.407],[10.236,56.405],[10.233,56.405],[10.232,56.405],[10.232,56.404],[10.232,56.403],[10.231,56.403],[10.23,56.403],[10.229,56.403],[10.228,56.404],[10.228,56.403],[10.225,56.403],[10.225,56.402],[10.223,56.402],[10.222,56.402],[10.221,56.402],[10.22,56.401],[10.219,56.401],[10.217,56.4],[10.216,56.4],[10.216,56.399],[10.215,56.399],[10.214,56.398],[10.214,56.397],[10.214,56.396],[10.214,56.395],[10.214,56.394],[10.213,56.394],[10.212,56.394],[10.211,56.396],[10.209,56.396],[10.207,56.396],[10.207,56.395],[10.206,56.395],[10.203,56.394],[10.199,56.392],[10.197,56.391],[10.196,56.391],[10.205,56.39],[10.214,56.383],[10.223,56.381],[10.235,56.373],[10.228,56.367],[10.231,56.364],[10.222,56.359],[10.212,56.359],[10.199,56.365],[10.186,56.361],[10.185,56.351],[10.178,56.348],[10.162,56.347],[10.168,56.34],[10.16,56.339],[10.166,56.327],[10.198,56.324],[10.205,56.327],[10.206,56.327],[10.207,56.328],[10.211,56.328],[10.211,56.329],[10.212,56.329],[10.214,56.329],[10.216,56.329],[10.217,56.329],[10.218,56.33],[10.219,56.33],[10.22,56.33],[10.221,56.329],[10.223,56.327],[10.223,56.326],[10.226,56.326],[10.227,56.326],[10.234,56.318],[10.262,56.315],[10.267,56.317],[10.276,56.316],[10.272,56.305],[10.271,56.305],[10.27,56.3],[10.269,56.299],[10.267,56.298],[10.266,56.296],[10.266,56.295],[10.266,56.293],[10.265,56.293],[10.265,56.292],[10.266,56.291],[10.26,56.284],[10.259,56.283],[10.26,56.281],[10.261,56.28],[10.27,56.281],[10.271,56.281],[10.272,56.282],[10.273,56.282],[10.274,56.283],[10.275,56.283],[10.276,56.284],[10.277,56.284],[10.283,56.289],[10.285,56.29],[10.286,56.29],[10.287,56.29],[10.289,56.291],[10.29,56.291],[10.295,56.291],[10.297,56.291],[10.298,56.292],[10.301,56.292],[10.302,56.293],[10.305,56.294],[10.306,56.294],[10.306,56.295],[10.307,56.295],[10.307,56.296],[10.315,56.296],[10.316,56.297],[10.327,56.291],[10.331,56.29],[10.332,56.29],[10.332,56.289],[10.333,56.289],[10.332,56.288],[10.333,56.288],[10.335,56.287],[10.338,56.287],[10.339,56.287],[10.345,56.287],[10.348,56.287],[10.349,56.287],[10.353,56.288],[10.355,56.288],[10.356,56.288],[10.357,56.288],[10.365,56.287],[10.366,56.287],[10.37,56.287],[10.371,56.287],[10.372,56.287],[10.373,56.286],[10.374,56.286],[10.378,56.286],[10.379,56.286],[10.381,56.286],[10.383,56.289],[10.393,56.293],[10.402,56.291],[10.41,56.293],[10.416,56.29],[10.43,56.296],[10.446,56.291],[10.453,56.288],[10.459,56.28],[10.474,56.28],[10.48,56.283],[10.489,56.279],[10.503,56.276],[10.502,56.27],[10.509,56.264],[10.505,56.26],[10.488,56.262],[10.484,56.259],[10.483,56.251],[10.474,56.244],[10.464,56.241],[10.453,56.232],[10.467,56.229],[10.472,56.225],[10.468,56.221],[10.476,56.215],[10.481,56.207],[10.468,56.2],[10.457,56.197],[10.452,56.2],[10.435,56.201],[10.425,56.209],[10.437,56.221],[10.413,56.219],[10.412,56.213],[10.406,56.207],[10.391,56.205],[10.376,56.201],[10.358,56.199],[10.348,56.201],[10.346,56.194],[10.358,56.193],[10.374,56.185],[10.38,56.167],[10.398,56.162],[10.419,56.162],[10.434,56.17],[10.44,56.179],[10.453,56.182],[10.475,56.179],[10.491,56.171],[10.505,56.169],[10.519,56.173],[10.529,56.165],[10.523,56.156],[10.517,56.145],[10.491,56.146],[10.481,56.139],[10.49,56.127],[10.497,56.115],[10.506,56.105],[10.511,56.096],[10.54,56.102],[10.545,56.102],[10.557,56.113],[10.559,56.124],[10.554,56.133],[10.552,56.148],[10.543,56.152],[10.533,56.162],[10.536,56.174],[10.545,56.183],[10.556,56.189],[10.562,56.197],[10.577,56.203],[10.577,56.209],[10.585,56.219],[10.598,56.223],[10.603,56.227],[10.622,56.228],[10.63,56.226],[10.655,56.226],[10.671,56.217],[10.676,56.209],[10.677,56.204],[10.67,56.197],[10.669,56.189],[10.664,56.185],[10.654,56.183],[10.642,56.188],[10.637,56.181],[10.647,56.168],[10.658,56.162],[10.675,56.156],[10.681,56.152],[10.68,56.146],[10.689,56.141],[10.714,56.142],[10.721,56.149],[10.734,56.168],[10.738,56.183],[10.735,56.197],[10.736,56.213],[10.743,56.224],[10.754,56.233],[10.768,56.24],[10.778,56.243],[10.791,56.244],[10.795,56.248],[10.813,56.258],[10.827,56.279],[10.834,56.287],[10.847,56.295]]],[[[10.806,56.13],[10.811,56.135],[10.804,56.138],[10.798,56.133],[10.806,56.13]]]]},"properties":{"code":"706","name":"Syddjurs","region":"Region Midtjylland"}},
{"type":"Feature","geometry":{"type":"MultiPolygon","coordinates":[[[[10.847,56.295],[10.863,56.3],[10.872,56.311],[10.889,56.323],[10.896,56.329],[10.914,56.344],[10.915,56.38],[10.916,56.387],[10.921,56.393],[10.922,56.413],[10.932,56.422],[10.928,56.425],[10.935,56.432],[10.943,56.436],[10.955,56.437],[10.959,56.442],[10.953,56.448],[10.95,56.456],[10.938,56.461],[10.926,56.47],[10.916,56.472],[10.899,56.481],[10.877,56.487],[10.87,56.496],[10.867,56.51],[10.862,56.518],[10.855,56.52],[10.836,56.531],[10.809,56.534],[10.797,56.537],[10.766,56.538],[10.741,56.533],[10.727,56.531],[10.671,56.53],[10.658,56.527],[10.637,56.526],[10.622,56.524],[10.608,56.52],[10.588,56.517],[10.57,56.517],[10.56,56.515],[10.53,56.513],[10.507,56.513],[10.489,56.516],[10.466,56.521],[10.441,56.523],[10.426,56.526],[10.408,56.532],[10.389,56.542],[10.37,56.554],[10.351,56.57],[10.345,56.58],[10.345,56.592],[10.342,56.597],[10.316,56.602],[10.313,56.606],[10.302,56.606],[10.3,56.6],[10.303,56.593],[10.286,56.58],[10.273,56.576],[10.261,56.564],[10.253,56.559],[10.255,56.554],[10.25,56.55],[10.231,56.545],[10.23,56.521],[10.234,56.517],[10.233,56.508],[10.235,56.495],[10.227,56.483],[10.24,56.474],[10.251,56.472],[10.264,56.473],[10.271,56.469],[10.271,56.463],[10.27,56.462],[10.27,56.461],[10.266,56.455],[10.266,56.454],[10.266,56.453],[10.266,56.45],[10.265,56.448],[10.265,56.447],[10.264,56.446],[10.264,56.445],[10.264,56.444],[10.264,56.443],[10.265,56.443],[10.267,56.442],[10.267,56.441],[10.266,56.431],[10.266,56.43],[10.267,56.43],[10.269,56.429],[10.27,56.429],[10.272,56.429],[10.274,56.428],[10.275,56.427],[10.276,56.427],[10.277,56.426],[10.279,56.425],[10.28,56.425],[10.289,56.423],[10.291,56.423],[10.294,56.423],[10.294,56.424],[10.299,56.424],[10.3,56.424],[10.301,56.424],[10.304,56.422],[10.304,56.421],[10.301,56.421],[10.3,56.421],[10.298,56.422],[10.296,56.42],[10.296,56.419],[10.295,56.419],[10.294,56.419],[10.291,56.417],[10.291,56.416],[10.29,56.416],[10.288,56.415],[10.287,56.415],[10.285,56.415],[10.284,56.415],[10.283,56.415],[10.283,56.414],[10.282,56.414],[10.281,56.414],[10.28,56.414],[10.279,56.414],[10.277,56.414],[10.276,56.414],[10.272,56.413],[10.271,56.412],[10.272,56.411],[10.272,56.41],[10.271,56.41],[10.271,56.409],[10.269,56.409],[10.268,56.409],[10.267,56.409],[10.266,56.408],[10.266,56.407],[10.265,56.406],[10.264,56.406],[10.263,56.406],[10.262,56.405],[10.266,56.399],[10.278,56.392],[10.286,56.391],[10.295,56.386],[10.303,56.39],[10.311,56.391],[10.339,56.396],[10.347,56.392],[10.361,56.395],[10.37,56.395],[10.381,56.39],[10.389,56.389],[10.389,56.404],[10.413,56.404],[10.42,56.406],[10.421,56.408],[10.426,56.41],[10.424,56.417],[10.428,56.424],[10.454,56.426],[10.458,56.422],[10.474,56.427],[10.492,56.431],[10.512,56.429],[10.545,56.429],[10.548,56.447],[10.553,56.448],[10.572,56.444],[10.575,56.433],[10.594,56.433],[10.603,56.424],[10.621,56.423],[10.628,56.418],[10.653,56.42],[10.677,56.413],[10.682,56.406],[10.692,56.404],[10.69,56.397],[10.705,56.39],[10.676,56.376],[10.635,56.374],[10.636,56.367],[10.646,56.358],[10.658,56.353],[10.669,56.351],[10.691,56.339],[10.708,56.333],[10.713,56.339],[10.727,56.341],[10.734,56.335],[10.742,56.331],[10.76,56.334],[10.796,56.326],[10.807,56.322],[10.815,56.317],[10.811,56.309],[10.819,56.299],[10.824,56.297],[10.839,56.299],[10.847,56.295]]],[[[11.65,56.738],[11.612,56.731],[11.581,56.725],[11.561,56.724],[11.546,56.726],[11.531,56.725],[11.515,56.717],[11.512,56.714],[11.523,56.707],[11.535,56.692],[11.543,56.689],[11.551,56.688],[11.576,56.69],[11.584,56.692],[11.603,56.709],[11.625,56.722],[11.642,56.73],[11.657,56.735],[11.65,56.738]]]]},"properties":{"code":"707","name":"Norddjurs","region":"Region Midtjylland"}},
{"type":"Feature","geometry":{"type":"Polygon","coordinates":[[[10.196,56.391],[10.193,56.391],[10.193,56.392],[10.192,56.392],[10.186,56.393],[10.181,56.393],[10.181,56.392],[10.178,56.39],[10.175,56.39],[10.174,56.39],[10.167,56.39],[10.167,56.391],[10.166,56.391],[10.165,56.391],[10.158,56.392],[10.158,56.39],[10.157,56.39],[10.156,56.39],[10.155,56.39],[10.154,56.39],[10.153,56.39],[10.151,56.391],[10.15,56.391],[10.147,56.39],[10.146,56.39],[10.144,56.391],[10.143,56.391],[10.143,56.392],[10.142,56.392],[10.142,56.393],[10.141,56.393],[10.14,56.391],[10.139,56.391],[10.139,56.39],[10.138,56.389],[10.138,56.388],[10.137,56.388],[10.137,56.387],[10.135,56.386],[10.134,56.385],[10.133,56.384],[10.132,56.384],[10.132,56.383],[10.131,56.383],[10.13,56.378],[10.13,56.377],[10.13,56.375],[10.131,56.375],[10.129,56.374],[10.128,56.375],[10.123,56.375],[10.123,56.376],[10.121,56.377],[10.12,56.377],[10.119,56.377],[10.118,56.378],[10.117,56.379],[10.116,56.379],[10.113,56.38],[10.111,56.38],[10.106,56.375],[10.104,56.375],[10.101,56.373],[10.1,56.373],[10.089,56.376],[10.088,56.376],[10.087,56.376],[10.086,56.376],[10.085,56.377],[10.084,56.378],[10.083,56.378],[10.082,56.378],[10.081,56.377],[10.067,56.383],[10.066,56.383],[10.065,56.383],[10.064,56.383],[10.064,56.384],[10.061,56.382],[10.06,56.382],[10.058,56.381],[10.057,56.381],[10.047,56.382],[10.047,56.381],[10.04,56.391],[10.026,56.39],[10.01,56.387],[10.004,56.389],[9.994,56.384],[9.982,56.381],[9.968,56.371],[9.956,56.372],[9.951,56.37],[9.939,56.38],[9.938,56.387],[9.912,56.394],[9.907,56.392],[9.909,56.383],[9.879,56.379],[9.871,56.385],[9.849,56.388],[9.848,56.388],[9.847,56.388],[9.846,56.388],[9.842,56.39],[9.841,56.39],[9.837,56.395],[9.816,56.396],[9.803,56.393],[9.804,56.404],[9.798,56.414],[9.809,56.42],[9.824,56.418],[9.824,56.412],[9.842,56.417],[9.841,56.419],[9.842,56.421],[9.841,56.422],[9.843,56.424],[9.842,56.424],[9.842,56.425],[9.843,56.425],[9.843,56.426],[9.844,56.426],[9.846,56.427],[9.847,56.427],[9.847,56.428],[9.849,56.431],[9.85,56.433],[9.849,56.434],[9.848,56.435],[9.847,56.438],[9.846,56.439],[9.846,56.44],[9.847,56.44],[9.844,56.443],[9.843,56.444],[9.841,56.448],[9.838,56.449],[9.836,56.45],[9.833,56.45],[9.832,56.45],[9.832,56.449],[9.831,56.449],[9.83,56.449],[9.826,56.449],[9.825,56.449],[9.824,56.449],[9.823,56.449],[9.821,56.448],[9.82,56.447],[9.82,56.446],[9.814,56.445],[9.814,56.446],[9.813,56.446],[9.805,56.447],[9.801,56.446],[9.8,56.446],[9.799,56.446],[9.797,56.445],[9.795,56.445],[9.793,56.444],[9.79,56.444],[9.789,56.444],[9.786,56.444],[9.784,56.444],[9.783,56.444],[9.782,56.445],[9.781,56.445],[9.78,56.446],[9.779,56.447],[9.778,56.448],[9.776,56.45],[9.775,56.45],[9.775,56.449],[9.774,56.448],[9.773,56.446],[9.772,56.446],[9.773,56.443],[9.772,56.439],[9.769,56.439],[9.769,56.44],[9.768,56.44],[9.768,56.439],[9.767,56.439],[9.766,56.438],[9.765,56.437],[9.765,56.435],[9.752,56.429],[9.752,56.425],[9.759,56.419],[9.755,56.415],[9.746,56.415],[9.746,56.41],[9.744,56.41],[9.741,56.41],[9.742,56.409],[9.742,56.408],[9.741,56.406],[9.737,56.402],[9.743,56.399],[9.741,56.399],[9.741,56.398],[9.739,56.398],[9.734,56.398],[9.732,56.397],[9.732,56.395],[9.73,56.393],[9.729,56.393],[9.727,56.392],[9.726,56.391],[9.725,56.391],[9.723,56.392],[9.722,56.392],[9.72,56.392],[9.719,56.392],[9.717,56.392],[9.725,56.388],[9.729,56.384],[9.725,56.383],[9.724,56.382],[9.721,56.383],[9.719,56.383],[9.718,56.382],[9.717,56.382],[9.706,56.377],[9.689,56.376],[9.7,56.368],[9.702,56.361],[9.702,56.349],[9.705,56.343],[9.716,56.34],[9.723,56.335],[9.722,56.33],[9.7,56.327],[9.681,56.326],[9.667,56.327],[9.667,56.319],[9.661,56.315],[9.664,56.315],[9.665,56.314],[9.666,56.314],[9.667,56.313],[9.675,56.311],[9.676,56.31],[9.678,56.305],[9.679,56.305],[9.679,56.3],[9.694,56.302],[9.695,56.302],[9.696,56.302],[9.697,56.302],[9.698,56.302],[9.699,56.302],[9.7,56.302],[9.701,56.302],[9.702,56.302],[9.703,56.302],[9.704,56.302],[9.706,56.302],[9.705,56.301],[9.706,56.301],[9.707,56.301],[9.708,56.301],[9.709,56.3],[9.71,56.3],[9.711,56.3],[9.712,56.3],[9.713,56.3],[9.713,56.299],[9.714,56.299],[9.715,56.299],[9.715,56.3],[9.715,56.299],[9.716,56.299],[9.716,56.298],[9.717,56.298],[9.718,56.298],[9.719,56.298],[9.719,56.297],[9.72,56.296],[9.721,56.296],[9.721,56.295],[9.725,56.294],[9.725,56.293],[9.726,56.293],[9.727,56.293],[9.728,56.293],[9.729,56.294],[9.731,56.294],[9.732,56.294],[9.733,56.294],[9.734,56.294],[9.736,56.295],[9.737,56.295],[9.739,56.295],[9.741,56.295],[9.744,56.295],[9.745,56.296],[9.746,56.295],[9.748,56.295],[9.748,56.296],[9.75,56.296],[9.75,56.295],[9.751,56.295],[9.75,56.294],[9.752,56.291],[9.764,56.289],[9.765,56.289],[9.766,56.29],[9.767,56.29],[9.768,56.29],[9.777,56.292],[9.776,56.292],[9.776,56.291],[9.776,56.29],[9.776,56.286],[9.775,56.284],[9.774,56.284],[9.775,56.282],[9.775,56.281],[9.776,56.28],[9.781,56.273],[9.779,56.269],[9.757,56.268],[9.755,56.263],[9.763,56.261],[9.764,56.261],[9.764,56.262],[9.764,56.263],[9.769,56.263],[9.771,56.263],[9.771,56.262],[9.779,56.258],[9.78,56.258],[9.781,56.257],[9.782,56.256],[9.782,56.255],[9.789,56.245],[9.779,56.242],[9.778,56.242],[9.778,56.241],[9.777,56.241],[9.777,56.24],[9.776,56.24],[9.776,56.241],[9.776,56.24],[9.775,56.24],[9.774,56.24],[9.773,56.24],[9.772,56.239],[9.771,56.238],[9.77,56.238],[9.77,56.237],[9.771,56.237],[9.772,56.237],[9.78,56.239],[9.787,56.234],[9.787,56.233],[9.782,56.225],[9.781,56.224],[9.781,56.223],[9.781,56.222],[9.78,56.222],[9.779,56.221],[9.778,56.221],[9.778,56.219],[9.779,56.219],[9.78,56.219],[9.782,56.217],[9.783,56.216],[9.783,56.215],[9.782,56.215],[9.781,56.215],[9.777,56.214],[9.774,56.213],[9.771,56.212],[9.77,56.212],[9.769,56.212],[9.768,56.212],[9.77,56.21],[9.77,56.209],[9.771,56.208],[9.771,56.207],[9.772,56.205],[9.772,56.204],[9.772,56.203],[9.766,56.201],[9.765,56.201],[9.765,56.2],[9.764,56.2],[9.759,56.198],[9.773,56.191],[9.783,56.197],[9.79,56.195],[9.79,56.194],[9.791,56.194],[9.791,56.193],[9.805,56.189],[9.81,56.19],[9.837,56.193],[9.859,56.189],[9.88,56.199],[9.893,56.208],[9.898,56.214],[9.911,56.211],[9.917,56.213],[9.932,56.209],[9.941,56.216],[9.983,56.211],[9.982,56.208],[9.991,56.206],[10,56.207],[9.996,56.214],[10.015,56.222],[10.03,56.223],[10.028,56.232],[10.035,56.232],[10.036,56.232],[10.039,56.231],[10.04,56.231],[10.042,56.23],[10.047,56.225],[10.048,56.225],[10.061,56.226],[10.063,56.226],[10.066,56.226],[10.069,56.226],[10.069,56.225],[10.069,56.224],[10.07,56.224],[10.071,56.223],[10.072,56.223],[10.072,56.224],[10.073,56.224],[10.074,56.225],[10.074,56.226],[10.073,56.227],[10.079,56.225],[10.082,56.224],[10.083,56.224],[10.083,56.223],[10.09,56.222],[10.091,56.222],[10.096,56.221],[10.1,56.219],[10.105,56.22],[10.107,56.219],[10.107,56.218],[10.108,56.218],[10.108,56.217],[10.109,56.217],[10.112,56.217],[10.113,56.217],[10.119,56.218],[10.121,56.218],[10.122,56.218],[10.125,56.219],[10.126,56.22],[10.127,56.221],[10.128,56.221],[10.129,56.221],[10.123,56.225],[10.122,56.226],[10.122,56.227],[10.124,56.232],[10.127,56.246],[10.124,56.249],[10.124,56.25],[10.127,56.262],[10.132,56.262],[10.133,56.262],[10.135,56.265],[10.135,56.266],[10.135,56.267],[10.135,56.268],[10.132,56.273],[10.125,56.28],[10.128,56.289],[10.128,56.291],[10.128,56.292],[10.127,56.294],[10.128,56.297],[10.129,56.297],[10.129,56.299],[10.132,56.306],[10.139,56.306],[10.152,56.308],[10.153,56.308],[10.163,56.305],[10.164,56.304],[10.162,56.303],[10.162,56.302],[10.164,56.3],[10.165,56.299],[10.166,56.298],[10.167,56.298],[10.171,56.3],[10.173,56.302],[10.174,56.302],[10.176,56.303],[10.176,56.304],[10.176,56.305],[10.177,56.305],[10.178,56.305],[10.182,56.308],[10.185,56.309],[10.186,56.309],[10.187,56.31],[10.188,56.31],[10.188,56.317],[10.188,56.318],[10.189,56.319],[10.19,56.319],[10.191,56.32],[10.192,56.32],[10.192,56.321],[10.192,56.322],[10.193,56.323],[10.194,56.324],[10.196,56.324],[10.197,56.324],[10.198,56.324],[10.166,56.327],[10.16,56.339],[10.168,56.34],[10.162,56.347],[10.178,56.348],[10.185,56.351],[10.186,56.361],[10.199,56.365],[10.212,56.359],[10.222,56.359],[10.231,56.364],[10.228,56.367],[10.235,56.373],[10.223,56.381],[10.214,56.383],[10.205,56.39],[10.196,56.391]]]},"properties":{"code":"710","name":"Favrskov","region":"Region Midtjylland"}},
{"type":"Feature","geometry":{"type":"MultiPolygon","coordinates":[[[[10.048,55.879],[10.063,55.88],[10.072,55.884],[10.083,55.885],[10.1,55.882],[10.111,55.883],[10.112,55.874],[10.118,55.871],[10.115,55.864],[10.098,55.867],[10.061,55.87],[10.047,55.862],[10.037,55.852],[10.036,55.844],[10.044,55.843],[10.054,55.847],[10.079,55.848],[10.095,55.858],[10.116,55.864],[10.119,55.871],[10.129,55.875],[10.135,55.881],[10.144,55.875],[10.145,55.87],[10.139,55.861],[10.159,55.846],[10.193,55.837],[10.199,55.842],[10.192,55.85],[10.204,55.859],[10.203,55.865],[10.195,55.869],[10.192,55.886],[10.204,55.886],[10.219,55.894],[10.225,55.9],[10.24,55.909],[10.259,55.912],[10.257,55.916],[10.258,55.932],[10.261,55.947],[10.266,55.957],[10.264,55.963],[10.256,55.972],[10.252,55.983],[10.255,55.995],[10.262,56.001],[10.266,56.008],[10.273,56.016],[10.281,56.02],[10.267,56.024],[10.259,56.021],[10.25,56.021],[10.239,56.01],[10.22,56.007],[10.217,56.011],[10.208,56.01],[10.207,56.011],[10.206,56.011],[10.206,56.01],[10.202,56.007],[10.201,56.006],[10.199,56.006],[10.198,56.006],[10.195,56.007],[10.194,56.009],[10.193,56.009],[10.192,56.011],[10.193,56.011],[10.194,56.012],[10.195,56.013],[10.196,56.013],[10.193,56.016],[10.193,56.015],[10.192,56.016],[10.192,56.017],[10.185,56.018],[10.178,56.018],[10.17,56.019],[10.168,56.019],[10.167,56.019],[10.165,56.019],[10.16,56.018],[10.159,56.018],[10.159,56.019],[10.156,56.022],[10.157,56.018],[10.151,56.015],[10.151,56.014],[10.15,56.014],[10.148,56.014],[10.148,56.013],[10.147,56.013],[10.139,56.002],[10.114,56.005],[10.104,56.01],[10.103,56.009],[10.101,56.009],[10.099,56.012],[10.091,56.007],[10.092,56.005],[10.086,56.004],[10.085,56.004],[10.079,56.004],[10.079,56.003],[10.073,56.002],[10.072,56.002],[10.067,56.001],[10.066,56.001],[10.061,56],[10.061,55.999],[10.06,55.999],[10.059,55.998],[10.058,55.998],[10.057,55.998],[10.057,55.997],[10.056,55.997],[10.055,55.997],[10.051,55.996],[10.049,55.996],[10.048,55.996],[10.047,55.996],[10.046,55.997],[10.043,55.997],[10.042,55.997],[10.041,55.997],[10.039,55.994],[10.022,55.984],[10.014,55.981],[10.015,55.979],[10.014,55.974],[10.014,55.973],[10.019,55.971],[10.02,55.971],[10.021,55.97],[10.023,55.969],[10.028,55.965],[10.03,55.964],[10.03,55.963],[10.031,55.963],[10.031,55.962],[10.031,55.961],[10.03,55.959],[10.031,55.959],[10.033,55.958],[10.034,55.957],[10.036,55.956],[10.035,55.956],[10.034,55.956],[10.035,55.954],[10.033,55.952],[10.032,55.951],[10.034,55.949],[10.034,55.948],[10.035,55.948],[10.034,55.946],[10.033,55.946],[10.031,55.946],[10.03,55.946],[10.03,55.945],[10.029,55.944],[10.028,55.932],[10.019,55.921],[10.016,55.91],[10.019,55.904],[10.027,55.901],[10.022,55.896],[10.03,55.893],[10.039,55.883],[10.048,55.879]]],[[[10.416,55.96],[10.403,55.96],[10.415,55.951],[10.429,55.945],[10.437,55.943],[10.454,55.949],[10.456,55.953],[10.443,55.957],[10.428,55.958],[10.416,55.96]]]]},"properties":{"code":"727","name":"Odder","region":"Region Midtjylland"}},
{"type":"Feature","geometry":{"type":"Polygon","coordinates":[[[10.262,56.405],[10.263,56.406],[10.264,56.406],[10.265,56.406],[10.266,56.407],[10.266,56.408],[10.267,56.409],[10.268,56.409],[10.269,56.409],[10.271,56.409],[10.271,56.41],[10.272,56.41],[10.272,56.411],[10.271,56.412],[10.272,56.413],[10.276,56.414],[10.277,56.414],[10.279,56.414],[10.28,56.414],[10.281,56.414],[10.282,56.414],[10.283,56.414],[10.283,56.415],[10.284,56.415],[10.285,56.415],[10.287,56.415],[10.288,56.415],[10.29,56.416],[10.291,56.416],[10.291,56.417],[10.294,56.419],[10.295,56.419],[10.296,56.419],[10.296,56.42],[10.298,56.422],[10.3,56.421],[10.301,56.421],[10.304,56.421],[10.304,56.422],[10.301,56.424],[10.3,56.424],[10.299,56.424],[10.294,56.424],[10.294,56.423],[10.291,56.423],[10.289,56.423],[10.28,56.425],[10.279,56.425],[10.277,56.426],[10.276,56.427],[10.275,56.427],[10.274,56.428],[10.272,56.429],[10.27,56.429],[10.269,56.429],[10.267,56.43],[10.266,56.43],[10.266,56.431],[10.267,56.441],[10.267,56.442],[10.265,56.443],[10.264,56.443],[10.264,56.444],[10.264,56.445],[10.264,56.446],[10.265,56.447],[10.265,56.448],[10.266,56.45],[10.266,56.453],[10.266,56.454],[10.266,56.455],[10.27,56.461],[10.27,56.462],[10.271,56.463],[10.271,56.469],[10.257,56.467],[10.242,56.469],[10.223,56.474],[10.199,56.471],[10.184,56.472],[10.154,56.463],[10.131,56.456],[10.107,56.463],[10.117,56.466],[10.12,56.46],[10.131,56.458],[10.153,56.464],[10.162,56.466],[10.183,56.472],[10.207,56.473],[10.212,56.476],[10.228,56.503],[10.224,56.507],[10.224,56.521],[10.217,56.535],[10.22,56.553],[10.231,56.555],[10.243,56.569],[10.245,56.578],[10.265,56.588],[10.279,56.592],[10.28,56.596],[10.289,56.604],[10.299,56.609],[10.32,56.617],[10.335,56.62],[10.343,56.623],[10.358,56.637],[10.36,56.646],[10.35,56.659],[10.363,56.662],[10.352,56.694],[10.339,56.701],[10.31,56.701],[10.302,56.697],[10.284,56.693],[10.268,56.698],[10.254,56.699],[10.239,56.694],[10.205,56.682],[10.194,56.684],[10.197,56.679],[10.18,56.672],[10.166,56.671],[10.164,56.661],[10.156,56.661],[10.158,56.652],[10.141,56.646],[10.135,56.649],[10.124,56.647],[10.119,56.641],[10.125,56.637],[10.115,56.625],[10.105,56.622],[10.093,56.622],[10.076,56.613],[10.053,56.604],[10.043,56.602],[10.026,56.601],[10.009,56.598],[10.002,56.594],[9.98,56.592],[9.972,56.596],[9.959,56.597],[9.958,56.592],[9.949,56.581],[9.925,56.577],[9.91,56.576],[9.9,56.572],[9.888,56.574],[9.877,56.566],[9.881,56.557],[9.866,56.555],[9.846,56.555],[9.833,56.55],[9.823,56.557],[9.817,56.557],[9.81,56.562],[9.796,56.562],[9.786,56.55],[9.782,56.542],[9.791,56.533],[9.79,56.525],[9.785,56.521],[9.787,56.515],[9.789,56.494],[9.784,56.481],[9.787,56.477],[9.786,56.46],[9.776,56.45],[9.778,56.448],[9.779,56.447],[9.78,56.446],[9.781,56.445],[9.782,56.445],[9.783,56.444],[9.784,56.444],[9.786,56.444],[9.789,56.444],[9.79,56.444],[9.793,56.444],[9.795,56.445],[9.797,56.445],[9.799,56.446],[9.8,56.446],[9.801,56.446],[9.805,56.447],[9.813,56.446],[9.814,56.446],[9.814,56.445],[9.82,56.446],[9.82,56.447],[9.821,56.448],[9.823,56.449],[9.824,56.449],[9.825,56.449],[9.826,56.449],[9.83,56.449],[9.831,56.449],[9.832,56.449],[9.832,56.45],[9.833,56.45],[9.836,56.45],[9.838,56.449],[9.841,56.448],[9.843,56.444],[9.844,56.443],[9.847,56.44],[9.846,56.44],[9.846,56.439],[9.847,56.438],[9.848,56.435],[9.849,56.434],[9.85,56.433],[9.849,56.431],[9.847,56.428],[9.847,56.427],[9.846,56.427],[9.844,56.426],[9.843,56.426],[9.843,56.425],[9.842,56.425],[9.842,56.424],[9.843,56.424],[9.841,56.422],[9.842,56.421],[9.841,56.419],[9.842,56.417],[9.824,56.412],[9.824,56.418],[9.809,56.42],[9.798,56.414],[9.804,56.404],[9.803,56.393],[9.816,56.396],[9.837,56.395],[9.841,56.39],[9.842,56.39],[9.846,56.388],[9.847,56.388],[9.848,56.388],[9.849,56.388],[9.871,56.385],[9.879,56.379],[9.909,56.383],[9.907,56.392],[9.912,56.394],[9.938,56.387],[9.939,56.38],[9.951,56.37],[9.956,56.372],[9.968,56.371],[9.982,56.381],[9.994,56.384],[10.004,56.389],[10.01,56.387],[10.026,56.39],[10.04,56.391],[10.047,56.381],[10.047,56.382],[10.057,56.381],[10.058,56.381],[10.06,56.382],[10.061,56.382],[10.064,56.384],[10.064,56.383],[10.065,56.383],[10.066,56.383],[10.067,56.383],[10.081,56.377],[10.082,56.378],[10.083,56.378],[10.084,56.378],[10.085,56.377],[10.086,56.376],[10.087,56.376],[10.088,56.376],[10.089,56.376],[10.1,56.373],[10.101,56.373],[10.104,56.375],[10.106,56.375],[10.111,56.38],[10.113,56.38],[10.116,56.379],[10.117,56.379],[10.118,56.378],[10.119,56.377],[10.12,56.377],[10.121,56.377],[10.123,56.376],[10.123,56.375],[10.128,56.375],[10.129,56.374],[10.131,56.375],[10.13,56.375],[10.13,56.377],[10.13,56.378],[10.131,56.383],[10.132,56.383],[10.132,56.384],[10.133,56.384],[10.134,56.385],[10.135,56.386],[10.137,56.387],[10.137,56.388],[10.138,56.388],[10.138,56.389],[10.139,56.39],[10.139,56.391],[10.14,56.391],[10.141,56.393],[10.142,56.393],[10.142,56.392],[10.143,56.392],[10.143,56.391],[10.144,56.391],[10.146,56.39],[10.147,56.39],[10.15,56.391],[10.151,56.391],[10.153,56.39],[10.154,56.39],[10.155,56.39],[10.156,56.39],[10.157,56.39],[10.158,56.39],[10.158,56.392],[10.165,56.391],[10.166,56.391],[10.167,56.391],[10.167,56.39],[10.174,56.39],[10.175,56.39],[10.178,56.39],[10.181,56.392],[10.181,56.393],[10.186,56.393],[10.192,56.392],[10.193,56.392],[10.193,56.391],[10.196,56.391],[10.197,56.391],[10.199,56.392],[10.203,56.394],[10.206,56.395],[10.207,56.395],[10.207,56.396],[10.209,56.396],[10.211,56.396],[10.212,56.394],[10.213,56.394],[10.214,56.394],[10.214,56.395],[10.214,56.396],[10.214,56.397],[10.214,56.398],[10.215,56.399],[10.216,56.399],[10.216,56.4],[10.217,56.4],[10.219,56.401],[10.22,56.401],[10.221,56.402],[10.222,56.402],[10.223,56.402],[10.225,56.402],[10.225,56.403],[10.228,56.403],[10.228,56.404],[10.229,56.403],[10.23,56.403],[10.231,56.403],[10.232,56.403],[10.232,56.404],[10.232,56.405],[10.233,56.405],[10.236,56.405],[10.239,56.407],[10.24,56.406],[10.242,56.404],[10.243,56.404],[10.245,56.405],[10.249,56.405],[10.25,56.404],[10.25,56.403],[10.25,56.402],[10.251,56.402],[10.253,56.402],[10.253,56.403],[10.254,56.403],[10.256,56.404],[10.258,56.404],[10.259,56.405],[10.26,56.405],[10.261,56.405],[10.262,56.405]]]},"properties":{"code":"730","name":"Randers","region":"Region Midtjylland"}},
{"type":"Feature","geometry":{"type":"Polygon","coordinates":[[[9.64,56.065],[9.645,56.077],[9.64,56.085],[9.638,56.086],[9.637,56.088],[9.636,56.089],[9.635,56.091],[9.635,56.092],[9.635,56.093],[9.634,56.105],[9.638,56.113],[9.639,56.113],[9.639,56.114],[9.64,56.114],[9.642,56.115],[9.642,56.116],[9.645,56.117],[9.646,56.118],[9.647,56.119],[9.652,56.122],[9.696,56.114],[9.706,56.119],[9.712,56.12],[9.72,56.125],[9.721,56.125],[9.722,56.125],[9.724,56.125],[9.728,56.127],[9.728,56.128],[9.729,56.13],[9.729,56.131],[9.736,56.134],[9.737,56.134],[9.738,56.134],[9.738,56.135],[9.739,56.135],[9.741,56.135],[9.743,56.136],[9.751,56.138],[9.748,56.144],[9.748,56.145],[9.746,56.151],[9.747,56.151],[9.747,56.152],[9.748,56.151],[9.749,56.151],[9.752,56.151],[9.752,56.152],[9.749,56.158],[9.78,56.164],[9.782,56.164],[9.783,56.164],[9.784,56.164],[9.785,56.164],[9.786,56.164],[9.787,56.164],[9.788,56.164],[9.789,56.164],[9.791,56.164],[9.802,56.164],[9.809,56.165],[9.812,56.166],[9.814,56.165],[9.816,56.165],[9.817,56.165],[9.818,56.165],[9.819,56.165],[9.819,56.166],[9.821,56.166],[9.822,56.166],[9.823,56.167],[9.824,56.167],[9.825,56.167],[9.826,56.167],[9.83,56.168],[9.831,56.168],[9.832,56.168],[9.835,56.168],[9.836,56.168],[9.837,56.169],[9.838,56.169],[9.839,56.17],[9.84,56.17],[9.843,56.171],[9.847,56.171],[9.849,56.17],[9.85,56.17],[9.853,56.17],[9.854,56.17],[9.855,56.17],[9.856,56.17],[9.857,56.17],[9.857,56.169],[9.858,56.169],[9.858,56.17],[9.858,56.171],[9.858,56.172],[9.858,56.173],[9.859,56.174],[9.859,56.175],[9.86,56.175],[9.861,56.176],[9.859,56.18],[9.859,56.184],[9.859,56.189],[9.837,56.193],[9.81,56.19],[9.805,56.189],[9.791,56.193],[9.791,56.194],[9.79,56.194],[9.79,56.195],[9.783,56.197],[9.773,56.191],[9.759,56.198],[9.764,56.2],[9.765,56.2],[9.765,56.201],[9.766,56.201],[9.772,56.203],[9.772,56.204],[9.772,56.205],[9.771,56.207],[9.771,56.208],[9.77,56.209],[9.77,56.21],[9.768,56.212],[9.769,56.212],[9.77,56.212],[9.771,56.212],[9.774,56.213],[9.777,56.214],[9.781,56.215],[9.782,56.215],[9.783,56.215],[9.783,56.216],[9.782,56.217],[9.78,56.219],[9.779,56.219],[9.778,56.219],[9.778,56.221],[9.779,56.221],[9.78,56.222],[9.781,56.222],[9.781,56.223],[9.781,56.224],[9.782,56.225],[9.787,56.233],[9.787,56.234],[9.78,56.239],[9.772,56.237],[9.771,56.237],[9.77,56.237],[9.77,56.238],[9.771,56.238],[9.772,56.239],[9.773,56.24],[9.774,56.24],[9.775,56.24],[9.776,56.24],[9.776,56.241],[9.776,56.24],[9.777,56.24],[9.777,56.241],[9.778,56.241],[9.778,56.242],[9.779,56.242],[9.789,56.245],[9.782,56.255],[9.782,56.256],[9.781,56.257],[9.78,56.258],[9.779,56.258],[9.771,56.262],[9.771,56.263],[9.769,56.263],[9.764,56.263],[9.764,56.262],[9.764,56.261],[9.763,56.261],[9.755,56.263],[9.757,56.268],[9.779,56.269],[9.781,56.273],[9.776,56.28],[9.775,56.281],[9.775,56.282],[9.774,56.284],[9.775,56.284],[9.776,56.286],[9.776,56.29],[9.776,56.291],[9.776,56.292],[9.777,56.292],[9.768,56.29],[9.767,56.29],[9.766,56.29],[9.765,56.289],[9.764,56.289],[9.752,56.291],[9.75,56.294],[9.751,56.295],[9.75,56.295],[9.75,56.296],[9.748,56.296],[9.748,56.295],[9.746,56.295],[9.745,56.296],[9.744,56.295],[9.741,56.295],[9.739,56.295],[9.737,56.295],[9.736,56.295],[9.734,56.294],[9.733,56.294],[9.732,56.294],[9.731,56.294],[9.729,56.294],[9.728,56.293],[9.727,56.293],[9.726,56.293],[9.725,56.293],[9.725,56.294],[9.721,56.295],[9.721,56.296],[9.72,56.296],[9.719,56.297],[9.719,56.298],[9.718,56.298],[9.717,56.298],[9.716,56.298],[9.716,56.299],[9.715,56.299],[9.715,56.3],[9.715,56.299],[9.714,56.299],[9.713,56.299],[9.713,56.3],[9.712,56.3],[9.711,56.3],[9.71,56.3],[9.709,56.3],[9.708,56.301],[9.707,56.301],[9.706,56.301],[9.705,56.301],[9.706,56.302],[9.704,56.302],[9.703,56.302],[9.702,56.302],[9.701,56.302],[9.7,56.302],[9.699,56.302],[9.698,56.302],[9.697,56.302],[9.696,56.302],[9.695,56.302],[9.694,56.302],[9.679,56.3],[9.679,56.305],[9.678,56.305],[9.676,56.31],[9.675,56.311],[9.667,56.313],[9.666,56.314],[9.665,56.314],[9.664,56.315],[9.661,56.315],[9.659,56.315],[9.658,56.315],[9.656,56.316],[9.649,56.315],[9.646,56.315],[9.636,56.314],[9.625,56.309],[9.62,56.31],[9.608,56.307],[9.601,56.309],[9.598,56.315],[9.589,56.318],[9.586,56.319],[9.585,56.32],[9.581,56.319],[9.58,56.318],[9.579,56.318],[9.578,56.318],[9.577,56.318],[9.576,56.318],[9.572,56.317],[9.571,56.317],[9.57,56.316],[9.569,56.316],[9.568,56.316],[9.567,56.317],[9.564,56.317],[9.563,56.317],[9.562,56.317],[9.561,56.317],[9.56,56.317],[9.56,56.318],[9.559,56.318],[9.558,56.318],[9.557,56.318],[9.556,56.317],[9.548,56.315],[9.548,56.314],[9.539,56.314],[9.527,56.316],[9.513,56.316],[9.511,56.31],[9.509,56.309],[9.508,56.308],[9.504,56.309],[9.503,56.31],[9.499,56.311],[9.498,56.311],[9.498,56.312],[9.489,56.314],[9.488,56.314],[9.488,56.315],[9.488,56.316],[9.487,56.316],[9.487,56.317],[9.486,56.317],[9.486,56.318],[9.485,56.319],[9.484,56.319],[9.484,56.32],[9.483,56.32],[9.484,56.32],[9.483,56.32],[9.483,56.321],[9.481,56.322],[9.481,56.323],[9.481,56.324],[9.481,56.325],[9.48,56.325],[9.479,56.325],[9.478,56.325],[9.476,56.325],[9.475,56.325],[9.474,56.324],[9.473,56.324],[9.472,56.324],[9.471,56.325],[9.469,56.327],[9.47,56.327],[9.469,56.328],[9.468,56.329],[9.468,56.33],[9.467,56.331],[9.467,56.332],[9.467,56.333],[9.467,56.334],[9.466,56.334],[9.466,56.335],[9.465,56.336],[9.465,56.337],[9.464,56.338],[9.463,56.339],[9.461,56.342],[9.476,56.345],[9.482,56.348],[9.477,56.353],[9.452,56.364],[9.451,56.364],[9.45,56.364],[9.45,56.365],[9.449,56.365],[9.448,56.366],[9.447,56.366],[9.442,56.368],[9.441,56.369],[9.44,56.369],[9.439,56.369],[9.438,56.37],[9.438,56.369],[9.437,56.368],[9.437,56.367],[9.436,56.367],[9.435,56.367],[9.435,56.366],[9.434,56.366],[9.434,56.365],[9.433,56.364],[9.433,56.363],[9.432,56.363],[9.431,56.363],[9.43,56.363],[9.429,56.363],[9.428,56.363],[9.427,56.362],[9.427,56.363],[9.426,56.363],[9.424,56.363],[9.423,56.362],[9.422,56.362],[9.421,56.361],[9.418,56.359],[9.418,56.358],[9.413,56.355],[9.412,56.354],[9.408,56.352],[9.407,56.351],[9.405,56.35],[9.404,56.35],[9.397,56.351],[9.396,56.352],[9.395,56.352],[9.369,56.361],[9.366,56.357],[9.375,56.345],[9.37,56.345],[9.366,56.345],[9.365,56.345],[9.359,56.344],[9.358,56.344],[9.355,56.343],[9.354,56.343],[9.353,56.344],[9.351,56.343],[9.348,56.343],[9.347,56.343],[9.346,56.343],[9.346,56.342],[9.339,56.341],[9.334,56.343],[9.328,56.344],[9.327,56.344],[9.326,56.344],[9.326,56.343],[9.324,56.341],[9.317,56.34],[9.315,56.338],[9.31,56.335],[9.304,56.332],[9.303,56.332],[9.301,56.332],[9.301,56.331],[9.299,56.331],[9.298,56.331],[9.299,56.331],[9.304,56.329],[9.307,56.329],[9.307,56.328],[9.308,56.327],[9.308,56.325],[9.294,56.318],[9.298,56.312],[9.297,56.312],[9.293,56.311],[9.292,56.31],[9.284,56.308],[9.282,56.308],[9.272,56.302],[9.27,56.301],[9.268,56.299],[9.26,56.293],[9.26,56.292],[9.259,56.292],[9.258,56.291],[9.256,56.29],[9.257,56.289],[9.259,56.287],[9.261,56.285],[9.262,56.284],[9.26,56.283],[9.259,56.283],[9.258,56.282],[9.252,56.28],[9.251,56.281],[9.249,56.283],[9.235,56.284],[9.238,56.278],[9.248,56.272],[9.232,56.27],[9.231,56.269],[9.23,56.269],[9.229,56.267],[9.226,56.263],[9.225,56.262],[9.225,56.261],[9.224,56.261],[9.224,56.26],[9.224,56.259],[9.223,56.259],[9.222,56.257],[9.222,56.256],[9.223,56.255],[9.223,56.254],[9.223,56.253],[9.224,56.251],[9.224,56.25],[9.224,56.249],[9.224,56.248],[9.224,56.247],[9.224,56.246],[9.224,56.245],[9.225,56.245],[9.225,56.244],[9.225,56.243],[9.224,56.241],[9.224,56.24],[9.224,56.239],[9.223,56.238],[9.223,56.237],[9.223,56.235],[9.222,56.234],[9.223,56.234],[9.223,56.233],[9.224,56.232],[9.225,56.232],[9.226,56.231],[9.232,56.226],[9.234,56.225],[9.28,56.205],[9.281,56.208],[9.315,56.206],[9.327,56.209],[9.326,56.201],[9.33,56.196],[9.343,56.195],[9.35,56.19],[9.356,56.194],[9.366,56.193],[9.368,56.187],[9.363,56.181],[9.369,56.175],[9.37,56.175],[9.371,56.174],[9.379,56.172],[9.391,56.173],[9.387,56.162],[9.388,56.155],[9.389,56.15],[9.39,56.15],[9.39,56.149],[9.392,56.148],[9.392,56.147],[9.392,56.146],[9.393,56.146],[9.405,56.142],[9.406,56.142],[9.408,56.141],[9.409,56.141],[9.41,56.14],[9.411,56.139],[9.413,56.139],[9.414,56.139],[9.415,56.139],[9.415,56.138],[9.418,56.138],[9.42,56.138],[9.421,56.138],[9.421,56.137],[9.422,56.137],[9.423,56.137],[9.421,56.136],[9.419,56.136],[9.404,56.129],[9.405,56.128],[9.405,56.127],[9.408,56.125],[9.408,56.124],[9.409,56.123],[9.407,56.12],[9.411,56.105],[9.42,56.096],[9.419,56.095],[9.418,56.095],[9.412,56.094],[9.41,56.094],[9.408,56.095],[9.407,56.095],[9.398,56.092],[9.397,56.088],[9.388,56.088],[9.382,56.088],[9.371,56.091],[9.366,56.092],[9.345,56.098],[9.333,56.096],[9.318,56.1],[9.319,56.089],[9.319,56.088],[9.319,56.087],[9.318,56.087],[9.317,56.081],[9.315,56.08],[9.308,56.076],[9.327,56.067],[9.348,56.054],[9.351,56.047],[9.35,56.035],[9.349,56.035],[9.348,56.034],[9.347,56.033],[9.349,56.026],[9.35,56.026],[9.353,56.026],[9.387,56.024],[9.404,56.029],[9.418,56.029],[9.422,56.026],[9.423,56.024],[9.424,56.024],[9.431,56.013],[9.432,56.013],[9.432,56.012],[9.433,56.011],[9.434,56.011],[9.436,56.005],[9.44,56.004],[9.441,56.003],[9.442,56.003],[9.443,56.002],[9.444,56.002],[9.445,56.002],[9.446,56.002],[9.447,56.002],[9.448,56],[9.449,56],[9.452,55.998],[9.453,55.998],[9.455,55.997],[9.455,55.996],[9.457,55.997],[9.458,55.997],[9.459,55.996],[9.46,55.996],[9.461,55.996],[9.46,55.996],[9.461,55.995],[9.462,55.995],[9.462,55.994],[9.474,55.997],[9.477,55.998],[9.479,55.998],[9.483,55.998],[9.484,55.997],[9.495,55.998],[9.496,55.998],[9.497,56],[9.498,56],[9.501,56.003],[9.501,56.004],[9.502,56.007],[9.503,56.008],[9.504,56.008],[9.507,56.008],[9.509,56.007],[9.51,56.007],[9.511,56.006],[9.512,56.006],[9.526,56.008],[9.535,56.006],[9.537,56.003],[9.537,56.002],[9.542,56.01],[9.542,56.011],[9.541,56.011],[9.54,56.011],[9.54,56.012],[9.539,56.012],[9.54,56.012],[9.54,56.013],[9.539,56.013],[9.539,56.014],[9.538,56.014],[9.54,56.014],[9.541,56.013],[9.547,56.012],[9.553,56.013],[9.553,56.012],[9.554,56.012],[9.564,56.009],[9.565,56.01],[9.578,56.005],[9.579,56.004],[9.582,56.002],[9.583,56.003],[9.59,56.009],[9.591,56.01],[9.592,56.01],[9.592,56.011],[9.605,56.013],[9.605,56.012],[9.605,56.013],[9.605,56.014],[9.604,56.019],[9.605,56.02],[9.604,56.022],[9.604,56.023],[9.603,56.031],[9.606,56.036],[9.606,56.037],[9.595,56.043],[9.589,56.048],[9.58,56.052],[9.581,56.062],[9.582,56.062],[9.583,56.062],[9.583,56.063],[9.584,56.063],[9.593,56.066],[9.594,56.066],[9.597,56.067],[9.606,56.07],[9.616,56.069],[9.624,56.068],[9.64,56.065]]]},"properties":{"code":"740","name":"Silkeborg","region":"Region Midtjylland"}},
{"type":"Feature","geometry":{"type":"MultiPolygon","coordinates":[[[[10.562,55.865],[10.548,55.863],[10.53,55.853],[10.526,55.823],[10.531,55.797],[10.53,55.791],[10.54,55.777],[10.55,55.769],[10.58,55.77],[10.592,55.767],[10.619,55.764],[10.625,55.775],[10.635,55.784],[10.643,55.797],[10.644,55.806],[10.637,55.822],[10.639,55.832],[10.646,55.846],[10.659,55.86],[10.68,55.871],[10.677,55.873],[10.679,55.884],[10.672,55.884],[10.662,55.879],[10.653,55.878],[10.646,55.875],[10.635,55.877],[10.626,55.885],[10.629,55.89],[10.62,55.891],[10.612,55.902],[10.611,55.909],[10.623,55.914],[10.629,55.919],[10.635,55.915],[10.652,55.917],[10.631,55.925],[10.619,55.925],[10.599,55.932],[10.58,55.948],[10.572,55.961],[10.565,55.982],[10.563,56.001],[10.55,55.997],[10.522,55.979],[10.52,55.973],[10.522,55.962],[10.53,55.942],[10.538,55.936],[10.557,55.938],[10.571,55.934],[10.586,55.926],[10.598,55.914],[10.601,55.907],[10.596,55.895],[10.594,55.884],[10.585,55.87],[10.577,55.865],[10.562,55.865]]],[[[10.633,55.898],[10.634,55.89],[10.642,55.894],[10.633,55.898]]],[[[10.756,55.948],[10.753,55.944],[10.764,55.943],[10.763,55.948],[10.756,55.948]]]]},"properties":{"code":"741","name":"Samsø","region":"Region Midtjylland"}},
{"type":"Feature","geometry":{"type":"Polygon","coordinates":[[[10.014,55.981],[10.022,55.984],[10.039,55.994],[10.041,55.997],[10.04,55.999],[10.039,55.999],[10.039,56],[10.038,56],[10.031,56],[10.029,56.01],[10.046,56.012],[10.047,56.012],[10.047,56.013],[10.048,56.013],[10.048,56.016],[10.05,56.018],[10.05,56.019],[10.058,56.026],[10.059,56.026],[10.059,56.027],[10.059,56.028],[10.059,56.032],[10.057,56.033],[10.051,56.037],[10.051,56.04],[10.048,56.043],[10.049,56.043],[10.05,56.044],[10.051,56.044],[10.053,56.045],[10.054,56.045],[10.06,56.046],[10.061,56.046],[10.071,56.047],[10.076,56.057],[10.077,56.057],[10.078,56.057],[10.079,56.057],[10.079,56.059],[10.083,56.059],[10.083,56.062],[10.084,56.062],[10.084,56.063],[10.09,56.065],[10.091,56.065],[10.091,56.067],[10.091,56.068],[10.092,56.07],[10.093,56.071],[10.092,56.071],[10.092,56.072],[10.091,56.072],[10.089,56.074],[10.084,56.076],[10.078,56.076],[10.078,56.077],[10.075,56.081],[10.075,56.082],[10.074,56.082],[10.073,56.083],[10.072,56.083],[10.072,56.084],[10.071,56.084],[10.07,56.084],[10.066,56.084],[10.065,56.084],[10.064,56.085],[10.06,56.086],[10.06,56.087],[10.059,56.087],[10.06,56.089],[10.06,56.09],[10.059,56.091],[10.058,56.091],[10.055,56.093],[10.054,56.094],[10.051,56.097],[10.05,56.097],[10.049,56.097],[10.05,56.098],[10.048,56.099],[10.048,56.1],[10.047,56.101],[10.046,56.101],[10.045,56.102],[10.044,56.103],[10.03,56.104],[10.01,56.108],[10.008,56.112],[9.996,56.113],[9.996,56.112],[9.996,56.111],[9.995,56.111],[9.994,56.111],[9.994,56.11],[9.993,56.11],[9.992,56.109],[9.991,56.109],[9.99,56.108],[9.987,56.108],[9.986,56.108],[9.985,56.109],[9.976,56.117],[9.977,56.12],[9.977,56.121],[9.977,56.122],[9.976,56.122],[9.974,56.125],[9.97,56.128],[9.969,56.128],[9.963,56.129],[9.962,56.129],[9.96,56.13],[9.959,56.13],[9.959,56.131],[9.958,56.132],[9.958,56.133],[9.957,56.136],[9.956,56.136],[9.955,56.14],[9.949,56.144],[9.96,56.15],[9.961,56.15],[9.964,56.152],[9.965,56.152],[9.965,56.151],[9.968,56.152],[9.969,56.151],[9.973,56.155],[9.973,56.156],[9.974,56.158],[9.974,56.159],[9.974,56.16],[9.971,56.163],[9.971,56.164],[9.968,56.165],[9.968,56.166],[9.968,56.167],[9.967,56.167],[9.966,56.167],[9.965,56.167],[9.965,56.168],[9.965,56.169],[9.964,56.17],[9.963,56.17],[9.962,56.171],[9.96,56.171],[9.959,56.171],[9.961,56.173],[9.962,56.173],[9.963,56.173],[9.964,56.173],[9.965,56.173],[9.966,56.173],[9.966,56.174],[9.967,56.174],[9.968,56.174],[9.969,56.174],[9.969,56.175],[9.97,56.175],[9.971,56.175],[9.972,56.176],[9.972,56.175],[9.972,56.176],[9.973,56.176],[9.974,56.176],[9.974,56.175],[9.975,56.175],[9.976,56.175],[9.977,56.175],[9.978,56.175],[9.979,56.175],[9.98,56.175],[9.981,56.175],[9.984,56.179],[9.985,56.179],[9.989,56.179],[9.99,56.179],[9.991,56.179],[9.992,56.179],[9.993,56.179],[9.996,56.179],[9.997,56.179],[9.996,56.179],[9.996,56.18],[9.995,56.18],[9.994,56.181],[9.993,56.181],[9.992,56.181],[9.991,56.181],[9.989,56.184],[9.991,56.184],[9.993,56.185],[9.993,56.186],[9.992,56.186],[9.992,56.187],[9.992,56.188],[9.991,56.188],[9.99,56.188],[9.99,56.189],[9.99,56.188],[9.99,56.189],[9.989,56.188],[9.989,56.189],[9.988,56.189],[9.987,56.189],[9.986,56.191],[9.985,56.191],[9.985,56.192],[9.984,56.192],[9.984,56.193],[9.983,56.193],[9.983,56.194],[9.985,56.196],[9.986,56.196],[9.991,56.206],[9.982,56.208],[9.983,56.211],[9.941,56.216],[9.932,56.209],[9.917,56.213],[9.911,56.211],[9.898,56.214],[9.893,56.208],[9.88,56.199],[9.859,56.189],[9.859,56.184],[9.859,56.18],[9.861,56.176],[9.86,56.175],[9.859,56.175],[9.859,56.174],[9.858,56.173],[9.858,56.172],[9.858,56.171],[9.858,56.17],[9.858,56.169],[9.857,56.169],[9.857,56.17],[9.856,56.17],[9.855,56.17],[9.854,56.17],[9.853,56.17],[9.85,56.17],[9.849,56.17],[9.847,56.171],[9.843,56.171],[9.84,56.17],[9.839,56.17],[9.838,56.169],[9.837,56.169],[9.836,56.168],[9.835,56.168],[9.832,56.168],[9.831,56.168],[9.83,56.168],[9.826,56.167],[9.825,56.167],[9.824,56.167],[9.823,56.167],[9.822,56.166],[9.821,56.166],[9.819,56.166],[9.819,56.165],[9.818,56.165],[9.817,56.165],[9.816,56.165],[9.814,56.165],[9.812,56.166],[9.809,56.165],[9.802,56.164],[9.791,56.164],[9.789,56.164],[9.788,56.164],[9.787,56.164],[9.786,56.164],[9.785,56.164],[9.784,56.164],[9.783,56.164],[9.782,56.164],[9.78,56.164],[9.749,56.158],[9.752,56.152],[9.752,56.151],[9.749,56.151],[9.748,56.151],[9.747,56.152],[9.747,56.151],[9.746,56.151],[9.748,56.145],[9.748,56.144],[9.751,56.138],[9.743,56.136],[9.741,56.135],[9.739,56.135],[9.738,56.135],[9.738,56.134],[9.737,56.134],[9.736,56.134],[9.729,56.131],[9.729,56.13],[9.728,56.128],[9.728,56.127],[9.724,56.125],[9.722,56.125],[9.721,56.125],[9.72,56.125],[9.712,56.12],[9.706,56.119],[9.696,56.114],[9.652,56.122],[9.647,56.119],[9.646,56.118],[9.645,56.117],[9.642,56.116],[9.642,56.115],[9.64,56.114],[9.639,56.114],[9.639,56.113],[9.638,56.113],[9.634,56.105],[9.635,56.093],[9.635,56.092],[9.635,56.091],[9.636,56.089],[9.637,56.088],[9.638,56.086],[9.64,56.085],[9.645,56.077],[9.64,56.065],[9.653,56.063],[9.685,56.058],[9.699,56.058],[9.704,56.052],[9.701,56.041],[9.709,56.037],[9.705,56.029],[9.706,56.018],[9.71,56.011],[9.727,56.011],[9.737,56.01],[9.738,56.01],[9.743,56.011],[9.744,56.011],[9.745,56.011],[9.746,56.011],[9.747,56.011],[9.748,56.011],[9.748,56.012],[9.749,56.013],[9.758,56.015],[9.759,56.016],[9.761,56.016],[9.762,56.016],[9.766,56.017],[9.767,56.017],[9.768,56.016],[9.769,56.015],[9.77,56.015],[9.771,56.016],[9.772,56.015],[9.776,56.015],[9.777,56.015],[9.779,56.015],[9.78,56.015],[9.781,56.015],[9.781,56.016],[9.788,56.017],[9.794,56.019],[9.795,56.019],[9.796,56.018],[9.797,56.018],[9.798,56.018],[9.799,56.014],[9.81,56.006],[9.811,56.002],[9.799,55.996],[9.798,55.99],[9.797,55.989],[9.8,55.984],[9.801,55.984],[9.804,55.982],[9.805,55.981],[9.808,55.978],[9.807,55.977],[9.807,55.976],[9.808,55.974],[9.816,55.973],[9.817,55.973],[9.825,55.97],[9.826,55.97],[9.827,55.969],[9.832,55.967],[9.833,55.967],[9.835,55.966],[9.837,55.964],[9.839,55.963],[9.84,55.963],[9.841,55.962],[9.842,55.962],[9.843,55.961],[9.851,55.96],[9.857,55.955],[9.869,55.955],[9.87,55.956],[9.879,55.967],[9.88,55.967],[9.884,55.967],[9.887,55.967],[9.889,55.967],[9.89,55.967],[9.899,55.969],[9.899,55.97],[9.9,55.97],[9.901,55.97],[9.902,55.971],[9.903,55.969],[9.904,55.969],[9.906,55.97],[9.908,55.969],[9.912,55.97],[9.913,55.97],[9.915,55.97],[9.915,55.971],[9.916,55.971],[9.921,55.97],[9.922,55.97],[9.924,55.97],[9.929,55.969],[9.93,55.969],[9.931,55.969],[9.936,55.969],[9.953,55.97],[9.955,55.974],[9.954,55.974],[9.955,55.975],[9.954,55.975],[9.955,55.976],[9.954,55.976],[9.954,55.977],[9.954,55.978],[9.954,55.979],[9.954,55.981],[9.955,55.981],[9.956,55.98],[9.957,55.981],[9.957,55.982],[9.958,55.983],[9.958,55.984],[9.962,55.986],[9.962,55.987],[9.966,55.99],[9.967,55.991],[9.967,55.992],[9.968,55.992],[9.968,55.993],[9.971,55.992],[9.972,55.991],[9.973,55.991],[9.975,55.991],[9.975,55.99],[9.976,55.99],[9.979,55.99],[9.979,55.989],[9.98,55.989],[9.98,55.988],[9.986,55.983],[9.991,55.982],[9.992,55.982],[9.996,55.981],[9.997,55.983],[10,55.984],[10.001,55.984],[10.01,55.982],[10.011,55.982],[10.014,55.981]]]},"properties":{"code":"746","name":"Skanderborg","region":"Region Midtjylland"}},
{"type":"Feature","geometry":{"type":"Polygon","coordinates":[[[10.198,56.324],[10.197,56.324],[10.196,56.324],[10.194,56.324],[10.193,56.323],[10.192,56.322],[10.192,56.321],[10.192,56.32],[10.191,56.32],[10.19,56.319],[10.189,56.319],[10.188,56.318],[10.188,56.317],[10.188,56.31],[10.187,56.31],[10.186,56.309],[10.185,56.309],[10.182,56.308],[10.178,56.305],[10.177,56.305],[10.176,56.305],[10.176,56.304],[10.176,56.303],[10.174,56.302],[10.173,56.302],[10.171,56.3],[10.167,56.298],[10.166,56.298],[10.165,56.299],[10.164,56.3],[10.162,56.302],[10.162,56.303],[10.164,56.304],[10.163,56.305],[10.153,56.308],[10.152,56.308],[10.139,56.306],[10.132,56.306],[10.129,56.299],[10.129,56.297],[10.128,56.297],[10.127,56.294],[10.128,56.292],[10.128,56.291],[10.128,56.289],[10.125,56.28],[10.132,56.273],[10.135,56.268],[10.135,56.267],[10.135,56.266],[10.135,56.265],[10.133,56.262],[10.132,56.262],[10.127,56.262],[10.124,56.25],[10.124,56.249],[10.127,56.246],[10.124,56.232],[10.122,56.227],[10.122,56.226],[10.123,56.225],[10.129,56.221],[10.128,56.221],[10.127,56.221],[10.126,56.22],[10.125,56.219],[10.122,56.218],[10.121,56.218],[10.119,56.218],[10.113,56.217],[10.112,56.217],[10.109,56.217],[10.108,56.217],[10.108,56.218],[10.107,56.218],[10.107,56.219],[10.105,56.22],[10.1,56.219],[10.096,56.221],[10.091,56.222],[10.09,56.222],[10.083,56.223],[10.083,56.224],[10.082,56.224],[10.079,56.225],[10.073,56.227],[10.074,56.226],[10.074,56.225],[10.073,56.224],[10.072,56.224],[10.072,56.223],[10.071,56.223],[10.07,56.224],[10.069,56.224],[10.069,56.225],[10.069,56.226],[10.066,56.226],[10.063,56.226],[10.061,56.226],[10.048,56.225],[10.047,56.225],[10.042,56.23],[10.04,56.231],[10.039,56.231],[10.036,56.232],[10.035,56.232],[10.028,56.232],[10.03,56.223],[10.015,56.222],[9.996,56.214],[10,56.207],[9.991,56.206],[9.986,56.196],[9.985,56.196],[9.983,56.194],[9.983,56.193],[9.984,56.193],[9.984,56.192],[9.985,56.192],[9.985,56.191],[9.986,56.191],[9.987,56.189],[9.988,56.189],[9.989,56.189],[9.989,56.188],[9.99,56.189],[9.99,56.188],[9.99,56.189],[9.99,56.188],[9.991,56.188],[9.992,56.188],[9.992,56.187],[9.992,56.186],[9.993,56.186],[9.993,56.185],[9.991,56.184],[9.989,56.184],[9.991,56.181],[9.992,56.181],[9.993,56.181],[9.994,56.181],[9.995,56.18],[9.996,56.18],[9.996,56.179],[9.997,56.179],[9.996,56.179],[9.993,56.179],[9.992,56.179],[9.991,56.179],[9.99,56.179],[9.989,56.179],[9.985,56.179],[9.984,56.179],[9.981,56.175],[9.98,56.175],[9.979,56.175],[9.978,56.175],[9.977,56.175],[9.976,56.175],[9.975,56.175],[9.974,56.175],[9.974,56.176],[9.973,56.176],[9.972,56.176],[9.972,56.175],[9.972,56.176],[9.971,56.175],[9.97,56.175],[9.969,56.175],[9.969,56.174],[9.968,56.174],[9.967,56.174],[9.966,56.174],[9.966,56.173],[9.965,56.173],[9.964,56.173],[9.963,56.173],[9.962,56.173],[9.961,56.173],[9.959,56.171],[9.96,56.171],[9.962,56.171],[9.963,56.17],[9.964,56.17],[9.965,56.169],[9.965,56.168],[9.965,56.167],[9.966,56.167],[9.967,56.167],[9.968,56.167],[9.968,56.166],[9.968,56.165],[9.971,56.164],[9.971,56.163],[9.974,56.16],[9.974,56.159],[9.974,56.158],[9.973,56.156],[9.973,56.155],[9.969,56.151],[9.968,56.152],[9.965,56.151],[9.965,56.152],[9.964,56.152],[9.961,56.15],[9.96,56.15],[9.949,56.144],[9.955,56.14],[9.956,56.136],[9.957,56.136],[9.958,56.133],[9.958,56.132],[9.959,56.131],[9.959,56.13],[9.96,56.13],[9.962,56.129],[9.963,56.129],[9.969,56.128],[9.97,56.128],[9.974,56.125],[9.976,56.122],[9.977,56.122],[9.977,56.121],[9.977,56.12],[9.976,56.117],[9.985,56.109],[9.986,56.108],[9.987,56.108],[9.99,56.108],[9.991,56.109],[9.992,56.109],[9.993,56.11],[9.994,56.11],[9.994,56.111],[9.995,56.111],[9.996,56.111],[9.996,56.112],[9.996,56.113],[10.008,56.112],[10.01,56.108],[10.03,56.104],[10.044,56.103],[10.045,56.102],[10.046,56.101],[10.047,56.101],[10.048,56.1],[10.048,56.099],[10.05,56.098],[10.049,56.097],[10.05,56.097],[10.051,56.097],[10.054,56.094],[10.055,56.093],[10.058,56.091],[10.059,56.091],[10.06,56.09],[10.06,56.089],[10.059,56.087],[10.06,56.087],[10.06,56.086],[10.064,56.085],[10.065,56.084],[10.066,56.084],[10.07,56.084],[10.071,56.084],[10.072,56.084],[10.072,56.083],[10.073,56.083],[10.074,56.082],[10.075,56.082],[10.075,56.081],[10.078,56.077],[10.078,56.076],[10.084,56.076],[10.089,56.074],[10.091,56.072],[10.092,56.072],[10.092,56.071],[10.093,56.071],[10.092,56.07],[10.091,56.068],[10.091,56.067],[10.091,56.065],[10.09,56.065],[10.084,56.063],[10.084,56.062],[10.083,56.062],[10.083,56.059],[10.079,56.059],[10.079,56.057],[10.078,56.057],[10.077,56.057],[10.076,56.057],[10.071,56.047],[10.061,56.046],[10.06,56.046],[10.054,56.045],[10.053,56.045],[10.051,56.044],[10.05,56.044],[10.049,56.043],[10.048,56.043],[10.051,56.04],[10.051,56.037],[10.057,56.033],[10.059,56.032],[10.059,56.028],[10.059,56.027],[10.059,56.026],[10.058,56.026],[10.05,56.019],[10.05,56.018],[10.048,56.016],[10.048,56.013],[10.047,56.013],[10.047,56.012],[10.046,56.012],[10.029,56.01],[10.031,56],[10.038,56],[10.039,56],[10.039,55.999],[10.04,55.999],[10.041,55.997],[10.042,55.997],[10.043,55.997],[10.046,55.997],[10.047,55.996],[10.048,55.996],[10.049,55.996],[10.051,55.996],[10.055,55.997],[10.056,55.997],[10.057,55.997],[10.057,55.998],[10.058,55.998],[10.059,55.998],[10.06,55.999],[10.061,55.999],[10.061,56],[10.066,56.001],[10.067,56.001],[10.072,56.002],[10.073,56.002],[10.079,56.003],[10.079,56.004],[10.085,56.004],[10.086,56.004],[10.092,56.005],[10.091,56.007],[10.099,56.012],[10.101,56.009],[10.103,56.009],[10.104,56.01],[10.114,56.005],[10.139,56.002],[10.147,56.013],[10.148,56.013],[10.148,56.014],[10.15,56.014],[10.151,56.014],[10.151,56.015],[10.157,56.018],[10.156,56.022],[10.159,56.019],[10.159,56.018],[10.16,56.018],[10.165,56.019],[10.167,56.019],[10.168,56.019],[10.17,56.019],[10.178,56.018],[10.185,56.018],[10.192,56.017],[10.192,56.016],[10.193,56.015],[10.193,56.016],[10.196,56.013],[10.195,56.013],[10.194,56.012],[10.193,56.011],[10.192,56.011],[10.193,56.009],[10.194,56.009],[10.195,56.007],[10.198,56.006],[10.199,56.006],[10.201,56.006],[10.202,56.007],[10.206,56.01],[10.206,56.011],[10.207,56.011],[10.208,56.01],[10.217,56.011],[10.223,56.011],[10.234,56.016],[10.243,56.024],[10.256,56.026],[10.266,56.024],[10.271,56.041],[10.271,56.048],[10.263,56.056],[10.249,56.084],[10.248,56.093],[10.24,56.1],[10.236,56.109],[10.228,56.12],[10.216,56.126],[10.209,56.136],[10.214,56.139],[10.227,56.139],[10.255,56.15],[10.246,56.158],[10.227,56.158],[10.22,56.15],[10.215,56.158],[10.22,56.158],[10.232,56.166],[10.224,56.171],[10.239,56.184],[10.246,56.189],[10.261,56.195],[10.28,56.2],[10.293,56.216],[10.303,56.224],[10.315,56.229],[10.326,56.23],[10.339,56.236],[10.345,56.245],[10.353,56.248],[10.347,56.252],[10.346,56.263],[10.362,56.272],[10.37,56.27],[10.379,56.271],[10.389,56.278],[10.382,56.286],[10.381,56.286],[10.379,56.286],[10.378,56.286],[10.374,56.286],[10.373,56.286],[10.372,56.287],[10.371,56.287],[10.37,56.287],[10.366,56.287],[10.365,56.287],[10.357,56.288],[10.356,56.288],[10.355,56.288],[10.353,56.288],[10.349,56.287],[10.348,56.287],[10.345,56.287],[10.339,56.287],[10.338,56.287],[10.335,56.287],[10.333,56.288],[10.332,56.288],[10.333,56.289],[10.332,56.289],[10.332,56.29],[10.331,56.29],[10.327,56.291],[10.316,56.297],[10.315,56.296],[10.307,56.296],[10.307,56.295],[10.306,56.295],[10.306,56.294],[10.305,56.294],[10.302,56.293],[10.301,56.292],[10.298,56.292],[10.297,56.291],[10.295,56.291],[10.29,56.291],[10.289,56.291],[10.287,56.29],[10.286,56.29],[10.285,56.29],[10.283,56.289],[10.277,56.284],[10.276,56.284],[10.275,56.283],[10.274,56.283],[10.273,56.282],[10.272,56.282],[10.271,56.281],[10.27,56.281],[10.261,56.28],[10.26,56.281],[10.259,56.283],[10.26,56.284],[10.266,56.291],[10.265,56.292],[10.265,56.293],[10.266,56.293],[10.266,56.295],[10.266,56.296],[10.267,56.298],[10.269,56.299],[10.27,56.3],[10.271,56.305],[10.272,56.305],[10.276,56.316],[10.267,56.317],[10.262,56.315],[10.234,56.318],[10.227,56.326],[10.226,56.326],[10.223,56.326],[10.223,56.327],[10.221,56.329],[10.22,56.33],[10.219,56.33],[10.218,56.33],[10.217,56.329],[10.216,56.329],[10.214,56.329],[10.212,56.329],[10.211,56.329],[10.211,56.328],[10.207,56.328],[10.206,56.327],[10.205,56.327],[10.198,56.324]]]},"properties":{"code":"751","name":"Aarhus","region":"Region Midtjylland"}},
{"type":"Feature","geometry":{"type":"Polygon","coordinates":[[[9.071,55.844],[9.071,55.846],[9.071,55.847],[9.072,55.848],[9.072,55.849],[9.077,55.858],[9.089,55.87],[9.097,55.877],[9.105,55.874],[9.106,55.874],[9.107,55.874],[9.107,55.873],[9.111,55.872],[9.117,55.869],[9.118,55.869],[9.135,55.882],[9.138,55.884],[9.139,55.884],[9.14,55.884],[9.142,55.884],[9.143,55.884],[9.148,55.885],[9.148,55.884],[9.149,55.884],[9.16,55.896],[9.17,55.898],[9.179,55.907],[9.178,55.908],[9.179,55.908],[9.178,55.908],[9.178,55.909],[9.196,55.917],[9.194,55.925],[9.198,55.934],[9.198,55.935],[9.201,55.935],[9.202,55.935],[9.205,55.936],[9.204,55.936],[9.211,55.944],[9.216,55.947],[9.216,55.948],[9.218,55.954],[9.227,55.957],[9.24,55.953],[9.257,55.953],[9.276,55.944],[9.28,55.939],[9.285,55.938],[9.286,55.938],[9.287,55.938],[9.288,55.938],[9.289,55.938],[9.289,55.937],[9.29,55.937],[9.291,55.937],[9.293,55.936],[9.295,55.935],[9.296,55.936],[9.297,55.936],[9.298,55.936],[9.299,55.936],[9.3,55.936],[9.302,55.937],[9.303,55.937],[9.314,55.936],[9.319,55.934],[9.326,55.933],[9.327,55.933],[9.335,55.931],[9.35,55.938],[9.355,55.936],[9.386,55.926],[9.387,55.925],[9.387,55.924],[9.39,55.924],[9.39,55.923],[9.391,55.923],[9.392,55.923],[9.4,55.921],[9.402,55.92],[9.401,55.92],[9.402,55.92],[9.403,55.919],[9.402,55.919],[9.403,55.919],[9.404,55.918],[9.405,55.918],[9.406,55.918],[9.406,55.917],[9.408,55.917],[9.408,55.916],[9.41,55.915],[9.411,55.915],[9.411,55.914],[9.417,55.915],[9.418,55.915],[9.419,55.915],[9.419,55.914],[9.42,55.914],[9.422,55.913],[9.424,55.913],[9.426,55.912],[9.427,55.912],[9.434,55.911],[9.434,55.91],[9.438,55.91],[9.44,55.91],[9.455,55.909],[9.461,55.908],[9.468,55.907],[9.469,55.907],[9.473,55.907],[9.477,55.907],[9.489,55.907],[9.49,55.907],[9.492,55.907],[9.493,55.907],[9.498,55.907],[9.499,55.907],[9.502,55.907],[9.51,55.906],[9.51,55.905],[9.511,55.904],[9.512,55.902],[9.513,55.902],[9.513,55.901],[9.514,55.901],[9.515,55.901],[9.517,55.9],[9.518,55.9],[9.519,55.9],[9.523,55.903],[9.523,55.904],[9.523,55.905],[9.532,55.907],[9.533,55.907],[9.533,55.908],[9.54,55.906],[9.558,55.905],[9.559,55.916],[9.535,55.919],[9.527,55.923],[9.52,55.93],[9.518,55.93],[9.518,55.931],[9.516,55.932],[9.515,55.933],[9.514,55.933],[9.513,55.933],[9.513,55.934],[9.513,55.935],[9.514,55.937],[9.514,55.94],[9.514,55.941],[9.511,55.945],[9.51,55.945],[9.51,55.949],[9.51,55.951],[9.509,55.952],[9.509,55.953],[9.509,55.954],[9.508,55.954],[9.508,55.955],[9.509,55.955],[9.51,55.956],[9.509,55.958],[9.507,55.959],[9.505,55.96],[9.505,55.961],[9.506,55.962],[9.506,55.963],[9.506,55.964],[9.505,55.966],[9.505,55.968],[9.504,55.968],[9.503,55.969],[9.503,55.97],[9.503,55.971],[9.501,55.973],[9.497,55.975],[9.482,55.982],[9.481,55.983],[9.48,55.983],[9.479,55.984],[9.471,55.99],[9.469,55.991],[9.467,55.992],[9.466,55.992],[9.465,55.992],[9.464,55.992],[9.464,55.993],[9.463,55.993],[9.462,55.994],[9.462,55.995],[9.461,55.995],[9.46,55.996],[9.461,55.996],[9.46,55.996],[9.459,55.996],[9.458,55.997],[9.457,55.997],[9.455,55.996],[9.455,55.997],[9.453,55.998],[9.452,55.998],[9.449,56],[9.448,56],[9.447,56.002],[9.446,56.002],[9.445,56.002],[9.444,56.002],[9.443,56.002],[9.442,56.003],[9.441,56.003],[9.44,56.004],[9.436,56.005],[9.434,56.011],[9.433,56.011],[9.432,56.012],[9.432,56.013],[9.431,56.013],[9.424,56.024],[9.423,56.024],[9.422,56.026],[9.418,56.029],[9.404,56.029],[9.387,56.024],[9.353,56.026],[9.35,56.026],[9.349,56.026],[9.347,56.033],[9.348,56.034],[9.349,56.035],[9.35,56.035],[9.351,56.047],[9.348,56.054],[9.327,56.067],[9.308,56.076],[9.315,56.08],[9.317,56.081],[9.318,56.087],[9.319,56.087],[9.319,56.088],[9.319,56.089],[9.318,56.1],[9.333,56.096],[9.345,56.098],[9.366,56.092],[9.371,56.091],[9.382,56.088],[9.388,56.088],[9.397,56.088],[9.398,56.092],[9.407,56.095],[9.408,56.095],[9.41,56.094],[9.412,56.094],[9.418,56.095],[9.419,56.095],[9.42,56.096],[9.411,56.105],[9.407,56.12],[9.409,56.123],[9.408,56.124],[9.408,56.125],[9.405,56.127],[9.405,56.128],[9.404,56.129],[9.419,56.136],[9.421,56.136],[9.423,56.137],[9.422,56.137],[9.421,56.137],[9.421,56.138],[9.42,56.138],[9.418,56.138],[9.415,56.138],[9.415,56.139],[9.414,56.139],[9.413,56.139],[9.411,56.139],[9.41,56.14],[9.409,56.141],[9.408,56.141],[9.406,56.142],[9.405,56.142],[9.393,56.146],[9.392,56.146],[9.392,56.147],[9.392,56.148],[9.39,56.149],[9.39,56.15],[9.389,56.15],[9.388,56.155],[9.387,56.162],[9.391,56.173],[9.379,56.172],[9.371,56.174],[9.37,56.175],[9.369,56.175],[9.363,56.181],[9.368,56.187],[9.366,56.193],[9.356,56.194],[9.35,56.19],[9.343,56.195],[9.33,56.196],[9.326,56.201],[9.327,56.209],[9.315,56.206],[9.281,56.208],[9.28,56.205],[9.234,56.225],[9.232,56.226],[9.228,56.225],[9.227,56.224],[9.226,56.223],[9.226,56.222],[9.225,56.22],[9.223,56.219],[9.222,56.219],[9.221,56.219],[9.221,56.218],[9.221,56.219],[9.22,56.219],[9.218,56.22],[9.217,56.22],[9.216,56.22],[9.215,56.221],[9.214,56.221],[9.213,56.221],[9.213,56.222],[9.214,56.222],[9.213,56.222],[9.214,56.223],[9.213,56.223],[9.213,56.224],[9.212,56.224],[9.211,56.224],[9.211,56.226],[9.209,56.228],[9.21,56.229],[9.209,56.229],[9.209,56.228],[9.207,56.228],[9.206,56.23],[9.205,56.23],[9.204,56.231],[9.205,56.232],[9.203,56.232],[9.203,56.233],[9.202,56.234],[9.201,56.234],[9.2,56.234],[9.199,56.235],[9.198,56.235],[9.197,56.235],[9.198,56.235],[9.197,56.236],[9.196,56.237],[9.196,56.238],[9.194,56.24],[9.193,56.241],[9.194,56.241],[9.193,56.242],[9.192,56.242],[9.193,56.242],[9.191,56.243],[9.191,56.244],[9.191,56.245],[9.192,56.246],[9.191,56.246],[9.191,56.249],[9.192,56.251],[9.193,56.251],[9.194,56.252],[9.195,56.252],[9.196,56.252],[9.196,56.253],[9.197,56.253],[9.197,56.254],[9.197,56.255],[9.196,56.256],[9.196,56.257],[9.197,56.258],[9.196,56.259],[9.196,56.26],[9.196,56.261],[9.195,56.261],[9.196,56.262],[9.197,56.262],[9.199,56.264],[9.2,56.264],[9.2,56.263],[9.202,56.265],[9.2,56.265],[9.201,56.265],[9.202,56.266],[9.201,56.266],[9.2,56.266],[9.2,56.268],[9.201,56.268],[9.2,56.269],[9.199,56.269],[9.2,56.269],[9.199,56.27],[9.199,56.271],[9.198,56.272],[9.199,56.272],[9.198,56.272],[9.2,56.273],[9.2,56.274],[9.195,56.276],[9.193,56.274],[9.192,56.273],[9.191,56.273],[9.191,56.272],[9.188,56.269],[9.187,56.269],[9.142,56.268],[9.141,56.268],[9.139,56.268],[9.132,56.267],[9.13,56.267],[9.128,56.267],[9.12,56.267],[9.117,56.267],[9.111,56.267],[9.117,56.262],[9.156,56.236],[9.143,56.232],[9.147,56.217],[9.148,56.216],[9.148,56.214],[9.148,56.213],[9.149,56.21],[9.15,56.209],[9.142,56.209],[9.14,56.209],[9.13,56.209],[9.111,56.21],[9.11,56.21],[9.108,56.209],[9.107,56.209],[9.101,56.204],[9.1,56.203],[9.096,56.2],[9.096,56.199],[9.082,56.187],[9.078,56.182],[9.077,56.182],[9.072,56.174],[9.073,56.174],[9.075,56.173],[9.076,56.173],[9.081,56.172],[9.082,56.172],[9.082,56.171],[9.083,56.171],[9.084,56.171],[9.085,56.169],[9.086,56.169],[9.086,56.168],[9.087,56.168],[9.088,56.168],[9.088,56.167],[9.091,56.167],[9.092,56.167],[9.095,56.166],[9.099,56.165],[9.1,56.165],[9.101,56.164],[9.112,56.161],[9.114,56.157],[9.114,56.156],[9.114,56.155],[9.109,56.149],[9.106,56.137],[9.108,56.132],[9.118,56.126],[9.111,56.123],[9.108,56.114],[9.103,56.106],[9.105,56.101],[9.105,56.1],[9.106,56.1],[9.107,56.1],[9.107,56.099],[9.109,56.097],[9.109,56.096],[9.11,56.095],[9.109,56.094],[9.111,56.094],[9.112,56.094],[9.112,56.095],[9.113,56.094],[9.114,56.095],[9.113,56.095],[9.114,56.095],[9.115,56.095],[9.116,56.095],[9.116,56.096],[9.118,56.096],[9.119,56.096],[9.135,56.074],[9.136,56.073],[9.14,56.068],[9.14,56.067],[9.147,56.066],[9.147,56.067],[9.168,56.065],[9.178,56.064],[9.163,56.059],[9.162,56.059],[9.157,56.058],[9.156,56.058],[9.156,56.055],[9.177,56.051],[9.182,56.048],[9.177,56.04],[9.172,56.032],[9.169,56.027],[9.158,56.023],[9.125,56.025],[9.13,56.001],[9.115,55.998],[9.112,55.993],[9.1,55.991],[9.098,55.991],[9.097,55.991],[9.096,55.991],[9.094,55.99],[9.094,55.991],[9.092,55.991],[9.091,55.99],[9.091,55.991],[9.087,55.99],[9.086,55.99],[9.087,55.99],[9.087,55.989],[9.086,55.989],[9.082,55.987],[9.081,55.987],[9.081,55.988],[9.08,55.987],[9.078,55.987],[9.076,55.986],[9.076,55.987],[9.075,55.987],[9.074,55.986],[9.073,55.986],[9.07,55.985],[9.069,55.985],[9.068,55.985],[9.068,55.984],[9.067,55.984],[9.066,55.985],[9.065,55.985],[9.066,55.984],[9.065,55.984],[9.064,55.984],[9.063,55.984],[9.063,55.985],[9.062,55.985],[9.051,55.984],[9.046,55.983],[9.045,55.983],[9.045,55.984],[9.044,55.984],[9.042,55.984],[9.041,55.985],[9.04,55.984],[9.039,55.985],[9.037,55.985],[9.038,55.986],[9.037,55.986],[9.035,55.987],[9.034,55.988],[9.033,55.988],[9.032,55.988],[9.031,55.988],[9.031,55.987],[9.028,55.988],[9.027,55.988],[9.026,55.99],[9.026,55.989],[9.025,55.989],[9.022,55.99],[9.02,55.99],[9.02,55.991],[9.019,55.991],[9.018,55.991],[9.017,55.991],[9.016,55.991],[9.012,55.992],[9.011,55.993],[9.007,55.992],[9.006,55.992],[9.005,55.991],[9.001,55.99],[9,55.99],[8.986,55.993],[8.982,55.983],[8.987,55.979],[8.992,55.974],[9.003,55.972],[9.007,55.97],[9.008,55.97],[9.007,55.96],[9.006,55.959],[9.006,55.958],[9.005,55.958],[9.003,55.954],[9.002,55.952],[9.001,55.952],[8.998,55.947],[8.999,55.946],[8.999,55.945],[8.999,55.943],[8.998,55.943],[8.998,55.942],[8.998,55.941],[8.997,55.94],[8.997,55.939],[8.999,55.917],[8.999,55.916],[8.995,55.908],[8.966,55.885],[8.966,55.88],[8.966,55.879],[8.967,55.871],[8.967,55.869],[8.968,55.866],[8.968,55.865],[8.966,55.863],[8.966,55.862],[8.964,55.858],[8.963,55.857],[8.963,55.856],[8.96,55.85],[8.959,55.849],[8.959,55.848],[8.959,55.847],[8.958,55.847],[8.958,55.845],[8.959,55.844],[8.96,55.842],[8.961,55.842],[8.961,55.843],[8.962,55.843],[8.964,55.843],[8.965,55.843],[8.964,55.843],[8.965,55.843],[8.966,55.842],[8.968,55.841],[8.969,55.841],[8.97,55.841],[8.971,55.841],[8.972,55.84],[8.975,55.84],[8.976,55.839],[8.976,55.84],[8.976,55.839],[8.978,55.84],[8.981,55.839],[8.984,55.839],[8.985,55.839],[8.986,55.839],[8.988,55.838],[8.988,55.839],[8.992,55.839],[8.994,55.837],[8.995,55.837],[8.997,55.837],[8.998,55.836],[8.997,55.835],[8.999,55.835],[9,55.834],[9,55.835],[9.001,55.835],[9.002,55.834],[9.001,55.834],[9.002,55.834],[9.002,55.833],[9.002,55.832],[9.003,55.833],[9.004,55.833],[9.005,55.833],[9.005,55.832],[9.006,55.832],[9.005,55.832],[9.006,55.832],[9.007,55.833],[9.009,55.831],[9.01,55.831],[9.014,55.835],[9.015,55.836],[9.021,55.834],[9.022,55.835],[9.023,55.835],[9.024,55.836],[9.027,55.839],[9.029,55.84],[9.043,55.837],[9.045,55.837],[9.046,55.836],[9.047,55.838],[9.049,55.84],[9.052,55.843],[9.053,55.844],[9.061,55.85],[9.064,55.848],[9.065,55.847],[9.066,55.847],[9.068,55.846],[9.071,55.845],[9.071,55.844]]]},"properties":{"code":"756","name":"Ikast-Brande","region":"Region Midtjylland"}},
{"type":"Feature","geometry":{"type":"MultiPolygon","coordinates":[[[[8.84,55.882],[8.843,55.888],[8.82,55.89],[8.794,55.896],[8.793,55.896],[8.773,55.902],[8.772,55.903],[8.767,55.904],[8.766,55.904],[8.763,55.905],[8.753,55.909],[8.745,55.92],[8.743,55.923],[8.739,55.93],[8.739,55.931],[8.729,55.945],[8.728,55.947],[8.728,55.95],[8.73,55.952],[8.73,55.953],[8.732,55.953],[8.732,55.954],[8.734,55.957],[8.734,55.959],[8.737,55.967],[8.737,55.968],[8.738,55.972],[8.739,55.972],[8.74,55.972],[8.74,55.973],[8.741,55.974],[8.744,55.975],[8.745,55.975],[8.749,55.978],[8.75,55.978],[8.751,55.979],[8.754,55.981],[8.756,55.982],[8.757,55.982],[8.759,55.984],[8.762,55.99],[8.762,55.991],[8.763,55.994],[8.754,55.999],[8.749,56.001],[8.746,56.003],[8.745,56.004],[8.745,56.005],[8.747,56.005],[8.749,56.004],[8.75,56.004],[8.751,56.004],[8.755,56.004],[8.757,56.004],[8.758,56.004],[8.764,56.006],[8.765,56.006],[8.767,56.007],[8.768,56.007],[8.772,56.009],[8.774,56.01],[8.778,56.013],[8.779,56.013],[8.78,56.014],[8.781,56.016],[8.782,56.016],[8.783,56.016],[8.784,56.016],[8.786,56.017],[8.787,56.017],[8.788,56.017],[8.788,56.018],[8.789,56.018],[8.79,56.018],[8.792,56.019],[8.793,56.019],[8.794,56.019],[8.795,56.019],[8.796,56.02],[8.797,56.02],[8.797,56.021],[8.798,56.021],[8.798,56.022],[8.799,56.023],[8.8,56.024],[8.8,56.025],[8.8,56.026],[8.8,56.027],[8.799,56.027],[8.799,56.028],[8.8,56.028],[8.801,56.029],[8.801,56.03],[8.802,56.03],[8.803,56.031],[8.802,56.031],[8.792,56.037],[8.791,56.037],[8.777,56.049],[8.823,56.055],[8.852,56.054],[8.855,56.052],[8.864,56.058],[8.864,56.068],[8.853,56.069],[8.85,56.069],[8.849,56.069],[8.841,56.07],[8.84,56.07],[8.839,56.07],[8.835,56.07],[8.834,56.071],[8.828,56.072],[8.831,56.078],[8.831,56.079],[8.834,56.084],[8.833,56.084],[8.833,56.086],[8.83,56.097],[8.821,56.099],[8.812,56.1],[8.812,56.101],[8.811,56.101],[8.81,56.101],[8.81,56.102],[8.808,56.102],[8.807,56.102],[8.806,56.102],[8.805,56.102],[8.804,56.102],[8.803,56.102],[8.803,56.101],[8.802,56.101],[8.801,56.101],[8.799,56.1],[8.798,56.1],[8.79,56.098],[8.787,56.097],[8.786,56.097],[8.785,56.098],[8.784,56.098],[8.783,56.098],[8.782,56.098],[8.781,56.098],[8.781,56.1],[8.779,56.103],[8.778,56.103],[8.773,56.106],[8.772,56.107],[8.764,56.112],[8.763,56.113],[8.761,56.114],[8.764,56.124],[8.765,56.124],[8.765,56.125],[8.767,56.128],[8.767,56.129],[8.767,56.13],[8.766,56.13],[8.766,56.131],[8.766,56.132],[8.766,56.136],[8.765,56.136],[8.764,56.136],[8.763,56.136],[8.762,56.136],[8.761,56.136],[8.76,56.136],[8.759,56.136],[8.758,56.136],[8.757,56.136],[8.756,56.136],[8.755,56.136],[8.754,56.136],[8.75,56.136],[8.747,56.137],[8.747,56.136],[8.746,56.136],[8.745,56.135],[8.744,56.135],[8.743,56.135],[8.742,56.135],[8.741,56.136],[8.741,56.137],[8.74,56.138],[8.739,56.139],[8.737,56.14],[8.736,56.14],[8.735,56.142],[8.734,56.142],[8.732,56.144],[8.731,56.145],[8.728,56.145],[8.727,56.145],[8.726,56.145],[8.725,56.145],[8.723,56.145],[8.714,56.145],[8.713,56.145],[8.709,56.145],[8.708,56.145],[8.705,56.145],[8.704,56.145],[8.703,56.145],[8.702,56.145],[8.698,56.145],[8.697,56.145],[8.696,56.145],[8.674,56.146],[8.664,56.14],[8.664,56.139],[8.663,56.139],[8.663,56.138],[8.662,56.138],[8.661,56.138],[8.661,56.137],[8.661,56.136],[8.656,56.135],[8.656,56.134],[8.656,56.133],[8.655,56.133],[8.655,56.131],[8.655,56.13],[8.654,56.13],[8.655,56.13],[8.654,56.13],[8.654,56.129],[8.653,56.129],[8.652,56.129],[8.651,56.129],[8.648,56.129],[8.647,56.129],[8.647,56.128],[8.646,56.128],[8.645,56.127],[8.644,56.127],[8.643,56.127],[8.642,56.126],[8.636,56.13],[8.635,56.131],[8.634,56.132],[8.634,56.133],[8.635,56.133],[8.634,56.134],[8.634,56.135],[8.633,56.135],[8.633,56.136],[8.632,56.136],[8.627,56.141],[8.626,56.143],[8.625,56.145],[8.624,56.145],[8.623,56.145],[8.622,56.145],[8.621,56.145],[8.62,56.145],[8.619,56.145],[8.618,56.145],[8.617,56.145],[8.616,56.145],[8.615,56.146],[8.614,56.146],[8.613,56.147],[8.612,56.147],[8.611,56.147],[8.611,56.148],[8.61,56.148],[8.603,56.149],[8.602,56.149],[8.601,56.149],[8.6,56.148],[8.598,56.148],[8.597,56.148],[8.594,56.148],[8.592,56.148],[8.587,56.148],[8.586,56.148],[8.586,56.149],[8.585,56.149],[8.584,56.149],[8.579,56.15],[8.579,56.151],[8.582,56.155],[8.585,56.16],[8.585,56.164],[8.585,56.165],[8.583,56.165],[8.582,56.165],[8.575,56.167],[8.576,56.168],[8.576,56.169],[8.58,56.175],[8.575,56.18],[8.575,56.181],[8.567,56.184],[8.566,56.184],[8.563,56.185],[8.562,56.185],[8.557,56.187],[8.556,56.187],[8.555,56.187],[8.548,56.188],[8.547,56.188],[8.544,56.189],[8.543,56.189],[8.54,56.19],[8.525,56.193],[8.524,56.193],[8.519,56.194],[8.515,56.195],[8.515,56.194],[8.506,56.193],[8.5,56.191],[8.499,56.191],[8.497,56.191],[8.495,56.191],[8.494,56.191],[8.493,56.191],[8.493,56.192],[8.493,56.191],[8.492,56.191],[8.492,56.192],[8.491,56.192],[8.49,56.192],[8.489,56.192],[8.489,56.193],[8.488,56.193],[8.487,56.193],[8.485,56.194],[8.481,56.196],[8.484,56.205],[8.47,56.214],[8.475,56.221],[8.476,56.221],[8.476,56.222],[8.477,56.222],[8.458,56.232],[8.455,56.239],[8.435,56.245],[8.419,56.245],[8.392,56.254],[8.387,56.254],[8.36,56.248],[8.346,56.239],[8.341,56.234],[8.33,56.236],[8.312,56.234],[8.295,56.234],[8.288,56.228],[8.286,56.229],[8.286,56.228],[8.285,56.228],[8.285,56.229],[8.285,56.228],[8.284,56.228],[8.283,56.228],[8.282,56.228],[8.281,56.228],[8.281,56.227],[8.28,56.227],[8.279,56.227],[8.278,56.227],[8.277,56.227],[8.276,56.227],[8.275,56.227],[8.274,56.228],[8.273,56.228],[8.273,56.227],[8.273,56.228],[8.272,56.228],[8.271,56.228],[8.263,56.229],[8.256,56.23],[8.25,56.232],[8.248,56.238],[8.225,56.243],[8.221,56.247],[8.211,56.249],[8.199,56.255],[8.173,56.256],[8.157,56.257],[8.151,56.255],[8.13,56.262],[8.13,56.226],[8.127,56.2],[8.12,56.175],[8.114,56.148],[8.107,56.115],[8.099,56.072],[8.098,56.06],[8.098,56.044],[8.112,56.001],[8.13,56.004],[8.138,56.007],[8.133,56.01],[8.124,56.035],[8.129,56.052],[8.126,56.058],[8.132,56.077],[8.131,56.084],[8.138,56.095],[8.146,56.099],[8.139,56.104],[8.141,56.115],[8.149,56.11],[8.166,56.106],[8.195,56.101],[8.2,56.099],[8.228,56.094],[8.234,56.087],[8.245,56.086],[8.282,56.066],[8.298,56.061],[8.307,56.052],[8.302,56.046],[8.304,56.032],[8.309,56.027],[8.307,56.014],[8.311,56.01],[8.313,55.997],[8.321,55.985],[8.33,55.98],[8.332,55.977],[8.342,55.974],[8.344,55.969],[8.358,55.965],[8.353,55.96],[8.362,55.956],[8.369,55.949],[8.375,55.945],[8.377,55.924],[8.363,55.915],[8.365,55.91],[8.382,55.908],[8.377,55.901],[8.357,55.892],[8.345,55.884],[8.332,55.876],[8.327,55.869],[8.315,55.866],[8.295,55.855],[8.278,55.851],[8.273,55.843],[8.267,55.842],[8.258,55.847],[8.263,55.855],[8.261,55.865],[8.264,55.87],[8.278,55.876],[8.279,55.879],[8.269,55.884],[8.259,55.884],[8.247,55.88],[8.244,55.877],[8.233,55.884],[8.229,55.889],[8.231,55.895],[8.208,55.897],[8.205,55.888],[8.212,55.88],[8.201,55.879],[8.195,55.877],[8.208,55.872],[8.204,55.868],[8.209,55.862],[8.203,55.855],[8.193,55.851],[8.185,55.851],[8.186,55.845],[8.181,55.838],[8.18,55.831],[8.204,55.832],[8.229,55.825],[8.224,55.82],[8.226,55.813],[8.243,55.812],[8.263,55.804],[8.271,55.797],[8.279,55.797],[8.284,55.801],[8.293,55.798],[8.304,55.797],[8.317,55.8],[8.327,55.8],[8.329,55.804],[8.351,55.822],[8.373,55.808],[8.376,55.804],[8.388,55.802],[8.404,55.803],[8.424,55.799],[8.42,55.795],[8.44,55.788],[8.443,55.78],[8.449,55.776],[8.469,55.773],[8.462,55.781],[8.495,55.777],[8.5,55.777],[8.514,55.788],[8.509,55.798],[8.513,55.81],[8.533,55.815],[8.54,55.822],[8.546,55.822],[8.543,55.831],[8.532,55.841],[8.567,55.85],[8.581,55.841],[8.595,55.837],[8.609,55.841],[8.615,55.84],[8.626,55.845],[8.657,55.844],[8.676,55.848],[8.692,55.84],[8.708,55.838],[8.707,55.825],[8.722,55.821],[8.722,55.814],[8.729,55.814],[8.744,55.806],[8.759,55.806],[8.791,55.812],[8.826,55.819],[8.813,55.828],[8.802,55.833],[8.795,55.838],[8.808,55.843],[8.822,55.847],[8.84,55.882]],[[8.636,56.13],[8.638,56.125],[8.637,56.125],[8.635,56.127],[8.635,56.128],[8.634,56.128],[8.634,56.129],[8.634,56.13],[8.636,56.13]]],[[[8.19,55.817],[8.176,55.825],[8.177,55.829],[8.174,55.844],[8.179,55.851],[8.196,55.863],[8.185,55.868],[8.179,55.874],[8.184,55.883],[8.177,55.89],[8.168,55.906],[8.176,55.911],[8.173,55.918],[8.175,55.925],[8.168,55.929],[8.172,55.95],[8.157,55.956],[8.156,55.964],[8.147,55.979],[8.137,55.987],[8.134,55.997],[8.127,56.001],[8.117,55.999],[8.125,55.99],[8.131,55.978],[8.141,55.951],[8.153,55.897],[8.153,55.891],[8.157,55.865],[8.161,55.853],[8.164,55.839],[8.171,55.815],[8.182,55.819],[8.19,55.817]]],[[[8.255,55.893],[8.254,55.886],[8.266,55.89],[8.255,55.893]]]]},"properties":{"code":"760","name":"Ringkøbing-Skjern","region":"Region Midtjylland"}},
{"type":"Feature","geometry":{"type":"MultiPolygon","coordinates":[[[[9.559,55.916],[9.558,55.905],[9.54,55.906],[9.533,55.908],[9.533,55.907],[9.532,55.907],[9.523,55.905],[9.523,55.904],[9.523,55.903],[9.519,55.9],[9.518,55.9],[9.517,55.9],[9.515,55.901],[9.514,55.901],[9.513,55.901],[9.513,55.902],[9.512,55.902],[9.511,55.904],[9.51,55.905],[9.51,55.906],[9.502,55.907],[9.499,55.907],[9.498,55.907],[9.493,55.907],[9.492,55.907],[9.49,55.907],[9.489,55.907],[9.477,55.907],[9.473,55.907],[9.469,55.907],[9.468,55.907],[9.461,55.908],[9.455,55.909],[9.44,55.91],[9.438,55.91],[9.434,55.91],[9.434,55.911],[9.427,55.912],[9.426,55.912],[9.424,55.913],[9.422,55.913],[9.42,55.914],[9.419,55.914],[9.419,55.915],[9.418,55.915],[9.417,55.915],[9.411,55.914],[9.411,55.915],[9.41,55.915],[9.408,55.916],[9.408,55.917],[9.406,55.917],[9.406,55.918],[9.405,55.918],[9.404,55.918],[9.403,55.919],[9.402,55.919],[9.403,55.919],[9.402,55.92],[9.401,55.92],[9.402,55.92],[9.4,55.921],[9.392,55.923],[9.391,55.923],[9.39,55.923],[9.39,55.924],[9.387,55.924],[9.387,55.917],[9.394,55.914],[9.396,55.907],[9.409,55.899],[9.412,55.893],[9.43,55.887],[9.443,55.874],[9.459,55.864],[9.46,55.86],[9.449,55.858],[9.443,55.853],[9.456,55.85],[9.448,55.843],[9.447,55.835],[9.483,55.833],[9.487,55.827],[9.504,55.827],[9.504,55.82],[9.51,55.812],[9.507,55.81],[9.509,55.802],[9.515,55.8],[9.514,55.8],[9.514,55.799],[9.515,55.799],[9.515,55.798],[9.515,55.797],[9.514,55.797],[9.514,55.796],[9.519,55.796],[9.52,55.786],[9.532,55.786],[9.541,55.784],[9.538,55.775],[9.545,55.774],[9.556,55.778],[9.564,55.773],[9.585,55.778],[9.598,55.772],[9.592,55.768],[9.585,55.764],[9.592,55.761],[9.594,55.752],[9.606,55.753],[9.626,55.758],[9.648,55.754],[9.652,55.76],[9.674,55.754],[9.682,55.748],[9.678,55.745],[9.684,55.74],[9.685,55.734],[9.682,55.726],[9.675,55.721],[9.672,55.712],[9.684,55.71],[9.699,55.703],[9.714,55.703],[9.72,55.697],[9.735,55.688],[9.751,55.681],[9.764,55.681],[9.787,55.681],[9.798,55.678],[9.808,55.678],[9.818,55.669],[9.83,55.67],[9.85,55.674],[9.862,55.682],[9.882,55.687],[9.914,55.692],[9.986,55.697],[10,55.701],[10.014,55.701],[10.029,55.697],[10.019,55.715],[10,55.718],[10.001,55.728],[10.007,55.731],[10.021,55.734],[10.036,55.734],[10.043,55.74],[10.054,55.746],[10.066,55.746],[10.082,55.745],[10.077,55.753],[10.032,55.757],[10.025,55.759],[10.018,55.765],[10.016,55.771],[10.017,55.779],[10.025,55.782],[10.044,55.793],[10.051,55.8],[10.066,55.808],[10.057,55.812],[10.05,55.824],[10.03,55.824],[10.021,55.825],[10.023,55.832],[10.006,55.825],[9.981,55.827],[9.968,55.832],[9.96,55.831],[9.947,55.823],[9.945,55.811],[9.933,55.808],[9.899,55.806],[9.884,55.802],[9.87,55.802],[9.851,55.799],[9.839,55.808],[9.82,55.798],[9.817,55.802],[9.793,55.812],[9.79,55.811],[9.78,55.822],[9.762,55.829],[9.752,55.832],[9.745,55.837],[9.743,55.847],[9.745,55.849],[9.734,55.853],[9.724,55.866],[9.71,55.866],[9.706,55.865],[9.69,55.865],[9.692,55.874],[9.689,55.886],[9.693,55.892],[9.691,55.904],[9.672,55.909],[9.662,55.913],[9.646,55.914],[9.636,55.92],[9.632,55.925],[9.619,55.917],[9.618,55.911],[9.596,55.909],[9.586,55.913],[9.577,55.918],[9.57,55.915],[9.559,55.916]]],[[[10.074,55.834],[10.063,55.833],[10.058,55.829],[10.069,55.818],[10.083,55.818],[10.093,55.819],[10.101,55.827],[10.074,55.834]]]]},"properties":{"code":"766","name":"Hedensted","region":"Region Midtjylland"}},
{"type":"Feature","geometry":{"type":"Polygon","coordinates":[[[8.938,56.984],[8.94,56.98],[8.937,56.978],[8.932,56.977],[8.92,56.973],[8.922,56.969],[8.912,56.958],[8.898,56.951],[8.888,56.952],[8.868,56.95],[8.859,56.953],[8.851,56.944],[8.84,56.939],[8.829,56.929],[8.826,56.912],[8.821,56.906],[8.81,56.902],[8.793,56.903],[8.778,56.899],[8.757,56.898],[8.736,56.889],[8.725,56.891],[8.688,56.887],[8.67,56.89],[8.638,56.885],[8.645,56.88],[8.643,56.875],[8.647,56.87],[8.648,56.855],[8.641,56.85],[8.633,56.84],[8.647,56.839],[8.648,56.834],[8.641,56.831],[8.622,56.834],[8.61,56.826],[8.61,56.822],[8.634,56.821],[8.641,56.818],[8.662,56.817],[8.667,56.812],[8.667,56.807],[8.656,56.801],[8.651,56.8],[8.636,56.795],[8.621,56.792],[8.606,56.795],[8.587,56.796],[8.575,56.795],[8.567,56.787],[8.556,56.786],[8.55,56.79],[8.543,56.787],[8.552,56.776],[8.554,56.765],[8.558,56.758],[8.55,56.755],[8.543,56.757],[8.525,56.748],[8.509,56.746],[8.504,56.738],[8.507,56.732],[8.504,56.723],[8.517,56.727],[8.533,56.734],[8.539,56.74],[8.571,56.728],[8.575,56.723],[8.56,56.722],[8.554,56.719],[8.563,56.703],[8.579,56.705],[8.59,56.709],[8.581,56.717],[8.585,56.72],[8.576,56.724],[8.579,56.731],[8.588,56.732],[8.598,56.723],[8.601,56.716],[8.615,56.719],[8.612,56.71],[8.625,56.699],[8.632,56.696],[8.638,56.687],[8.635,56.68],[8.642,56.673],[8.643,56.669],[8.69,56.678],[8.707,56.683],[8.729,56.681],[8.749,56.686],[8.776,56.695],[8.768,56.703],[8.775,56.711],[8.783,56.714],[8.8,56.727],[8.81,56.729],[8.816,56.734],[8.831,56.74],[8.83,56.747],[8.841,56.753],[8.838,56.757],[8.839,56.765],[8.844,56.775],[8.864,56.781],[8.864,56.784],[8.854,56.787],[8.854,56.791],[8.88,56.795],[8.875,56.807],[8.863,56.812],[8.851,56.821],[8.844,56.831],[8.84,56.843],[8.84,56.85],[8.829,56.863],[8.829,56.87],[8.843,56.881],[8.842,56.884],[8.852,56.887],[8.865,56.885],[8.862,56.88],[8.871,56.877],[8.878,56.882],[8.884,56.878],[8.888,56.869],[8.897,56.878],[8.901,56.889],[8.907,56.899],[8.909,56.908],[8.921,56.916],[8.919,56.924],[8.913,56.933],[8.912,56.941],[8.908,56.946],[8.91,56.955],[8.921,56.962],[8.926,56.966],[8.926,56.973],[8.936,56.978],[8.94,56.98],[8.941,56.982],[8.938,56.984]]]},"properties":{"code":"773","name":"Morsø","region":"Region Nordjylland"}},
{"type":"Feature","geometry":{"type":"MultiPolygon","coordinates":[[[[8.987,56.492],[8.985,56.5],[8.98,56.505],[8.978,56.515],[8.972,56.521],[8.98,56.524],[8.986,56.518],[9.004,56.516],[9.02,56.525],[9.03,56.523],[9.039,56.525],[9.053,56.523],[9.086,56.536],[9.095,56.53],[9.105,56.53],[9.118,56.519],[9.135,56.517],[9.138,56.52],[9.159,56.523],[9.173,56.523],[9.179,56.525],[9.18,56.525],[9.181,56.525],[9.182,56.526],[9.183,56.526],[9.184,56.526],[9.185,56.526],[9.186,56.526],[9.187,56.526],[9.197,56.528],[9.209,56.533],[9.212,56.539],[9.227,56.546],[9.231,56.55],[9.222,56.557],[9.227,56.563],[9.241,56.564],[9.247,56.572],[9.257,56.586],[9.257,56.591],[9.283,56.599],[9.29,56.606],[9.295,56.611],[9.285,56.622],[9.272,56.626],[9.263,56.623],[9.256,56.628],[9.232,56.628],[9.224,56.627],[9.209,56.63],[9.199,56.627],[9.187,56.621],[9.169,56.622],[9.155,56.63],[9.151,56.635],[9.151,56.643],[9.156,56.645],[9.156,56.652],[9.151,56.655],[9.144,56.647],[9.143,56.641],[9.138,56.634],[9.114,56.62],[9.127,56.616],[9.15,56.619],[9.153,56.616],[9.152,56.61],[9.141,56.602],[9.128,56.6],[9.121,56.602],[9.119,56.607],[9.11,56.608],[9.095,56.603],[9.09,56.59],[9.097,56.579],[9.094,56.57],[9.075,56.556],[9.059,56.556],[9.055,56.573],[9.045,56.585],[9.044,56.609],[9.05,56.615],[9.056,56.629],[9.084,56.643],[9.1,56.647],[9.1,56.656],[9.095,56.663],[9.102,56.669],[9.111,56.666],[9.118,56.667],[9.12,56.678],[9.138,56.694],[9.147,56.699],[9.172,56.708],[9.174,56.712],[9.165,56.719],[9.153,56.726],[9.148,56.73],[9.131,56.74],[9.119,56.756],[9.117,56.763],[9.111,56.769],[9.108,56.781],[9.112,56.787],[9.105,56.788],[9.067,56.803],[9.055,56.8],[9.041,56.801],[9.028,56.8],[9.032,56.792],[9.039,56.791],[9.039,56.785],[9.032,56.784],[9.015,56.79],[9.008,56.789],[8.98,56.798],[8.964,56.802],[8.95,56.798],[8.926,56.788],[8.912,56.775],[8.876,56.763],[8.863,56.764],[8.87,56.758],[8.868,56.751],[8.855,56.744],[8.849,56.735],[8.838,56.723],[8.833,56.716],[8.826,56.71],[8.834,56.707],[8.851,56.707],[8.86,56.712],[8.866,56.711],[8.876,56.705],[8.881,56.712],[8.894,56.707],[8.901,56.711],[8.915,56.708],[8.918,56.698],[8.906,56.693],[8.892,56.692],[8.883,56.698],[8.871,56.7],[8.869,56.691],[8.852,56.693],[8.845,56.688],[8.836,56.687],[8.82,56.695],[8.813,56.694],[8.801,56.685],[8.792,56.681],[8.784,56.674],[8.775,56.655],[8.757,56.64],[8.748,56.637],[8.73,56.624],[8.718,56.622],[8.689,56.628],[8.677,56.622],[8.676,56.61],[8.686,56.609],[8.694,56.603],[8.702,56.585],[8.727,56.573],[8.752,56.565],[8.758,56.561],[8.762,56.553],[8.767,56.557],[8.775,56.558],[8.803,56.566],[8.824,56.566],[8.824,56.563],[8.843,56.558],[8.842,56.554],[8.855,56.546],[8.853,56.539],[8.854,56.53],[8.869,56.518],[8.869,56.51],[8.861,56.498],[8.874,56.497],[8.882,56.498],[8.892,56.497],[8.908,56.5],[8.925,56.496],[8.96,56.497],[8.965,56.489],[8.987,56.492]]],[[[9.038,56.847],[9.006,56.844],[8.977,56.839],[8.956,56.837],[8.951,56.833],[8.964,56.829],[8.974,56.816],[9.004,56.798],[9.01,56.802],[9.022,56.804],[9.023,56.811],[9.03,56.819],[9.036,56.818],[9.048,56.821],[9.058,56.818],[9.071,56.822],[9.078,56.829],[9.061,56.83],[9.059,56.835],[9.063,56.844],[9.038,56.847]]]]},"properties":{"code":"779","name":"Skive","region":"Region Midtjylland"}},
{"type":"Feature","geometry":{"type":"MultiPolygon","coordinates":[[[[8.405,56.676],[8.4,56.679],[8.408,56.684],[8.417,56.682],[8.427,56.687],[8.431,56.691],[8.445,56.694],[8.45,56.697],[8.481,56.692],[8.49,56.684],[8.513,56.68],[8.513,56.69],[8.526,56.698],[8.526,56.702],[8.512,56.7],[8.516,56.709],[8.514,56.714],[8.498,56.715],[8.484,56.716],[8.469,56.716],[8.48,56.724],[8.489,56.747],[8.499,56.756],[8.481,56.767],[8.471,56.777],[8.469,56.781],[8.477,56.789],[8.487,56.796],[8.523,56.807],[8.534,56.806],[8.536,56.81],[8.531,56.815],[8.535,56.818],[8.573,56.818],[8.584,56.827],[8.61,56.842],[8.611,56.847],[8.633,56.865],[8.624,56.868],[8.623,56.871],[8.631,56.877],[8.625,56.888],[8.64,56.899],[8.639,56.91],[8.65,56.918],[8.662,56.923],[8.657,56.937],[8.665,56.948],[8.671,56.952],[8.698,56.95],[8.711,56.952],[8.719,56.95],[8.73,56.95],[8.749,56.946],[8.757,56.946],[8.777,56.949],[8.785,56.952],[8.789,56.959],[8.818,56.967],[8.829,56.968],[8.832,56.971],[8.843,56.972],[8.848,56.975],[8.845,56.98],[8.828,56.987],[8.825,56.992],[8.852,56.996],[8.858,56.991],[8.866,56.995],[8.89,56.991],[8.895,56.985],[8.886,56.982],[8.895,56.974],[8.906,56.977],[8.911,56.982],[8.922,56.998],[8.933,57.004],[8.948,57.007],[8.967,57.006],[8.981,57.016],[9.001,57.021],[9.023,57.023],[9.034,57.017],[9.033,57.009],[9.044,57.008],[9.047,57.011],[9.085,57.028],[9.096,57.031],[9.096,57.032],[9.077,57.054],[9.065,57.052],[9.065,57.051],[9.061,57.05],[9.06,57.09],[9.053,57.097],[9.035,57.123],[9.035,57.124],[9.035,57.13],[9.035,57.131],[9.036,57.132],[9.036,57.133],[9.032,57.15],[9.032,57.151],[9.031,57.152],[9.03,57.159],[9.004,57.155],[8.985,57.158],[8.975,57.158],[8.955,57.152],[8.934,57.141],[8.89,57.125],[8.868,57.118],[8.838,57.111],[8.794,57.104],[8.754,57.099],[8.742,57.099],[8.699,57.108],[8.685,57.113],[8.65,57.119],[8.627,57.123],[8.621,57.126],[8.592,57.118],[8.589,57.119],[8.555,57.084],[8.537,57.069],[8.518,57.056],[8.503,57.047],[8.494,57.044],[8.478,57.045],[8.466,57.037],[8.441,57.011],[8.404,56.98],[8.38,56.963],[8.367,56.959],[8.363,56.961],[8.346,56.941],[8.329,56.924],[8.311,56.904],[8.29,56.879],[8.266,56.85],[8.257,56.837],[8.247,56.818],[8.238,56.804],[8.229,56.784],[8.228,56.77],[8.224,56.74],[8.224,56.731],[8.22,56.723],[8.228,56.723],[8.233,56.719],[8.24,56.708],[8.25,56.709],[8.25,56.721],[8.253,56.776],[8.257,56.777],[8.283,56.769],[8.293,56.763],[8.302,56.754],[8.302,56.746],[8.305,56.734],[8.311,56.722],[8.316,56.716],[8.331,56.708],[8.34,56.697],[8.349,56.692],[8.353,56.686],[8.355,56.677],[8.387,56.674],[8.404,56.67],[8.405,56.676]]],[[[8.543,56.703],[8.531,56.7],[8.542,56.696],[8.543,56.703]]]]},"properties":{"code":"787","name":"Thisted","region":"Region Nordjylland"}},
{"type":"Feature","geometry":{"type":"Polygon","coordinates":[[[9.111,56.267],[9.117,56.267],[9.12,56.267],[9.128,56.267],[9.13,56.267],[9.132,56.267],[9.139,56.268],[9.141,56.268],[9.142,56.268],[9.187,56.269],[9.188,56.269],[9.191,56.272],[9.191,56.273],[9.192,56.273],[9.193,56.274],[9.195,56.276],[9.2,56.274],[9.2,56.273],[9.198,56.272],[9.199,56.272],[9.198,56.272],[9.199,56.271],[9.199,56.27],[9.2,56.269],[9.199,56.269],[9.2,56.269],[9.201,56.268],[9.2,56.268],[9.2,56.266],[9.201,56.266],[9.202,56.266],[9.201,56.265],[9.2,56.265],[9.202,56.265],[9.2,56.263],[9.2,56.264],[9.199,56.264],[9.197,56.262],[9.196,56.262],[9.195,56.261],[9.196,56.261],[9.196,56.26],[9.196,56.259],[9.197,56.258],[9.196,56.257],[9.196,56.256],[9.197,56.255],[9.197,56.254],[9.197,56.253],[9.196,56.253],[9.196,56.252],[9.195,56.252],[9.194,56.252],[9.193,56.251],[9.192,56.251],[9.191,56.249],[9.191,56.246],[9.192,56.246],[9.191,56.245],[9.191,56.244],[9.191,56.243],[9.193,56.242],[9.192,56.242],[9.193,56.242],[9.194,56.241],[9.193,56.241],[9.194,56.24],[9.196,56.238],[9.196,56.237],[9.197,56.236],[9.198,56.235],[9.197,56.235],[9.198,56.235],[9.199,56.235],[9.2,56.234],[9.201,56.234],[9.202,56.234],[9.203,56.233],[9.203,56.232],[9.205,56.232],[9.204,56.231],[9.205,56.23],[9.206,56.23],[9.207,56.228],[9.209,56.228],[9.209,56.229],[9.21,56.229],[9.209,56.228],[9.211,56.226],[9.211,56.224],[9.212,56.224],[9.213,56.224],[9.213,56.223],[9.214,56.223],[9.213,56.222],[9.214,56.222],[9.213,56.222],[9.213,56.221],[9.214,56.221],[9.215,56.221],[9.216,56.22],[9.217,56.22],[9.218,56.22],[9.22,56.219],[9.221,56.219],[9.221,56.218],[9.221,56.219],[9.222,56.219],[9.223,56.219],[9.225,56.22],[9.226,56.222],[9.226,56.223],[9.227,56.224],[9.228,56.225],[9.232,56.226],[9.226,56.231],[9.225,56.232],[9.224,56.232],[9.223,56.233],[9.223,56.234],[9.222,56.234],[9.223,56.235],[9.223,56.237],[9.223,56.238],[9.224,56.239],[9.224,56.24],[9.224,56.241],[9.225,56.243],[9.225,56.244],[9.225,56.245],[9.224,56.245],[9.224,56.246],[9.224,56.247],[9.224,56.248],[9.224,56.249],[9.224,56.25],[9.224,56.251],[9.223,56.253],[9.223,56.254],[9.223,56.255],[9.222,56.256],[9.222,56.257],[9.223,56.259],[9.224,56.259],[9.224,56.26],[9.224,56.261],[9.225,56.261],[9.225,56.262],[9.226,56.263],[9.229,56.267],[9.23,56.269],[9.231,56.269],[9.232,56.27],[9.248,56.272],[9.238,56.278],[9.235,56.284],[9.249,56.283],[9.251,56.281],[9.252,56.28],[9.258,56.282],[9.259,56.283],[9.26,56.283],[9.262,56.284],[9.261,56.285],[9.259,56.287],[9.257,56.289],[9.256,56.29],[9.258,56.291],[9.259,56.292],[9.26,56.292],[9.26,56.293],[9.268,56.299],[9.27,56.301],[9.272,56.302],[9.282,56.308],[9.284,56.308],[9.292,56.31],[9.293,56.311],[9.297,56.312],[9.298,56.312],[9.294,56.318],[9.308,56.325],[9.308,56.327],[9.307,56.328],[9.307,56.329],[9.304,56.329],[9.299,56.331],[9.298,56.331],[9.299,56.331],[9.301,56.331],[9.301,56.332],[9.303,56.332],[9.304,56.332],[9.31,56.335],[9.315,56.338],[9.317,56.34],[9.324,56.341],[9.326,56.343],[9.326,56.344],[9.327,56.344],[9.328,56.344],[9.334,56.343],[9.339,56.341],[9.346,56.342],[9.346,56.343],[9.347,56.343],[9.348,56.343],[9.351,56.343],[9.353,56.344],[9.354,56.343],[9.355,56.343],[9.358,56.344],[9.359,56.344],[9.365,56.345],[9.366,56.345],[9.37,56.345],[9.375,56.345],[9.366,56.357],[9.369,56.361],[9.395,56.352],[9.396,56.352],[9.397,56.351],[9.404,56.35],[9.405,56.35],[9.407,56.351],[9.408,56.352],[9.412,56.354],[9.413,56.355],[9.418,56.358],[9.418,56.359],[9.421,56.361],[9.422,56.362],[9.423,56.362],[9.424,56.363],[9.426,56.363],[9.427,56.363],[9.427,56.362],[9.428,56.363],[9.429,56.363],[9.43,56.363],[9.431,56.363],[9.432,56.363],[9.433,56.363],[9.433,56.364],[9.434,56.365],[9.434,56.366],[9.435,56.366],[9.435,56.367],[9.436,56.367],[9.437,56.367],[9.437,56.368],[9.438,56.369],[9.438,56.37],[9.439,56.369],[9.44,56.369],[9.441,56.369],[9.442,56.368],[9.447,56.366],[9.448,56.366],[9.449,56.365],[9.45,56.365],[9.45,56.364],[9.451,56.364],[9.452,56.364],[9.477,56.353],[9.482,56.348],[9.476,56.345],[9.461,56.342],[9.463,56.339],[9.464,56.338],[9.465,56.337],[9.465,56.336],[9.466,56.335],[9.466,56.334],[9.467,56.334],[9.467,56.333],[9.467,56.332],[9.467,56.331],[9.468,56.33],[9.468,56.329],[9.469,56.328],[9.47,56.327],[9.469,56.327],[9.471,56.325],[9.472,56.324],[9.473,56.324],[9.474,56.324],[9.475,56.325],[9.476,56.325],[9.478,56.325],[9.479,56.325],[9.48,56.325],[9.481,56.325],[9.481,56.324],[9.481,56.323],[9.481,56.322],[9.483,56.321],[9.483,56.32],[9.484,56.32],[9.483,56.32],[9.484,56.32],[9.484,56.319],[9.485,56.319],[9.486,56.318],[9.486,56.317],[9.487,56.317],[9.487,56.316],[9.488,56.316],[9.488,56.315],[9.488,56.314],[9.489,56.314],[9.498,56.312],[9.498,56.311],[9.499,56.311],[9.503,56.31],[9.504,56.309],[9.508,56.308],[9.509,56.309],[9.511,56.31],[9.513,56.316],[9.527,56.316],[9.539,56.314],[9.548,56.314],[9.548,56.315],[9.556,56.317],[9.557,56.318],[9.558,56.318],[9.559,56.318],[9.56,56.318],[9.56,56.317],[9.561,56.317],[9.562,56.317],[9.563,56.317],[9.564,56.317],[9.567,56.317],[9.568,56.316],[9.569,56.316],[9.57,56.316],[9.571,56.317],[9.572,56.317],[9.576,56.318],[9.577,56.318],[9.578,56.318],[9.579,56.318],[9.58,56.318],[9.581,56.319],[9.585,56.32],[9.586,56.319],[9.589,56.318],[9.598,56.315],[9.601,56.309],[9.608,56.307],[9.62,56.31],[9.625,56.309],[9.636,56.314],[9.646,56.315],[9.649,56.315],[9.656,56.316],[9.658,56.315],[9.659,56.315],[9.661,56.315],[9.667,56.319],[9.667,56.327],[9.681,56.326],[9.7,56.327],[9.722,56.33],[9.723,56.335],[9.716,56.34],[9.705,56.343],[9.702,56.349],[9.702,56.361],[9.7,56.368],[9.689,56.376],[9.706,56.377],[9.717,56.382],[9.718,56.382],[9.719,56.383],[9.721,56.383],[9.724,56.382],[9.725,56.383],[9.729,56.384],[9.725,56.388],[9.717,56.392],[9.719,56.392],[9.72,56.392],[9.722,56.392],[9.723,56.392],[9.725,56.391],[9.726,56.391],[9.727,56.392],[9.729,56.393],[9.73,56.393],[9.732,56.395],[9.732,56.397],[9.734,56.398],[9.739,56.398],[9.741,56.398],[9.741,56.399],[9.743,56.399],[9.737,56.402],[9.741,56.406],[9.742,56.408],[9.742,56.409],[9.741,56.41],[9.744,56.41],[9.746,56.41],[9.746,56.415],[9.755,56.415],[9.759,56.419],[9.752,56.425],[9.752,56.429],[9.765,56.435],[9.765,56.437],[9.766,56.438],[9.767,56.439],[9.768,56.439],[9.768,56.44],[9.769,56.44],[9.769,56.439],[9.772,56.439],[9.773,56.443],[9.772,56.446],[9.773,56.446],[9.774,56.448],[9.775,56.449],[9.775,56.45],[9.776,56.45],[9.786,56.46],[9.787,56.477],[9.784,56.481],[9.789,56.494],[9.787,56.515],[9.785,56.521],[9.79,56.525],[9.791,56.533],[9.782,56.542],[9.786,56.55],[9.796,56.562],[9.786,56.561],[9.766,56.556],[9.754,56.555],[9.746,56.564],[9.732,56.57],[9.727,56.579],[9.709,56.588],[9.696,56.59],[9.686,56.588],[9.677,56.59],[9.668,56.585],[9.66,56.585],[9.652,56.58],[9.644,56.58],[9.638,56.583],[9.637,56.588],[9.643,56.591],[9.647,56.604],[9.644,56.608],[9.654,56.611],[9.674,56.613],[9.676,56.621],[9.671,56.628],[9.645,56.632],[9.626,56.632],[9.597,56.629],[9.564,56.635],[9.572,56.64],[9.568,56.648],[9.531,56.651],[9.532,56.656],[9.542,56.663],[9.533,56.671],[9.522,56.669],[9.529,56.679],[9.516,56.68],[9.505,56.683],[9.495,56.682],[9.492,56.675],[9.482,56.676],[9.476,56.669],[9.464,56.662],[9.462,56.652],[9.456,56.647],[9.457,56.639],[9.443,56.638],[9.419,56.641],[9.424,56.646],[9.395,56.653],[9.391,56.66],[9.396,56.665],[9.363,56.663],[9.354,56.671],[9.331,56.668],[9.32,56.672],[9.322,56.666],[9.323,56.665],[9.325,56.659],[9.321,56.642],[9.316,56.639],[9.312,56.627],[9.314,56.625],[9.31,56.616],[9.302,56.608],[9.293,56.605],[9.298,56.602],[9.294,56.592],[9.288,56.573],[9.287,56.564],[9.295,56.554],[9.309,56.552],[9.34,56.558],[9.358,56.566],[9.369,56.568],[9.366,56.551],[9.367,56.54],[9.364,56.534],[9.354,56.538],[9.341,56.541],[9.328,56.538],[9.317,56.53],[9.307,56.525],[9.301,56.528],[9.308,56.532],[9.294,56.534],[9.274,56.545],[9.261,56.555],[9.255,56.572],[9.247,56.572],[9.241,56.564],[9.227,56.563],[9.222,56.557],[9.231,56.55],[9.227,56.546],[9.212,56.539],[9.209,56.533],[9.197,56.528],[9.187,56.526],[9.186,56.526],[9.185,56.526],[9.184,56.526],[9.183,56.526],[9.182,56.526],[9.181,56.525],[9.18,56.525],[9.179,56.525],[9.173,56.523],[9.159,56.523],[9.138,56.52],[9.135,56.517],[9.118,56.519],[9.105,56.53],[9.095,56.53],[9.086,56.536],[9.053,56.523],[9.039,56.525],[9.03,56.523],[9.02,56.525],[9.004,56.516],[8.986,56.518],[8.98,56.524],[8.972,56.521],[8.978,56.515],[8.98,56.505],[8.985,56.5],[8.987,56.492],[8.988,56.481],[8.983,56.475],[8.986,56.455],[9.002,56.442],[9.002,56.434],[8.998,56.433],[8.995,56.424],[9,56.414],[9.002,56.409],[9.01,56.406],[9.018,56.406],[9.03,56.401],[9.041,56.4],[9.06,56.392],[9.063,56.385],[9.073,56.38],[9.077,56.37],[9.088,56.367],[9.093,56.361],[9.1,56.357],[9.107,56.351],[9.109,56.337],[9.112,56.335],[9.098,56.331],[9.08,56.319],[9.059,56.329],[9.055,56.335],[9.043,56.326],[9.042,56.315],[9.056,56.309],[9.061,56.293],[9.066,56.289],[9.075,56.292],[9.087,56.287],[9.088,56.276],[9.116,56.278],[9.111,56.267]]]},"properties":{"code":"791","name":"Viborg","region":"Region Midtjylland"}},
{"type":"Feature","geometry":{"type":"Polygon","coordinates":[[[10.192,57.337],[10.18,57.335],[10.167,57.327],[10.159,57.326],[10.149,57.329],[10.137,57.327],[10.133,57.329],[10.11,57.332],[10.096,57.325],[10.089,57.325],[10.081,57.33],[10.069,57.332],[10.063,57.328],[10.07,57.325],[10.066,57.32],[10.068,57.315],[10.041,57.314],[10.026,57.322],[10.019,57.321],[9.991,57.328],[9.99,57.329],[9.968,57.336],[9.949,57.335],[9.942,57.325],[9.941,57.32],[9.931,57.321],[9.914,57.326],[9.901,57.329],[9.894,57.339],[9.878,57.34],[9.867,57.343],[9.863,57.337],[9.852,57.333],[9.832,57.339],[9.831,57.328],[9.825,57.316],[9.801,57.316],[9.785,57.313],[9.783,57.307],[9.771,57.307],[9.775,57.3],[9.782,57.296],[9.784,57.29],[9.781,57.283],[9.784,57.274],[9.777,57.267],[9.762,57.26],[9.761,57.26],[9.759,57.259],[9.758,57.259],[9.757,57.258],[9.756,57.258],[9.756,57.257],[9.754,57.256],[9.752,57.255],[9.752,57.254],[9.751,57.254],[9.75,57.254],[9.749,57.253],[9.748,57.253],[9.747,57.253],[9.747,57.252],[9.746,57.252],[9.746,57.251],[9.746,57.25],[9.747,57.25],[9.747,57.251],[9.748,57.251],[9.748,57.25],[9.747,57.25],[9.747,57.249],[9.746,57.249],[9.746,57.248],[9.745,57.247],[9.745,57.246],[9.743,57.246],[9.74,57.244],[9.74,57.243],[9.74,57.242],[9.739,57.241],[9.739,57.24],[9.739,57.239],[9.739,57.238],[9.74,57.238],[9.741,57.238],[9.742,57.237],[9.765,57.23],[9.783,57.227],[9.783,57.228],[9.837,57.217],[9.837,57.222],[9.89,57.224],[9.893,57.231],[9.9,57.23],[9.901,57.23],[9.911,57.229],[9.912,57.229],[9.934,57.226],[9.929,57.217],[9.941,57.219],[9.962,57.208],[9.982,57.201],[9.992,57.199],[9.995,57.194],[10.02,57.193],[10.023,57.19],[10.032,57.186],[10.035,57.185],[10.036,57.185],[10.039,57.184],[10.039,57.183],[10.04,57.183],[10.041,57.182],[10.042,57.182],[10.042,57.181],[10.043,57.181],[10.044,57.18],[10.044,57.179],[10.045,57.179],[10.046,57.178],[10.055,57.17],[10.056,57.17],[10.056,57.169],[10.057,57.169],[10.06,57.166],[10.061,57.166],[10.061,57.165],[10.062,57.165],[10.074,57.154],[10.075,57.154],[10.075,57.153],[10.076,57.153],[10.079,57.15],[10.085,57.154],[10.094,57.151],[10.101,57.153],[10.115,57.147],[10.115,57.146],[10.116,57.146],[10.116,57.145],[10.117,57.145],[10.118,57.145],[10.119,57.145],[10.119,57.144],[10.12,57.143],[10.121,57.143],[10.123,57.142],[10.122,57.142],[10.122,57.141],[10.132,57.138],[10.133,57.139],[10.134,57.139],[10.135,57.139],[10.136,57.139],[10.136,57.138],[10.135,57.138],[10.136,57.138],[10.136,57.137],[10.137,57.136],[10.137,57.135],[10.138,57.135],[10.139,57.135],[10.14,57.134],[10.141,57.134],[10.143,57.133],[10.144,57.133],[10.146,57.131],[10.146,57.13],[10.147,57.13],[10.147,57.129],[10.149,57.129],[10.15,57.129],[10.15,57.128],[10.151,57.128],[10.152,57.128],[10.153,57.128],[10.153,57.127],[10.154,57.127],[10.154,57.126],[10.155,57.125],[10.155,57.124],[10.154,57.124],[10.155,57.124],[10.156,57.124],[10.158,57.121],[10.158,57.12],[10.158,57.119],[10.159,57.119],[10.159,57.118],[10.16,57.118],[10.16,57.117],[10.161,57.117],[10.16,57.117],[10.164,57.116],[10.165,57.116],[10.166,57.116],[10.167,57.116],[10.169,57.116],[10.174,57.115],[10.175,57.115],[10.179,57.113],[10.18,57.113],[10.182,57.113],[10.184,57.112],[10.185,57.112],[10.186,57.112],[10.187,57.112],[10.19,57.112],[10.194,57.111],[10.195,57.111],[10.196,57.11],[10.197,57.11],[10.198,57.11],[10.199,57.11],[10.2,57.11],[10.204,57.11],[10.205,57.11],[10.206,57.11],[10.209,57.111],[10.21,57.111],[10.214,57.11],[10.215,57.11],[10.216,57.11],[10.217,57.11],[10.221,57.109],[10.223,57.108],[10.229,57.11],[10.23,57.11],[10.231,57.11],[10.232,57.11],[10.233,57.11],[10.234,57.11],[10.234,57.109],[10.235,57.11],[10.236,57.11],[10.237,57.11],[10.238,57.11],[10.239,57.11],[10.24,57.11],[10.242,57.11],[10.244,57.109],[10.245,57.109],[10.246,57.109],[10.249,57.109],[10.25,57.109],[10.251,57.109],[10.251,57.108],[10.252,57.108],[10.253,57.108],[10.256,57.108],[10.257,57.108],[10.258,57.107],[10.259,57.107],[10.26,57.108],[10.261,57.108],[10.262,57.108],[10.263,57.108],[10.264,57.108],[10.265,57.108],[10.266,57.108],[10.267,57.108],[10.268,57.108],[10.269,57.107],[10.27,57.107],[10.271,57.107],[10.272,57.106],[10.273,57.106],[10.274,57.107],[10.275,57.107],[10.276,57.107],[10.276,57.108],[10.276,57.109],[10.276,57.11],[10.277,57.11],[10.278,57.11],[10.279,57.11],[10.28,57.11],[10.281,57.11],[10.282,57.11],[10.283,57.11],[10.285,57.11],[10.286,57.11],[10.287,57.11],[10.288,57.109],[10.289,57.109],[10.29,57.109],[10.29,57.108],[10.292,57.108],[10.293,57.109],[10.293,57.108],[10.294,57.108],[10.296,57.108],[10.297,57.108],[10.298,57.108],[10.3,57.109],[10.302,57.11],[10.303,57.11],[10.304,57.11],[10.305,57.11],[10.307,57.109],[10.308,57.108],[10.309,57.108],[10.31,57.108],[10.311,57.108],[10.312,57.108],[10.313,57.107],[10.316,57.105],[10.317,57.104],[10.318,57.104],[10.319,57.104],[10.32,57.104],[10.321,57.104],[10.321,57.103],[10.321,57.102],[10.322,57.102],[10.323,57.101],[10.324,57.101],[10.324,57.1],[10.325,57.1],[10.325,57.099],[10.326,57.099],[10.327,57.099],[10.328,57.099],[10.329,57.099],[10.33,57.099],[10.331,57.1],[10.332,57.1],[10.333,57.1],[10.333,57.101],[10.334,57.101],[10.334,57.1],[10.336,57.1],[10.331,57.098],[10.334,57.091],[10.332,57.086],[10.331,57.085],[10.331,57.084],[10.33,57.084],[10.33,57.081],[10.33,57.08],[10.34,57.071],[10.354,57.079],[10.364,57.089],[10.389,57.089],[10.4,57.111],[10.401,57.117],[10.406,57.121],[10.415,57.139],[10.427,57.143],[10.422,57.149],[10.442,57.17],[10.432,57.171],[10.413,57.18],[10.407,57.185],[10.418,57.189],[10.422,57.193],[10.41,57.208],[10.414,57.218],[10.405,57.223],[10.387,57.229],[10.382,57.234],[10.368,57.241],[10.372,57.248],[10.373,57.247],[10.383,57.256],[10.38,57.263],[10.363,57.263],[10.358,57.266],[10.344,57.267],[10.34,57.271],[10.324,57.277],[10.317,57.269],[10.319,57.264],[10.301,57.268],[10.289,57.268],[10.288,57.267],[10.287,57.267],[10.263,57.256],[10.26,57.251],[10.241,57.25],[10.234,57.247],[10.215,57.251],[10.217,57.253],[10.213,57.262],[10.212,57.277],[10.213,57.285],[10.218,57.286],[10.222,57.294],[10.221,57.298],[10.212,57.298],[10.213,57.303],[10.204,57.307],[10.204,57.317],[10.193,57.319],[10.191,57.328],[10.197,57.332],[10.192,57.337]]]},"properties":{"code":"810","name":"Brønderslev","region":"Region Nordjylland"}},
{"type":"Feature","geometry":{"type":"Polygon","coordinates":[[[10.442,57.17],[10.466,57.188],[10.49,57.203],[10.528,57.216],[10.548,57.23],[10.55,57.247],[10.549,57.26],[10.546,57.274],[10.53,57.314],[10.527,57.324],[10.532,57.333],[10.523,57.344],[10.518,57.358],[10.515,57.376],[10.516,57.387],[10.522,57.403],[10.524,57.413],[10.529,57.419],[10.529,57.431],[10.542,57.433],[10.548,57.444],[10.56,57.437],[10.566,57.445],[10.557,57.45],[10.547,57.451],[10.538,57.467],[10.507,57.486],[10.502,57.495],[10.474,57.514],[10.458,57.527],[10.446,57.538],[10.434,57.554],[10.427,57.571],[10.426,57.581],[10.43,57.599],[10.437,57.612],[10.45,57.628],[10.463,57.64],[10.495,57.666],[10.512,57.679],[10.533,57.693],[10.565,57.71],[10.576,57.715],[10.583,57.713],[10.601,57.715],[10.609,57.719],[10.605,57.722],[10.614,57.728],[10.631,57.735],[10.649,57.744],[10.651,57.747],[10.626,57.752],[10.613,57.753],[10.595,57.751],[10.58,57.749],[10.539,57.736],[10.518,57.728],[10.5,57.718],[10.44,57.692],[10.387,57.666],[10.341,57.644],[10.32,57.635],[10.281,57.623],[10.271,57.619],[10.276,57.612],[10.283,57.61],[10.334,57.608],[10.337,57.6],[10.321,57.574],[10.318,57.561],[10.312,57.555],[10.323,57.54],[10.336,57.532],[10.336,57.529],[10.348,57.526],[10.375,57.506],[10.37,57.5],[10.391,57.492],[10.388,57.489],[10.393,57.484],[10.409,57.479],[10.404,57.475],[10.386,57.473],[10.373,57.472],[10.367,57.47],[10.368,57.461],[10.36,57.453],[10.349,57.454],[10.335,57.451],[10.331,57.448],[10.311,57.447],[10.314,57.44],[10.305,57.437],[10.301,57.426],[10.323,57.419],[10.324,57.415],[10.32,57.409],[10.328,57.406],[10.326,57.401],[10.335,57.394],[10.352,57.39],[10.366,57.391],[10.391,57.386],[10.374,57.381],[10.344,57.379],[10.342,57.376],[10.33,57.379],[10.303,57.376],[10.294,57.379],[10.241,57.385],[10.24,57.381],[10.229,57.373],[10.228,57.373],[10.228,57.372],[10.231,57.366],[10.224,57.36],[10.21,57.361],[10.194,57.36],[10.187,57.356],[10.186,57.348],[10.192,57.345],[10.192,57.337],[10.197,57.332],[10.191,57.328],[10.193,57.319],[10.204,57.317],[10.204,57.307],[10.213,57.303],[10.212,57.298],[10.221,57.298],[10.222,57.294],[10.218,57.286],[10.213,57.285],[10.212,57.277],[10.213,57.262],[10.217,57.253],[10.215,57.251],[10.234,57.247],[10.241,57.25],[10.26,57.251],[10.263,57.256],[10.287,57.267],[10.288,57.267],[10.289,57.268],[10.301,57.268],[10.319,57.264],[10.317,57.269],[10.324,57.277],[10.34,57.271],[10.344,57.267],[10.358,57.266],[10.363,57.263],[10.38,57.263],[10.383,57.256],[10.373,57.247],[10.372,57.248],[10.368,57.241],[10.382,57.234],[10.387,57.229],[10.405,57.223],[10.414,57.218],[10.41,57.208],[10.422,57.193],[10.418,57.189],[10.407,57.185],[10.413,57.18],[10.432,57.171],[10.442,57.17]]]},"properties":{"code":"813","name":"Frederikshavn","region":"Region Nordjylland"}},
{"type":"Feature","geometry":{"type":"MultiPolygon","coordinates":[[[[9.533,56.671],[9.545,56.676],[9.564,56.672],[9.568,56.674],[9.567,56.68],[9.572,56.686],[9.58,56.683],[9.594,56.684],[9.611,56.68],[9.621,56.687],[9.624,56.701],[9.616,56.701],[9.591,56.708],[9.588,56.709],[9.588,56.71],[9.587,56.71],[9.586,56.714],[9.586,56.715],[9.586,56.716],[9.585,56.716],[9.585,56.717],[9.585,56.719],[9.585,56.721],[9.584,56.721],[9.584,56.722],[9.583,56.723],[9.583,56.724],[9.583,56.725],[9.582,56.726],[9.581,56.726],[9.581,56.727],[9.58,56.727],[9.579,56.728],[9.578,56.728],[9.579,56.728],[9.579,56.729],[9.578,56.729],[9.578,56.73],[9.577,56.73],[9.577,56.731],[9.577,56.732],[9.576,56.732],[9.575,56.731],[9.575,56.732],[9.575,56.731],[9.574,56.732],[9.573,56.732],[9.573,56.733],[9.572,56.733],[9.572,56.732],[9.571,56.732],[9.563,56.732],[9.556,56.736],[9.545,56.737],[9.545,56.736],[9.544,56.736],[9.544,56.737],[9.543,56.737],[9.542,56.737],[9.541,56.737],[9.539,56.738],[9.538,56.738],[9.537,56.738],[9.519,56.743],[9.52,56.748],[9.528,56.749],[9.545,56.763],[9.55,56.772],[9.547,56.776],[9.566,56.779],[9.567,56.785],[9.586,56.8],[9.601,56.8],[9.619,56.796],[9.638,56.802],[9.636,56.803],[9.635,56.803],[9.634,56.803],[9.633,56.803],[9.633,56.802],[9.629,56.802],[9.627,56.803],[9.623,56.805],[9.622,56.805],[9.623,56.805],[9.623,56.806],[9.622,56.806],[9.621,56.806],[9.621,56.807],[9.62,56.807],[9.619,56.807],[9.619,56.808],[9.618,56.808],[9.617,56.808],[9.618,56.808],[9.617,56.808],[9.616,56.808],[9.617,56.808],[9.618,56.808],[9.618,56.809],[9.618,56.81],[9.619,56.81],[9.618,56.81],[9.618,56.811],[9.619,56.811],[9.618,56.811],[9.619,56.811],[9.618,56.811],[9.619,56.812],[9.62,56.812],[9.619,56.812],[9.62,56.811],[9.62,56.812],[9.621,56.812],[9.622,56.812],[9.623,56.812],[9.623,56.813],[9.622,56.813],[9.623,56.813],[9.623,56.814],[9.622,56.814],[9.621,56.814],[9.621,56.815],[9.62,56.815],[9.621,56.815],[9.621,56.816],[9.62,56.816],[9.619,56.816],[9.619,56.817],[9.615,56.818],[9.614,56.818],[9.613,56.818],[9.614,56.818],[9.614,56.819],[9.613,56.819],[9.614,56.82],[9.615,56.82],[9.615,56.821],[9.616,56.821],[9.615,56.821],[9.616,56.821],[9.616,56.822],[9.625,56.83],[9.623,56.837],[9.623,56.838],[9.626,56.842],[9.627,56.842],[9.628,56.843],[9.629,56.844],[9.63,56.844],[9.633,56.846],[9.633,56.847],[9.634,56.847],[9.635,56.847],[9.636,56.848],[9.637,56.848],[9.637,56.849],[9.635,56.852],[9.636,56.852],[9.637,56.853],[9.638,56.853],[9.639,56.852],[9.64,56.852],[9.64,56.853],[9.641,56.853],[9.657,56.857],[9.645,56.862],[9.643,56.862],[9.631,56.863],[9.627,56.867],[9.618,56.868],[9.611,56.874],[9.614,56.876],[9.611,56.882],[9.593,56.883],[9.579,56.889],[9.575,56.889],[9.571,56.894],[9.564,56.895],[9.558,56.882],[9.546,56.882],[9.533,56.878],[9.522,56.882],[9.509,56.885],[9.509,56.891],[9.514,56.896],[9.504,56.902],[9.511,56.908],[9.515,56.915],[9.521,56.921],[9.517,56.926],[9.519,56.93],[9.503,56.929],[9.5,56.931],[9.479,56.933],[9.461,56.927],[9.462,56.922],[9.449,56.919],[9.434,56.919],[9.434,56.925],[9.423,56.927],[9.421,56.937],[9.41,56.935],[9.407,56.939],[9.407,56.948],[9.403,56.954],[9.409,56.967],[9.407,56.973],[9.4,56.977],[9.391,56.979],[9.401,56.987],[9.395,56.992],[9.393,57.012],[9.366,57.009],[9.352,57.008],[9.33,57.002],[9.302,56.997],[9.292,56.997],[9.288,56.993],[9.283,56.982],[9.283,56.977],[9.276,56.972],[9.26,56.971],[9.241,56.966],[9.23,56.951],[9.224,56.949],[9.215,56.941],[9.2,56.937],[9.196,56.929],[9.182,56.921],[9.178,56.917],[9.171,56.902],[9.165,56.893],[9.166,56.887],[9.185,56.878],[9.2,56.874],[9.209,56.866],[9.211,56.85],[9.208,56.842],[9.188,56.821],[9.168,56.806],[9.174,56.805],[9.178,56.797],[9.188,56.787],[9.189,56.78],[9.185,56.768],[9.188,56.765],[9.199,56.768],[9.236,56.76],[9.243,56.748],[9.24,56.735],[9.225,56.719],[9.213,56.71],[9.208,56.71],[9.199,56.702],[9.182,56.695],[9.175,56.687],[9.161,56.683],[9.162,56.673],[9.176,56.665],[9.181,56.665],[9.199,56.676],[9.224,56.682],[9.232,56.688],[9.246,56.689],[9.257,56.691],[9.266,56.696],[9.279,56.699],[9.291,56.699],[9.306,56.692],[9.32,56.672],[9.331,56.668],[9.354,56.671],[9.363,56.663],[9.396,56.665],[9.391,56.66],[9.395,56.653],[9.424,56.646],[9.419,56.641],[9.443,56.638],[9.457,56.639],[9.456,56.647],[9.462,56.652],[9.464,56.662],[9.476,56.669],[9.482,56.676],[9.492,56.675],[9.495,56.682],[9.505,56.683],[9.516,56.68],[9.529,56.679],[9.522,56.669],[9.533,56.671]]],[[[9.086,56.905],[9.082,56.905],[9.07,56.896],[9.07,56.891],[9.078,56.886],[9.092,56.883],[9.102,56.889],[9.097,56.896],[9.086,56.905]]],[[[9.265,56.991],[9.248,56.989],[9.251,56.983],[9.265,56.991]]],[[[9.26,57.03],[9.258,57.031],[9.256,57.03],[9.256,57.031],[9.256,57.03],[9.245,57.025],[9.208,57.018],[9.2,57.028],[9.19,57.024],[9.183,57.025],[9.171,57.023],[9.177,57.018],[9.21,57],[9.229,56.992],[9.257,56.992],[9.283,57],[9.291,56.999],[9.298,57.008],[9.297,57.008],[9.296,57.008],[9.292,57.008],[9.291,57.008],[9.289,57.008],[9.288,57.01],[9.288,57.009],[9.288,57.01],[9.287,57.01],[9.284,57.013],[9.283,57.013],[9.282,57.014],[9.282,57.015],[9.281,57.015],[9.281,57.016],[9.28,57.016],[9.28,57.017],[9.279,57.018],[9.279,57.019],[9.278,57.02],[9.277,57.021],[9.274,57.025],[9.275,57.029],[9.271,57.028],[9.27,57.028],[9.268,57.028],[9.267,57.028],[9.261,57.03],[9.26,57.03]]]]},"properties":{"code":"820","name":"Vesthimmerlands","region":"Region Nordjylland"}},
{"type":"Feature","geometry":{"type":"MultiPolygon","coordinates":[[[[10.999,57.21],[10.993,57.202],[11.013,57.201],[11.029,57.203],[11.041,57.208],[11.03,57.215],[10.999,57.21]]],[[[10.894,57.273],[10.873,57.266],[10.871,57.256],[10.877,57.252],[10.915,57.244],[10.924,57.247],[10.939,57.246],[10.954,57.236],[10.966,57.232],[10.977,57.216],[10.985,57.219],[10.993,57.217],[11.003,57.218],[11.026,57.225],[11.06,57.234],[11.068,57.239],[11.067,57.242],[11.077,57.247],[11.088,57.255],[11.095,57.272],[11.094,57.279],[11.076,57.28],[11.073,57.283],[11.081,57.289],[11.102,57.296],[11.115,57.298],[11.124,57.297],[11.147,57.301],[11.17,57.298],[11.178,57.303],[11.194,57.297],[11.2,57.321],[11.193,57.324],[11.169,57.324],[11.159,57.327],[11.145,57.328],[11.13,57.321],[11.108,57.318],[11.051,57.318],[11.028,57.318],[11.017,57.31],[11.008,57.306],[10.976,57.305],[10.965,57.303],[10.949,57.303],[10.931,57.299],[10.922,57.295],[10.908,57.281],[10.894,57.273]]]]},"properties":{"code":"825","name":"Læsø","region":"Region Nordjylland"}},
{"type":"Feature","geometry":{"type":"Polygon","coordinates":[[[9.611,56.68],[9.612,56.679],[9.613,56.679],[9.614,56.678],[9.617,56.676],[9.617,56.675],[9.618,56.675],[9.626,56.673],[9.627,56.674],[9.63,56.674],[9.631,56.674],[9.634,56.673],[9.634,56.672],[9.633,56.672],[9.637,56.671],[9.638,56.671],[9.639,56.671],[9.64,56.671],[9.649,56.667],[9.651,56.662],[9.665,56.659],[9.673,56.655],[9.694,56.656],[9.712,56.651],[9.722,56.668],[9.724,56.68],[9.717,56.683],[9.72,56.69],[9.728,56.699],[9.727,56.702],[9.738,56.705],[9.739,56.706],[9.74,56.706],[9.741,56.706],[9.742,56.706],[9.743,56.707],[9.743,56.708],[9.747,56.718],[9.753,56.721],[9.758,56.732],[9.762,56.734],[9.763,56.734],[9.764,56.734],[9.765,56.734],[9.77,56.734],[9.773,56.735],[9.774,56.735],[9.775,56.735],[9.776,56.735],[9.777,56.735],[9.778,56.735],[9.779,56.735],[9.785,56.734],[9.799,56.73],[9.799,56.733],[9.799,56.734],[9.799,56.735],[9.8,56.735],[9.801,56.739],[9.804,56.741],[9.808,56.745],[9.809,56.745],[9.812,56.75],[9.81,56.751],[9.808,56.752],[9.807,56.752],[9.806,56.753],[9.808,56.754],[9.809,56.754],[9.81,56.754],[9.793,56.755],[9.788,56.756],[9.787,56.757],[9.786,56.758],[9.785,56.758],[9.784,56.758],[9.783,56.762],[9.772,56.764],[9.772,56.765],[9.774,56.767],[9.777,56.775],[9.778,56.775],[9.779,56.775],[9.779,56.776],[9.78,56.776],[9.786,56.778],[9.787,56.778],[9.788,56.778],[9.783,56.787],[9.781,56.788],[9.78,56.788],[9.78,56.789],[9.78,56.791],[9.778,56.792],[9.777,56.794],[9.777,56.795],[9.777,56.796],[9.778,56.796],[9.777,56.796],[9.777,56.797],[9.778,56.797],[9.778,56.798],[9.779,56.798],[9.78,56.799],[9.781,56.799],[9.78,56.799],[9.781,56.8],[9.783,56.802],[9.784,56.802],[9.785,56.805],[9.786,56.805],[9.786,56.806],[9.787,56.806],[9.788,56.807],[9.787,56.807],[9.788,56.807],[9.789,56.808],[9.789,56.809],[9.79,56.808],[9.79,56.809],[9.79,56.81],[9.791,56.81],[9.791,56.811],[9.792,56.811],[9.792,56.812],[9.792,56.813],[9.794,56.814],[9.795,56.814],[9.797,56.815],[9.796,56.815],[9.797,56.816],[9.826,56.803],[9.827,56.803],[9.844,56.801],[9.849,56.801],[9.85,56.801],[9.854,56.802],[9.862,56.803],[9.864,56.803],[9.872,56.803],[9.873,56.803],[9.877,56.8],[9.883,56.8],[9.891,56.8],[9.901,56.798],[9.902,56.798],[9.905,56.797],[9.913,56.801],[9.933,56.804],[9.952,56.797],[9.953,56.796],[9.973,56.793],[9.976,56.792],[9.99,56.791],[9.996,56.791],[10.016,56.793],[10.018,56.793],[10.019,56.793],[10.02,56.793],[10.024,56.794],[10.025,56.794],[10.033,56.796],[10.034,56.796],[10.034,56.795],[10.038,56.795],[10.044,56.795],[10.045,56.795],[10.046,56.796],[10.047,56.796],[10.047,56.795],[10.048,56.795],[10.05,56.794],[10.051,56.794],[10.055,56.789],[10.057,56.785],[10.054,56.778],[10.051,56.776],[10.048,56.774],[10.047,56.77],[10.048,56.769],[10.049,56.769],[10.05,56.767],[10.049,56.767],[10.049,56.765],[10.052,56.762],[10.053,56.762],[10.066,56.755],[10.088,56.762],[10.094,56.761],[10.11,56.765],[10.12,56.762],[10.122,56.767],[10.135,56.774],[10.151,56.778],[10.153,56.783],[10.166,56.785],[10.178,56.796],[10.178,56.797],[10.179,56.797],[10.18,56.798],[10.181,56.798],[10.182,56.798],[10.182,56.797],[10.186,56.797],[10.188,56.797],[10.189,56.797],[10.191,56.796],[10.219,56.794],[10.22,56.794],[10.223,56.793],[10.224,56.793],[10.228,56.796],[10.217,56.8],[10.198,56.811],[10.197,56.812],[10.176,56.824],[10.175,56.824],[10.175,56.825],[10.172,56.828],[10.171,56.828],[10.169,56.83],[10.169,56.831],[10.168,56.832],[10.167,56.833],[10.167,56.835],[10.166,56.835],[10.166,56.836],[10.165,56.836],[10.155,56.848],[10.154,56.848],[10.153,56.85],[10.154,56.851],[10.155,56.851],[10.162,56.862],[10.161,56.87],[10.159,56.87],[10.158,56.87],[10.157,56.87],[10.156,56.87],[10.149,56.871],[10.148,56.871],[10.139,56.87],[10.125,56.875],[10.103,56.878],[10.094,56.87],[10.09,56.88],[10.085,56.883],[10.074,56.885],[10.06,56.891],[10.061,56.897],[10.06,56.901],[10.061,56.902],[10.061,56.903],[10.06,56.904],[10.058,56.909],[10.038,56.911],[10.02,56.903],[10.011,56.903],[10.01,56.902],[10.009,56.902],[10.007,56.902],[10.006,56.902],[10.004,56.901],[10.003,56.901],[9.997,56.901],[9.997,56.902],[9.996,56.902],[9.991,56.903],[9.99,56.903],[9.984,56.904],[9.982,56.904],[9.981,56.905],[9.98,56.905],[9.979,56.906],[9.975,56.906],[9.974,56.906],[9.973,56.906],[9.972,56.906],[9.971,56.906],[9.97,56.906],[9.969,56.906],[9.968,56.906],[9.96,56.906],[9.956,56.904],[9.954,56.904],[9.954,56.903],[9.952,56.903],[9.949,56.901],[9.947,56.901],[9.94,56.899],[9.939,56.899],[9.934,56.898],[9.933,56.898],[9.928,56.897],[9.922,56.896],[9.922,56.895],[9.921,56.895],[9.92,56.895],[9.917,56.894],[9.915,56.893],[9.913,56.892],[9.912,56.89],[9.91,56.888],[9.908,56.887],[9.901,56.885],[9.895,56.887],[9.894,56.887],[9.888,56.889],[9.887,56.889],[9.883,56.889],[9.881,56.889],[9.88,56.888],[9.859,56.897],[9.85,56.904],[9.836,56.907],[9.831,56.915],[9.829,56.922],[9.824,56.923],[9.833,56.929],[9.835,56.933],[9.837,56.942],[9.823,56.944],[9.814,56.949],[9.813,56.959],[9.797,56.958],[9.791,56.962],[9.782,56.962],[9.776,56.957],[9.768,56.961],[9.769,56.961],[9.77,56.962],[9.771,56.963],[9.772,56.963],[9.768,56.963],[9.759,56.967],[9.755,56.971],[9.729,56.971],[9.71,56.96],[9.715,56.952],[9.713,56.945],[9.72,56.939],[9.71,56.933],[9.715,56.921],[9.703,56.923],[9.674,56.923],[9.668,56.921],[9.656,56.925],[9.641,56.925],[9.632,56.918],[9.629,56.913],[9.613,56.913],[9.592,56.891],[9.575,56.889],[9.579,56.889],[9.593,56.883],[9.611,56.882],[9.614,56.876],[9.611,56.874],[9.618,56.868],[9.627,56.867],[9.631,56.863],[9.643,56.862],[9.645,56.862],[9.657,56.857],[9.641,56.853],[9.64,56.853],[9.64,56.852],[9.639,56.852],[9.638,56.853],[9.637,56.853],[9.636,56.852],[9.635,56.852],[9.637,56.849],[9.637,56.848],[9.636,56.848],[9.635,56.847],[9.634,56.847],[9.633,56.847],[9.633,56.846],[9.63,56.844],[9.629,56.844],[9.628,56.843],[9.627,56.842],[9.626,56.842],[9.623,56.838],[9.623,56.837],[9.625,56.83],[9.616,56.822],[9.616,56.821],[9.615,56.821],[9.616,56.821],[9.615,56.821],[9.615,56.82],[9.614,56.82],[9.613,56.819],[9.614,56.819],[9.614,56.818],[9.613,56.818],[9.614,56.818],[9.615,56.818],[9.619,56.817],[9.619,56.816],[9.62,56.816],[9.621,56.816],[9.621,56.815],[9.62,56.815],[9.621,56.815],[9.621,56.814],[9.622,56.814],[9.623,56.814],[9.623,56.813],[9.622,56.813],[9.623,56.813],[9.623,56.812],[9.622,56.812],[9.621,56.812],[9.62,56.812],[9.62,56.811],[9.619,56.812],[9.62,56.812],[9.619,56.812],[9.618,56.811],[9.619,56.811],[9.618,56.811],[9.619,56.811],[9.618,56.811],[9.618,56.81],[9.619,56.81],[9.618,56.81],[9.618,56.809],[9.618,56.808],[9.617,56.808],[9.616,56.808],[9.617,56.808],[9.618,56.808],[9.617,56.808],[9.618,56.808],[9.619,56.808],[9.619,56.807],[9.62,56.807],[9.621,56.807],[9.621,56.806],[9.622,56.806],[9.623,56.806],[9.623,56.805],[9.622,56.805],[9.623,56.805],[9.627,56.803],[9.629,56.802],[9.633,56.802],[9.633,56.803],[9.634,56.803],[9.635,56.803],[9.636,56.803],[9.638,56.802],[9.619,56.796],[9.601,56.8],[9.586,56.8],[9.567,56.785],[9.566,56.779],[9.547,56.776],[9.55,56.772],[9.545,56.763],[9.528,56.749],[9.52,56.748],[9.519,56.743],[9.537,56.738],[9.538,56.738],[9.539,56.738],[9.541,56.737],[9.542,56.737],[9.543,56.737],[9.544,56.737],[9.544,56.736],[9.545,56.736],[9.545,56.737],[9.556,56.736],[9.563,56.732],[9.571,56.732],[9.572,56.732],[9.572,56.733],[9.573,56.733],[9.573,56.732],[9.574,56.732],[9.575,56.731],[9.575,56.732],[9.575,56.731],[9.576,56.732],[9.577,56.732],[9.577,56.731],[9.577,56.73],[9.578,56.73],[9.578,56.729],[9.579,56.729],[9.579,56.728],[9.578,56.728],[9.579,56.728],[9.58,56.727],[9.581,56.727],[9.581,56.726],[9.582,56.726],[9.583,56.725],[9.583,56.724],[9.583,56.723],[9.584,56.722],[9.584,56.721],[9.585,56.721],[9.585,56.719],[9.585,56.717],[9.585,56.716],[9.586,56.716],[9.586,56.715],[9.586,56.714],[9.587,56.71],[9.588,56.71],[9.588,56.709],[9.591,56.708],[9.616,56.701],[9.624,56.701],[9.621,56.687],[9.611,56.68]]]},"properties":{"code":"840","name":"Rebild","region":"Region Nordjylland"}},
{"type":"Feature","geometry":{"type":"Polygon","coordinates":[[[10.194,56.684],[10.185,56.689],[10.183,56.693],[10.169,56.701],[10.165,56.706],[10.153,56.705],[10.127,56.709],[10.119,56.713],[10.113,56.707],[10.112,56.697],[10.109,56.694],[10.093,56.688],[10.087,56.683],[10.074,56.683],[10.055,56.691],[10.048,56.69],[10.045,56.685],[10.032,56.678],[10.032,56.673],[10.019,56.67],[10.012,56.671],[10.003,56.666],[9.993,56.665],[9.983,56.659],[9.986,56.655],[9.969,56.656],[9.959,56.65],[9.946,56.648],[9.94,56.65],[9.926,56.646],[9.906,56.646],[9.883,56.644],[9.859,56.644],[9.848,56.637],[9.831,56.64],[9.803,56.641],[9.826,56.647],[9.844,56.646],[9.855,56.65],[9.887,56.65],[9.901,56.653],[9.916,56.651],[9.949,56.66],[9.954,56.666],[9.964,56.666],[9.971,56.672],[9.986,56.679],[10.006,56.68],[10.014,56.681],[10.016,56.69],[10.027,56.695],[10.039,56.695],[10.043,56.699],[10.061,56.702],[10.07,56.7],[10.075,56.694],[10.1,56.7],[10.104,56.709],[10.119,56.716],[10.128,56.717],[10.158,56.719],[10.166,56.709],[10.182,56.703],[10.2,56.706],[10.204,56.712],[10.22,56.72],[10.236,56.719],[10.248,56.714],[10.272,56.712],[10.284,56.711],[10.3,56.711],[10.326,56.705],[10.333,56.708],[10.331,56.714],[10.334,56.721],[10.306,56.745],[10.297,56.755],[10.287,56.776],[10.284,56.786],[10.276,56.802],[10.271,56.831],[10.27,56.849],[10.267,56.858],[10.246,56.855],[10.237,56.855],[10.223,56.861],[10.193,56.847],[10.192,56.844],[10.208,56.838],[10.214,56.839],[10.225,56.831],[10.216,56.813],[10.213,56.811],[10.198,56.811],[10.217,56.8],[10.228,56.796],[10.224,56.793],[10.223,56.793],[10.22,56.794],[10.219,56.794],[10.191,56.796],[10.189,56.797],[10.188,56.797],[10.186,56.797],[10.182,56.797],[10.182,56.798],[10.181,56.798],[10.18,56.798],[10.179,56.797],[10.178,56.797],[10.178,56.796],[10.166,56.785],[10.153,56.783],[10.151,56.778],[10.135,56.774],[10.122,56.767],[10.12,56.762],[10.11,56.765],[10.094,56.761],[10.088,56.762],[10.066,56.755],[10.053,56.762],[10.052,56.762],[10.049,56.765],[10.049,56.767],[10.05,56.767],[10.049,56.769],[10.048,56.769],[10.047,56.77],[10.048,56.774],[10.051,56.776],[10.054,56.778],[10.057,56.785],[10.055,56.789],[10.051,56.794],[10.05,56.794],[10.048,56.795],[10.047,56.795],[10.047,56.796],[10.046,56.796],[10.045,56.795],[10.044,56.795],[10.038,56.795],[10.034,56.795],[10.034,56.796],[10.033,56.796],[10.025,56.794],[10.024,56.794],[10.02,56.793],[10.019,56.793],[10.018,56.793],[10.016,56.793],[9.996,56.791],[9.99,56.791],[9.976,56.792],[9.973,56.793],[9.953,56.796],[9.952,56.797],[9.933,56.804],[9.913,56.801],[9.905,56.797],[9.902,56.798],[9.901,56.798],[9.891,56.8],[9.883,56.8],[9.877,56.8],[9.873,56.803],[9.872,56.803],[9.864,56.803],[9.862,56.803],[9.854,56.802],[9.85,56.801],[9.849,56.801],[9.844,56.801],[9.827,56.803],[9.826,56.803],[9.797,56.816],[9.796,56.815],[9.797,56.815],[9.795,56.814],[9.794,56.814],[9.792,56.813],[9.792,56.812],[9.792,56.811],[9.791,56.811],[9.791,56.81],[9.79,56.81],[9.79,56.809],[9.79,56.808],[9.789,56.809],[9.789,56.808],[9.788,56.807],[9.787,56.807],[9.788,56.807],[9.787,56.806],[9.786,56.806],[9.786,56.805],[9.785,56.805],[9.784,56.802],[9.783,56.802],[9.781,56.8],[9.78,56.799],[9.781,56.799],[9.78,56.799],[9.779,56.798],[9.778,56.798],[9.778,56.797],[9.777,56.797],[9.777,56.796],[9.778,56.796],[9.777,56.796],[9.777,56.795],[9.777,56.794],[9.778,56.792],[9.78,56.791],[9.78,56.789],[9.78,56.788],[9.781,56.788],[9.783,56.787],[9.788,56.778],[9.787,56.778],[9.786,56.778],[9.78,56.776],[9.779,56.776],[9.779,56.775],[9.778,56.775],[9.777,56.775],[9.774,56.767],[9.772,56.765],[9.772,56.764],[9.783,56.762],[9.784,56.758],[9.785,56.758],[9.786,56.758],[9.787,56.757],[9.788,56.756],[9.793,56.755],[9.81,56.754],[9.809,56.754],[9.808,56.754],[9.806,56.753],[9.807,56.752],[9.808,56.752],[9.81,56.751],[9.812,56.75],[9.809,56.745],[9.808,56.745],[9.804,56.741],[9.801,56.739],[9.8,56.735],[9.799,56.735],[9.799,56.734],[9.799,56.733],[9.799,56.73],[9.785,56.734],[9.779,56.735],[9.778,56.735],[9.777,56.735],[9.776,56.735],[9.775,56.735],[9.774,56.735],[9.773,56.735],[9.77,56.734],[9.765,56.734],[9.764,56.734],[9.763,56.734],[9.762,56.734],[9.758,56.732],[9.753,56.721],[9.747,56.718],[9.743,56.708],[9.743,56.707],[9.742,56.706],[9.741,56.706],[9.74,56.706],[9.739,56.706],[9.738,56.705],[9.727,56.702],[9.728,56.699],[9.72,56.69],[9.717,56.683],[9.724,56.68],[9.722,56.668],[9.712,56.651],[9.694,56.656],[9.673,56.655],[9.665,56.659],[9.651,56.662],[9.649,56.667],[9.64,56.671],[9.639,56.671],[9.638,56.671],[9.637,56.671],[9.633,56.672],[9.634,56.672],[9.634,56.673],[9.631,56.674],[9.63,56.674],[9.627,56.674],[9.626,56.673],[9.618,56.675],[9.617,56.675],[9.617,56.676],[9.614,56.678],[9.613,56.679],[9.612,56.679],[9.611,56.68],[9.594,56.684],[9.58,56.683],[9.572,56.686],[9.567,56.68],[9.568,56.674],[9.564,56.672],[9.545,56.676],[9.533,56.671],[9.542,56.663],[9.532,56.656],[9.531,56.651],[9.568,56.648],[9.572,56.64],[9.564,56.635],[9.597,56.629],[9.626,56.632],[9.645,56.632],[9.671,56.628],[9.676,56.621],[9.674,56.613],[9.654,56.611],[9.644,56.608],[9.647,56.604],[9.643,56.591],[9.637,56.588],[9.638,56.583],[9.644,56.58],[9.652,56.58],[9.66,56.585],[9.668,56.585],[9.677,56.59],[9.686,56.588],[9.696,56.59],[9.709,56.588],[9.727,56.579],[9.732,56.57],[9.746,56.564],[9.754,56.555],[9.766,56.556],[9.786,56.561],[9.796,56.562],[9.81,56.562],[9.817,56.557],[9.823,56.557],[9.833,56.55],[9.846,56.555],[9.866,56.555],[9.881,56.557],[9.877,56.566],[9.888,56.574],[9.9,56.572],[9.91,56.576],[9.925,56.577],[9.949,56.581],[9.958,56.592],[9.959,56.597],[9.972,56.596],[9.98,56.592],[10.002,56.594],[10.009,56.598],[10.026,56.601],[10.043,56.602],[10.053,56.604],[10.076,56.613],[10.093,56.622],[10.105,56.622],[10.115,56.625],[10.125,56.637],[10.119,56.641],[10.124,56.647],[10.135,56.649],[10.141,56.646],[10.158,56.652],[10.156,56.661],[10.164,56.661],[10.166,56.671],[10.18,56.672],[10.197,56.679],[10.194,56.684]]]},"properties":{"code":"846","name":"Mariagerfjord","region":"Region Nordjylland"}},
{"type":"Feature","geometry":{"type":"Polygon","coordinates":[[[9.096,57.031],[9.133,57.04],[9.145,57.036],[9.147,57.032],[9.157,57.026],[9.171,57.023],[9.183,57.025],[9.19,57.024],[9.2,57.028],[9.208,57.018],[9.245,57.025],[9.256,57.03],[9.256,57.031],[9.256,57.03],[9.258,57.031],[9.26,57.03],[9.261,57.03],[9.267,57.028],[9.268,57.028],[9.27,57.028],[9.271,57.028],[9.275,57.029],[9.274,57.025],[9.277,57.021],[9.278,57.02],[9.279,57.019],[9.279,57.018],[9.28,57.017],[9.28,57.016],[9.281,57.016],[9.281,57.015],[9.282,57.015],[9.282,57.014],[9.283,57.013],[9.284,57.013],[9.287,57.01],[9.288,57.01],[9.288,57.009],[9.288,57.01],[9.289,57.008],[9.291,57.008],[9.292,57.008],[9.296,57.008],[9.297,57.008],[9.298,57.008],[9.307,57.012],[9.326,57.016],[9.353,57.024],[9.375,57.024],[9.414,57.035],[9.426,57.037],[9.477,57.043],[9.488,57.046],[9.497,57.042],[9.508,57.045],[9.546,57.045],[9.576,57.041],[9.582,57.048],[9.614,57.051],[9.626,57.062],[9.642,57.068],[9.638,57.07],[9.624,57.069],[9.613,57.075],[9.638,57.088],[9.665,57.096],[9.68,57.097],[9.679,57.091],[9.667,57.083],[9.657,57.084],[9.649,57.079],[9.652,57.072],[9.666,57.074],[9.69,57.068],[9.702,57.063],[9.715,57.064],[9.728,57.064],[9.747,57.067],[9.757,57.071],[9.768,57.08],[9.776,57.094],[9.783,57.099],[9.78,57.105],[9.756,57.115],[9.755,57.122],[9.743,57.132],[9.774,57.132],[9.783,57.13],[9.788,57.125],[9.794,57.125],[9.802,57.131],[9.811,57.134],[9.836,57.135],[9.842,57.143],[9.897,57.137],[9.919,57.148],[9.912,57.156],[9.915,57.165],[9.909,57.17],[9.883,57.181],[9.874,57.188],[9.877,57.193],[9.864,57.204],[9.84,57.211],[9.848,57.215],[9.837,57.217],[9.783,57.228],[9.783,57.227],[9.765,57.23],[9.742,57.237],[9.741,57.238],[9.74,57.238],[9.739,57.238],[9.739,57.239],[9.739,57.24],[9.739,57.241],[9.74,57.242],[9.74,57.243],[9.74,57.244],[9.743,57.246],[9.745,57.246],[9.745,57.247],[9.746,57.248],[9.746,57.249],[9.747,57.249],[9.747,57.25],[9.748,57.25],[9.748,57.251],[9.747,57.251],[9.747,57.25],[9.746,57.25],[9.746,57.251],[9.746,57.252],[9.747,57.252],[9.747,57.253],[9.748,57.253],[9.749,57.253],[9.75,57.254],[9.751,57.254],[9.752,57.254],[9.752,57.255],[9.754,57.256],[9.756,57.257],[9.756,57.258],[9.757,57.258],[9.758,57.259],[9.759,57.259],[9.761,57.26],[9.762,57.26],[9.777,57.267],[9.784,57.274],[9.781,57.283],[9.784,57.29],[9.782,57.296],[9.775,57.3],[9.771,57.307],[9.771,57.308],[9.754,57.324],[9.744,57.329],[9.741,57.334],[9.731,57.341],[9.705,57.353],[9.69,57.356],[9.672,57.338],[9.649,57.317],[9.644,57.311],[9.6,57.273],[9.584,57.261],[9.567,57.246],[9.55,57.234],[9.53,57.22],[9.479,57.198],[9.423,57.173],[9.403,57.165],[9.383,57.159],[9.364,57.156],[9.331,57.155],[9.317,57.154],[9.278,57.145],[9.258,57.143],[9.219,57.141],[9.193,57.138],[9.148,57.139],[9.117,57.141],[9.093,57.145],[9.067,57.151],[9.05,57.155],[9.03,57.159],[9.031,57.152],[9.032,57.151],[9.032,57.15],[9.036,57.133],[9.036,57.132],[9.035,57.131],[9.035,57.13],[9.035,57.124],[9.035,57.123],[9.053,57.097],[9.06,57.09],[9.061,57.05],[9.065,57.051],[9.065,57.052],[9.077,57.054],[9.096,57.032],[9.096,57.031]]]},"properties":{"code":"849","name":"Jammerbugt","region":"Region Nordjylland"}},
{"type":"Feature","geometry":{"type":"MultiPolygon","coordinates":[[[[9.575,56.889],[9.592,56.891],[9.613,56.913],[9.629,56.913],[9.632,56.918],[9.641,56.925],[9.656,56.925],[9.668,56.921],[9.674,56.923],[9.703,56.923],[9.715,56.921],[9.71,56.933],[9.72,56.939],[9.713,56.945],[9.715,56.952],[9.71,56.96],[9.729,56.971],[9.755,56.971],[9.759,56.967],[9.768,56.963],[9.772,56.963],[9.771,56.963],[9.77,56.962],[9.769,56.961],[9.768,56.961],[9.776,56.957],[9.782,56.962],[9.791,56.962],[9.797,56.958],[9.813,56.959],[9.814,56.949],[9.823,56.944],[9.837,56.942],[9.835,56.933],[9.833,56.929],[9.824,56.923],[9.829,56.922],[9.831,56.915],[9.836,56.907],[9.85,56.904],[9.859,56.897],[9.88,56.888],[9.881,56.889],[9.883,56.889],[9.887,56.889],[9.888,56.889],[9.894,56.887],[9.895,56.887],[9.901,56.885],[9.908,56.887],[9.91,56.888],[9.912,56.89],[9.913,56.892],[9.915,56.893],[9.917,56.894],[9.92,56.895],[9.921,56.895],[9.922,56.895],[9.922,56.896],[9.928,56.897],[9.933,56.898],[9.934,56.898],[9.939,56.899],[9.94,56.899],[9.947,56.901],[9.949,56.901],[9.952,56.903],[9.954,56.903],[9.954,56.904],[9.956,56.904],[9.96,56.906],[9.968,56.906],[9.969,56.906],[9.97,56.906],[9.971,56.906],[9.972,56.906],[9.973,56.906],[9.974,56.906],[9.975,56.906],[9.979,56.906],[9.98,56.905],[9.981,56.905],[9.982,56.904],[9.984,56.904],[9.99,56.903],[9.991,56.903],[9.996,56.902],[9.997,56.902],[9.997,56.901],[10.003,56.901],[10.004,56.901],[10.006,56.902],[10.007,56.902],[10.009,56.902],[10.01,56.902],[10.011,56.903],[10.02,56.903],[10.038,56.911],[10.058,56.909],[10.06,56.904],[10.061,56.903],[10.061,56.902],[10.06,56.901],[10.061,56.897],[10.06,56.891],[10.074,56.885],[10.085,56.883],[10.09,56.88],[10.094,56.87],[10.103,56.878],[10.125,56.875],[10.139,56.87],[10.148,56.871],[10.149,56.871],[10.156,56.87],[10.157,56.87],[10.158,56.87],[10.159,56.87],[10.161,56.87],[10.162,56.862],[10.155,56.851],[10.154,56.851],[10.153,56.85],[10.154,56.848],[10.155,56.848],[10.165,56.836],[10.166,56.836],[10.166,56.835],[10.167,56.835],[10.167,56.833],[10.168,56.832],[10.169,56.831],[10.169,56.83],[10.171,56.828],[10.172,56.828],[10.175,56.825],[10.175,56.824],[10.176,56.824],[10.197,56.812],[10.198,56.811],[10.213,56.811],[10.216,56.813],[10.225,56.831],[10.214,56.839],[10.208,56.838],[10.192,56.844],[10.193,56.847],[10.223,56.861],[10.237,56.855],[10.246,56.855],[10.267,56.858],[10.266,56.885],[10.264,56.888],[10.263,56.901],[10.27,56.918],[10.271,56.934],[10.273,56.94],[10.287,56.95],[10.29,56.955],[10.283,56.959],[10.29,56.966],[10.295,56.966],[10.304,56.98],[10.291,56.983],[10.232,56.979],[10.192,56.987],[10.182,56.99],[10.148,57.006],[10.137,57.009],[10.127,57.015],[10.119,57.023],[10.096,57.034],[10.074,57.041],[10.076,57.043],[10.058,57.051],[10.037,57.06],[10.025,57.075],[10.016,57.078],[10.004,57.079],[9.989,57.075],[9.975,57.069],[9.964,57.058],[9.946,57.05],[9.931,57.049],[9.908,57.057],[9.879,57.058],[9.869,57.055],[9.856,57.046],[9.844,57.043],[9.819,57.046],[9.807,57.049],[9.777,57.052],[9.743,57.045],[9.718,57.044],[9.698,57.041],[9.678,57.034],[9.67,57.024],[9.671,57.011],[9.651,56.998],[9.641,56.989],[9.63,56.986],[9.63,56.983],[9.62,56.97],[9.616,56.967],[9.599,56.963],[9.594,56.965],[9.578,56.961],[9.578,56.953],[9.573,56.939],[9.572,56.928],[9.568,56.925],[9.554,56.936],[9.549,56.943],[9.537,56.954],[9.548,56.965],[9.557,56.965],[9.565,56.955],[9.572,56.96],[9.565,56.971],[9.568,56.977],[9.584,56.988],[9.566,56.996],[9.511,57.013],[9.501,57.015],[9.48,57.016],[9.464,57.015],[9.419,57.017],[9.393,57.012],[9.395,56.992],[9.401,56.987],[9.391,56.979],[9.4,56.977],[9.407,56.973],[9.409,56.967],[9.403,56.954],[9.407,56.948],[9.407,56.939],[9.41,56.935],[9.421,56.937],[9.423,56.927],[9.434,56.925],[9.434,56.919],[9.449,56.919],[9.462,56.922],[9.461,56.927],[9.479,56.933],[9.5,56.931],[9.503,56.929],[9.519,56.93],[9.517,56.926],[9.521,56.921],[9.515,56.915],[9.511,56.908],[9.504,56.902],[9.514,56.896],[9.509,56.891],[9.509,56.885],[9.522,56.882],[9.533,56.878],[9.546,56.882],[9.558,56.882],[9.564,56.895],[9.571,56.894],[9.575,56.889]]],[[[9.556,57.013],[9.561,57.003],[9.57,57.004],[9.565,57.012],[9.556,57.013]]],[[[9.843,57.075],[9.815,57.072],[9.813,57.068],[9.821,57.06],[9.839,57.054],[9.857,57.055],[9.875,57.062],[9.862,57.07],[9.86,57.073],[9.843,57.075]]],[[[9.837,57.217],[9.848,57.215],[9.84,57.211],[9.864,57.204],[9.877,57.193],[9.874,57.188],[9.883,57.181],[9.909,57.17],[9.915,57.165],[9.912,57.156],[9.919,57.148],[9.897,57.137],[9.842,57.143],[9.836,57.135],[9.811,57.134],[9.802,57.131],[9.794,57.125],[9.788,57.125],[9.783,57.13],[9.774,57.132],[9.743,57.132],[9.755,57.122],[9.756,57.115],[9.78,57.105],[9.784,57.107],[9.823,57.096],[9.842,57.087],[9.872,57.073],[9.88,57.067],[9.91,57.061],[9.935,57.054],[9.953,57.058],[9.96,57.07],[9.971,57.08],[9.987,57.087],[10.004,57.09],[10.012,57.089],[10.031,57.079],[10.039,57.072],[10.069,57.06],[10.077,57.056],[10.093,57.053],[10.109,57.047],[10.123,57.04],[10.148,57.025],[10.161,57.021],[10.174,57.013],[10.181,57.007],[10.204,56.996],[10.222,56.99],[10.24,56.987],[10.258,56.986],[10.272,56.991],[10.3,56.994],[10.31,56.991],[10.316,56.992],[10.331,56.989],[10.336,56.991],[10.347,57.004],[10.361,57.026],[10.38,57.055],[10.377,57.058],[10.386,57.083],[10.389,57.089],[10.364,57.089],[10.354,57.079],[10.34,57.071],[10.33,57.08],[10.33,57.081],[10.33,57.084],[10.331,57.084],[10.331,57.085],[10.332,57.086],[10.334,57.091],[10.331,57.098],[10.336,57.1],[10.334,57.1],[10.334,57.101],[10.333,57.101],[10.333,57.1],[10.332,57.1],[10.331,57.1],[10.33,57.099],[10.329,57.099],[10.328,57.099],[10.327,57.099],[10.326,57.099],[10.325,57.099],[10.325,57.1],[10.324,57.1],[10.324,57.101],[10.323,57.101],[10.322,57.102],[10.321,57.102],[10.321,57.103],[10.321,57.104],[10.32,57.104],[10.319,57.104],[10.318,57.104],[10.317,57.104],[10.316,57.105],[10.313,57.107],[10.312,57.108],[10.311,57.108],[10.31,57.108],[10.309,57.108],[10.308,57.108],[10.307,57.109],[10.305,57.11],[10.304,57.11],[10.303,57.11],[10.302,57.11],[10.3,57.109],[10.298,57.108],[10.297,57.108],[10.296,57.108],[10.294,57.108],[10.293,57.108],[10.293,57.109],[10.292,57.108],[10.29,57.108],[10.29,57.109],[10.289,57.109],[10.288,57.109],[10.287,57.11],[10.286,57.11],[10.285,57.11],[10.283,57.11],[10.282,57.11],[10.281,57.11],[10.28,57.11],[10.279,57.11],[10.278,57.11],[10.277,57.11],[10.276,57.11],[10.276,57.109],[10.276,57.108],[10.276,57.107],[10.275,57.107],[10.274,57.107],[10.273,57.106],[10.272,57.106],[10.271,57.107],[10.27,57.107],[10.269,57.107],[10.268,57.108],[10.267,57.108],[10.266,57.108],[10.265,57.108],[10.264,57.108],[10.263,57.108],[10.262,57.108],[10.261,57.108],[10.26,57.108],[10.259,57.107],[10.258,57.107],[10.257,57.108],[10.256,57.108],[10.253,57.108],[10.252,57.108],[10.251,57.108],[10.251,57.109],[10.25,57.109],[10.249,57.109],[10.246,57.109],[10.245,57.109],[10.244,57.109],[10.242,57.11],[10.24,57.11],[10.239,57.11],[10.238,57.11],[10.237,57.11],[10.236,57.11],[10.235,57.11],[10.234,57.109],[10.234,57.11],[10.233,57.11],[10.232,57.11],[10.231,57.11],[10.23,57.11],[10.229,57.11],[10.223,57.108],[10.221,57.109],[10.217,57.11],[10.216,57.11],[10.215,57.11],[10.214,57.11],[10.21,57.111],[10.209,57.111],[10.206,57.11],[10.205,57.11],[10.204,57.11],[10.2,57.11],[10.199,57.11],[10.198,57.11],[10.197,57.11],[10.196,57.11],[10.195,57.111],[10.194,57.111],[10.19,57.112],[10.187,57.112],[10.186,57.112],[10.185,57.112],[10.184,57.112],[10.182,57.113],[10.18,57.113],[10.179,57.113],[10.175,57.115],[10.174,57.115],[10.169,57.116],[10.167,57.116],[10.166,57.116],[10.165,57.116],[10.164,57.116],[10.16,57.117],[10.161,57.117],[10.16,57.117],[10.16,57.118],[10.159,57.118],[10.159,57.119],[10.158,57.119],[10.158,57.12],[10.158,57.121],[10.156,57.124],[10.155,57.124],[10.154,57.124],[10.155,57.124],[10.155,57.125],[10.154,57.126],[10.154,57.127],[10.153,57.127],[10.153,57.128],[10.152,57.128],[10.151,57.128],[10.15,57.128],[10.15,57.129],[10.149,57.129],[10.147,57.129],[10.147,57.13],[10.146,57.13],[10.146,57.131],[10.144,57.133],[10.143,57.133],[10.141,57.134],[10.14,57.134],[10.139,57.135],[10.138,57.135],[10.137,57.135],[10.137,57.136],[10.136,57.137],[10.136,57.138],[10.135,57.138],[10.136,57.138],[10.136,57.139],[10.135,57.139],[10.134,57.139],[10.133,57.139],[10.132,57.138],[10.122,57.141],[10.122,57.142],[10.123,57.142],[10.121,57.143],[10.12,57.143],[10.119,57.144],[10.119,57.145],[10.118,57.145],[10.117,57.145],[10.116,57.145],[10.116,57.146],[10.115,57.146],[10.115,57.147],[10.101,57.153],[10.094,57.151],[10.085,57.154],[10.079,57.15],[10.076,57.153],[10.075,57.153],[10.075,57.154],[10.074,57.154],[10.062,57.165],[10.061,57.165],[10.061,57.166],[10.06,57.166],[10.057,57.169],[10.056,57.169],[10.056,57.17],[10.055,57.17],[10.046,57.178],[10.045,57.179],[10.044,57.179],[10.044,57.18],[10.043,57.181],[10.042,57.181],[10.042,57.182],[10.041,57.182],[10.04,57.183],[10.039,57.183],[10.039,57.184],[10.036,57.185],[10.035,57.185],[10.032,57.186],[10.023,57.19],[10.02,57.193],[9.995,57.194],[9.992,57.199],[9.982,57.201],[9.962,57.208],[9.941,57.219],[9.929,57.217],[9.934,57.226],[9.912,57.229],[9.911,57.229],[9.901,57.23],[9.9,57.23],[9.893,57.231],[9.89,57.224],[9.837,57.222],[9.837,57.217]]]]},"properties":{"code":"851","name":"Aalborg","region":"Region Nordjylland"}},
{"type":"Feature","geometry":{"type":"Polygon","coordinates":[[[10.192,57.337],[10.192,57.345],[10.186,57.348],[10.187,57.356],[10.194,57.36],[10.21,57.361],[10.224,57.36],[10.231,57.366],[10.228,57.372],[10.228,57.373],[10.229,57.373],[10.24,57.381],[10.241,57.385],[10.294,57.379],[10.303,57.376],[10.33,57.379],[10.342,57.376],[10.344,57.379],[10.374,57.381],[10.391,57.386],[10.366,57.391],[10.352,57.39],[10.335,57.394],[10.326,57.401],[10.328,57.406],[10.32,57.409],[10.324,57.415],[10.323,57.419],[10.301,57.426],[10.305,57.437],[10.314,57.44],[10.311,57.447],[10.331,57.448],[10.335,57.451],[10.349,57.454],[10.36,57.453],[10.368,57.461],[10.367,57.47],[10.373,57.472],[10.386,57.473],[10.404,57.475],[10.409,57.479],[10.393,57.484],[10.388,57.489],[10.391,57.492],[10.37,57.5],[10.375,57.506],[10.348,57.526],[10.336,57.529],[10.336,57.532],[10.323,57.54],[10.312,57.555],[10.318,57.561],[10.321,57.574],[10.337,57.6],[10.334,57.608],[10.283,57.61],[10.276,57.612],[10.271,57.619],[10.249,57.612],[10.229,57.609],[10.222,57.606],[10.187,57.599],[10.177,57.596],[10.159,57.593],[10.125,57.589],[10.098,57.59],[10.079,57.59],[10.05,57.592],[10.032,57.59],[10.004,57.589],[9.991,57.596],[9.953,57.592],[9.935,57.583],[9.92,57.566],[9.91,57.557],[9.885,57.531],[9.866,57.517],[9.832,57.496],[9.805,57.483],[9.795,57.477],[9.774,57.452],[9.737,57.403],[9.716,57.38],[9.703,57.371],[9.69,57.356],[9.705,57.353],[9.731,57.341],[9.741,57.334],[9.744,57.329],[9.754,57.324],[9.771,57.308],[9.771,57.307],[9.783,57.307],[9.785,57.313],[9.801,57.316],[9.825,57.316],[9.831,57.328],[9.832,57.339],[9.852,57.333],[9.863,57.337],[9.867,57.343],[9.878,57.34],[9.894,57.339],[9.901,57.329],[9.914,57.326],[9.931,57.321],[9.941,57.32],[9.942,57.325],[9.949,57.335],[9.968,57.336],[9.99,57.329],[9.991,57.328],[10.019,57.321],[10.026,57.322],[10.041,57.314],[10.068,57.315],[10.066,57.32],[10.07,57.325],[10.063,57.328],[10.069,57.332],[10.081,57.33],[10.089,57.325],[10.096,57.325],[10.11,57.332],[10.133,57.329],[10.137,57.327],[10.149,57.329],[10.159,57.326],[10.167,57.327],[10.18,57.335],[10.192,57.337]]]},"properties":{"code":"860","name":"Hjørring","region":"Region Nordjylland"}}
]}