{"type":"FeatureCollection", "features": [
{"type":"Feature","geometry":{"type":"MultiPolygon","coordinates":[[[[12.629,55.697],[12.608,55.697],[12.606,55.686],[12.61,55.684],[12.607,55.678],[12.599,55.678],[12.588,55.67],[12.584,55.672],[12.568,55.661],[12.552,55.64],[12.534,55.63],[12.511,55.612],[12.509,55.607],[12.511,55.597],[12.516,55.589],[12.528,55.577],[12.541,55.572],[12.558,55.575],[12.56,55.564],[12.571,55.558],[12.583,55.557],[12.592,55.555],[12.602,55.561],[12.621,55.568],[12.632,55.577],[12.644,55.578],[12.653,55.581],[12.668,55.584],[12.677,55.591],[12.67,55.605],[12.68,55.61],[12.681,55.615],[12.681,55.629],[12.67,55.634],[12.657,55.634],[12.653,55.641],[12.648,55.643],[12.648,55.648],[12.642,55.651],[12.632,55.669],[12.645,55.672],[12.648,55.676],[12.639,55.68],[12.633,55.691],[12.62,55.687],[12.629,55.697]]],[[[12.583,55.722],[12.578,55.722],[12.577,55.729],[12.564,55.732],[12.558,55.723],[12.557,55.723],[12.555,55.723],[12.554,55.723],[12.541,55.724],[12.536,55.727],[12.521,55.728],[12.514,55.72],[12.504,55.72],[12.484,55.725],[12.473,55.719],[12.459,55.717],[12.457,55.714],[12.456,55.714],[12.455,55.714],[12.453,55.712],[12.453,55.71],[12.457,55.704],[12.464,55.7],[12.464,55.699],[12.463,55.697],[12.463,55.696],[12.466,55.693],[12.468,55.682],[12.478,55.665],[12.478,55.663],[12.478,55.662],[12.478,55.661],[12.477,55.659],[12.478,55.657],[12.485,55.653],[12.49,55.647],[12.491,55.646],[12.493,55.646],[12.494,55.646],[12.494,55.645],[12.495,55.645],[12.496,55.644],[12.498,55.643],[12.499,55.643],[12.499,55.642],[12.507,55.636],[12.532,55.638],[12.533,55.632],[12.549,55.642],[12.545,55.647],[12.556,55.65],[12.564,55.659],[12.563,55.663],[12.58,55.672],[12.58,55.678],[12.59,55.677],[12.6,55.691],[12.597,55.701],[12.6,55.712],[12.61,55.71],[12.64,55.722],[12.632,55.725],[12.62,55.723],[12.616,55.721],[12.606,55.724],[12.596,55.719],[12.591,55.713],[12.584,55.717],[12.583,55.722]]],[[[12.769,55.672],[12.755,55.666],[12.747,55.666],[12.739,55.654],[12.736,55.644],[12.738,55.641],[12.735,55.635],[12.744,55.627],[12.743,55.621],[12.761,55.614],[12.762,55.609],[12.766,55.606],[12.782,55.606],[12.792,55.61],[12.786,55.616],[12.789,55.621],[12.784,55.623],[12.781,55.632],[12.784,55.64],[12.78,55.641],[12.779,55.661],[12.769,55.672]]],[[[12.776,55.588],[12.777,55.59],[12.756,55.599],[12.744,55.607],[12.735,55.606],[12.748,55.599],[12.758,55.592],[12.776,55.588]]]]},"properties":{"code":"01","name":"Byen København"}},
{"type":"Feature","geometry":{"type":"Polygon","coordinates":[[[12.583,55.722],[12.589,55.726],[12.581,55.731],[12.584,55.74],[12.59,55.749],[12.6,55.76],[12.597,55.772],[12.592,55.777],[12.595,55.788],[12.59,55.796],[12.587,55.804],[12.582,55.808],[12.569,55.81],[12.559,55.806],[12.551,55.807],[12.547,55.804],[12.528,55.803],[12.521,55.804],[12.511,55.801],[12.479,55.799],[12.472,55.802],[12.453,55.8],[12.43,55.8],[12.416,55.795],[12.415,55.775],[12.417,55.775],[12.417,55.774],[12.421,55.776],[12.422,55.776],[12.426,55.775],[12.427,55.775],[12.439,55.777],[12.439,55.776],[12.417,55.77],[12.417,55.769],[12.417,55.76],[12.417,55.759],[12.416,55.754],[12.416,55.753],[12.406,55.753],[12.395,55.76],[12.388,55.759],[12.383,55.761],[12.381,55.761],[12.378,55.758],[12.365,55.754],[12.364,55.754],[12.36,55.754],[12.359,55.754],[12.358,55.754],[12.347,55.757],[12.346,55.757],[12.338,55.757],[12.334,55.758],[12.315,55.76],[12.314,55.76],[12.313,55.76],[12.311,55.76],[12.311,55.761],[12.31,55.761],[12.304,55.762],[12.3,55.763],[12.292,55.758],[12.275,55.76],[12.267,55.756],[12.269,55.747],[12.288,55.752],[12.307,55.75],[12.314,55.749],[12.316,55.741],[12.331,55.742],[12.334,55.734],[12.326,55.733],[12.322,55.727],[12.323,55.717],[12.328,55.715],[12.342,55.711],[12.342,55.71],[12.342,55.709],[12.342,55.707],[12.341,55.707],[12.341,55.706],[12.335,55.7],[12.334,55.7],[12.33,55.7],[12.324,55.699],[12.323,55.699],[12.317,55.697],[12.317,55.696],[12.316,55.696],[12.315,55.695],[12.313,55.695],[12.312,55.695],[12.311,55.694],[12.295,55.697],[12.269,55.704],[12.253,55.705],[12.251,55.708],[12.23,55.697],[12.221,55.694],[12.212,55.687],[12.185,55.688],[12.182,55.683],[12.169,55.68],[12.169,55.679],[12.169,55.676],[12.168,55.676],[12.167,55.676],[12.164,55.674],[12.164,55.673],[12.151,55.671],[12.151,55.67],[12.157,55.666],[12.158,55.666],[12.157,55.659],[12.163,55.657],[12.158,55.653],[12.157,55.634],[12.167,55.634],[12.164,55.622],[12.16,55.613],[12.179,55.608],[12.21,55.605],[12.215,55.618],[12.23,55.617],[12.235,55.621],[12.243,55.614],[12.257,55.616],[12.271,55.622],[12.279,55.621],[12.288,55.616],[12.294,55.617],[12.315,55.61],[12.329,55.609],[12.355,55.602],[12.363,55.594],[12.391,55.605],[12.398,55.606],[12.405,55.612],[12.433,55.612],[12.448,55.604],[12.48,55.601],[12.484,55.598],[12.492,55.601],[12.497,55.61],[12.502,55.611],[12.494,55.619],[12.502,55.626],[12.507,55.636],[12.499,55.642],[12.499,55.643],[12.498,55.643],[12.496,55.644],[12.495,55.645],[12.494,55.645],[12.494,55.646],[12.493,55.646],[12.491,55.646],[12.49,55.647],[12.485,55.653],[12.478,55.657],[12.477,55.659],[12.478,55.661],[12.478,55.662],[12.478,55.663],[12.478,55.665],[12.468,55.682],[12.466,55.693],[12.463,55.696],[12.463,55.697],[12.464,55.699],[12.464,55.7],[12.457,55.704],[12.453,55.71],[12.453,55.712],[12.455,55.714],[12.456,55.714],[12.457,55.714],[12.459,55.717],[12.473,55.719],[12.484,55.725],[12.504,55.72],[12.514,55.72],[12.521,55.728],[12.536,55.727],[12.541,55.724],[12.554,55.723],[12.555,55.723],[12.557,55.723],[12.558,55.723],[12.564,55.732],[12.577,55.729],[12.578,55.722],[12.583,55.722]]]},"properties":{"code":"02","name":"Københavns omegn"}},
{"type":"Feature","geometry":{"type":"MultiPolygon","coordinates":[[[[12.582,55.808],[12.578,55.811],[12.574,55.834],[12.575,55.843],[12.56,55.866],[12.548,55.878],[12.536,55.897],[12.517,55.92],[12.518,55.925],[12.523,55.929],[12.527,55.942],[12.542,55.964],[12.545,55.973],[12.554,55.985],[12.566,55.997],[12.58,56.005],[12.595,56.011],[12.609,56.029],[12.616,56.032],[12.623,56.04],[12.614,56.041],[12.57,56.063],[12.56,56.07],[12.539,56.08],[12.498,56.091],[12.456,56.095],[12.445,56.093],[12.424,56.094],[12.409,56.1],[12.386,56.101],[12.371,56.107],[12.355,56.118],[12.349,56.12],[12.328,56.122],[12.314,56.125],[12.309,56.129],[12.298,56.128],[12.287,56.129],[12.275,56.128],[12.247,56.122],[12.241,56.122],[12.21,56.114],[12.196,56.113],[12.183,56.109],[12.132,56.087],[12.115,56.08],[12.1,56.073],[12.072,56.062],[12.062,56.059],[12.019,56.036],[11.999,56.027],[11.972,56.017],[11.963,56.015],[11.925,56.002],[11.917,55.997],[11.89,55.987],[11.874,55.983],[11.855,55.977],[11.844,55.967],[11.851,55.955],[11.855,55.945],[11.865,55.942],[11.87,55.945],[11.891,55.942],[11.906,55.946],[11.926,55.949],[11.94,55.952],[11.949,55.958],[11.956,55.959],[11.976,55.967],[11.987,55.965],[11.997,55.968],[12.004,55.961],[12.021,55.956],[12.023,55.946],[12.039,55.931],[12.046,55.919],[12.048,55.913],[12.046,55.9],[12.055,55.886],[12.066,55.877],[12.064,55.868],[12.065,55.861],[12.059,55.858],[12.049,55.859],[12.045,55.856],[12.043,55.844],[12.051,55.841],[12.063,55.828],[12.063,55.823],[12.069,55.812],[12.068,55.809],[12.08,55.799],[12.074,55.786],[12.09,55.781],[12.093,55.779],[12.097,55.778],[12.099,55.777],[12.102,55.776],[12.103,55.776],[12.106,55.776],[12.108,55.775],[12.109,55.775],[12.113,55.768],[12.139,55.757],[12.149,55.756],[12.158,55.748],[12.167,55.747],[12.175,55.749],[12.193,55.746],[12.197,55.75],[12.206,55.751],[12.218,55.748],[12.227,55.74],[12.218,55.734],[12.209,55.731],[12.22,55.725],[12.229,55.717],[12.242,55.715],[12.251,55.708],[12.253,55.705],[12.269,55.704],[12.295,55.697],[12.311,55.694],[12.312,55.695],[12.313,55.695],[12.315,55.695],[12.316,55.696],[12.317,55.696],[12.317,55.697],[12.323,55.699],[12.324,55.699],[12.33,55.7],[12.334,55.7],[12.335,55.7],[12.341,55.706],[12.341,55.707],[12.342,55.707],[12.342,55.709],[12.342,55.71],[12.342,55.711],[12.328,55.715],[12.323,55.717],[12.322,55.727],[12.326,55.733],[12.334,55.734],[12.331,55.742],[12.316,55.741],[12.314,55.749],[12.307,55.75],[12.288,55.752],[12.269,55.747],[12.267,55.756],[12.275,55.76],[12.292,55.758],[12.3,55.763],[12.304,55.762],[12.31,55.761],[12.311,55.761],[12.311,55.76],[12.313,55.76],[12.314,55.76],[12.315,55.76],[12.334,55.758],[12.338,55.757],[12.346,55.757],[12.347,55.757],[12.358,55.754],[12.359,55.754],[12.36,55.754],[12.364,55.754],[12.365,55.754],[12.378,55.758],[12.381,55.761],[12.383,55.761],[12.388,55.759],[12.395,55.76],[12.406,55.753],[12.416,55.753],[12.416,55.754],[12.417,55.759],[12.417,55.76],[12.417,55.769],[12.417,55.77],[12.439,55.776],[12.439,55.777],[12.427,55.775],[12.426,55.775],[12.422,55.776],[12.421,55.776],[12.417,55.774],[12.417,55.775],[12.415,55.775],[12.416,55.795],[12.43,55.8],[12.453,55.8],[12.472,55.802],[12.479,55.799],[12.511,55.801],[12.521,55.804],[12.528,55.803],[12.547,55.804],[12.551,55.807],[12.559,55.806],[12.569,55.81],[12.582,55.808]]],[[[12.078,55.744],[12.071,55.735],[12.073,55.727],[12.085,55.727],[12.09,55.73],[12.086,55.739],[12.078,55.744]]],[[[11.981,55.73],[11.986,55.736],[12.008,55.734],[12.009,55.725],[12.017,55.72],[12.028,55.728],[12.033,55.728],[12.047,55.733],[12.064,55.731],[12.065,55.738],[12.062,55.74],[12.063,55.748],[12.055,55.757],[12.067,55.767],[12.06,55.772],[12.052,55.783],[12.057,55.796],[12.049,55.799],[12.042,55.798],[12.04,55.805],[12.052,55.811],[12.043,55.812],[12.036,55.82],[12.036,55.838],[12.03,55.851],[11.999,55.86],[11.998,55.864],[12.002,55.873],[11.999,55.877],[12.002,55.882],[12.009,55.889],[12.022,55.896],[12.026,55.9],[12.024,55.907],[12.011,55.911],[12.005,55.915],[11.994,55.913],[11.984,55.914],[11.976,55.918],[11.971,55.925],[11.964,55.93],[11.95,55.932],[11.906,55.936],[11.902,55.918],[11.92,55.904],[11.924,55.896],[11.931,55.892],[11.929,55.881],[11.936,55.872],[11.945,55.871],[11.955,55.86],[11.96,55.852],[11.959,55.846],[11.951,55.836],[11.944,55.823],[11.935,55.821],[11.934,55.818],[11.921,55.817],[11.913,55.82],[11.894,55.816],[11.878,55.814],[11.881,55.805],[11.879,55.801],[11.864,55.796],[11.862,55.778],[11.857,55.773],[11.859,55.764],[11.853,55.755],[11.857,55.751],[11.855,55.741],[11.86,55.736],[11.866,55.738],[11.876,55.738],[11.877,55.738],[11.878,55.738],[11.878,55.737],[11.879,55.737],[11.88,55.737],[11.881,55.737],[11.882,55.736],[11.882,55.737],[11.883,55.737],[11.884,55.737],[11.885,55.737],[11.886,55.737],[11.887,55.737],[11.888,55.737],[11.891,55.736],[11.892,55.736],[11.892,55.735],[11.893,55.735],[11.897,55.733],[11.898,55.732],[11.899,55.732],[11.906,55.732],[11.907,55.732],[11.909,55.733],[11.91,55.733],[11.911,55.733],[11.912,55.734],[11.914,55.736],[11.918,55.737],[11.919,55.737],[11.92,55.737],[11.921,55.737],[11.922,55.738],[11.923,55.74],[11.922,55.741],[11.921,55.741],[11.92,55.742],[11.922,55.744],[11.93,55.745],[11.931,55.745],[11.932,55.745],[11.936,55.745],[11.936,55.744],[11.937,55.744],[11.948,55.742],[11.948,55.741],[11.947,55.74],[11.95,55.738],[11.952,55.738],[11.952,55.737],[11.953,55.737],[11.954,55.736],[11.958,55.734],[11.959,55.735],[11.96,55.734],[11.961,55.734],[11.968,55.732],[11.969,55.732],[11.97,55.731],[11.971,55.731],[11.972,55.731],[11.973,55.731],[11.974,55.731],[11.977,55.73],[11.979,55.73],[11.981,55.73]]],[[[11.699,56.2],[11.698,56.195],[11.704,56.193],[11.715,56.193],[11.715,56.198],[11.699,56.2]]]]},"properties":{"code":"03","name":"Nordsjælland"}},
{"type":"Feature","geometry":{"type":"Polygon","coordinates":[[[14.773,55.299],[14.764,55.296],[14.76,55.291],[14.751,55.287],[14.757,55.278],[14.752,55.273],[14.753,55.269],[14.74,55.252],[14.723,55.238],[14.711,55.222],[14.706,55.212],[14.706,55.206],[14.701,55.196],[14.704,55.187],[14.7,55.182],[14.705,55.174],[14.706,55.165],[14.704,55.161],[14.708,55.135],[14.707,55.13],[14.699,55.122],[14.703,55.114],[14.699,55.106],[14.694,55.103],[14.698,55.096],[14.691,55.09],[14.701,55.088],[14.711,55.081],[14.722,55.08],[14.728,55.077],[14.738,55.067],[14.765,55.058],[14.777,55.052],[14.794,55.054],[14.81,55.05],[14.815,55.047],[14.832,55.041],[14.841,55.043],[14.863,55.038],[14.887,55.031],[14.902,55.023],[14.913,55.021],[14.925,55.014],[14.931,55.016],[14.964,55.004],[14.971,55.004],[14.984,55],[14.992,55],[15.023,54.995],[15.045,54.994],[15.077,54.987],[15.089,54.993],[15.109,55.01],[15.12,55.014],[15.117,55.02],[15.122,55.026],[15.112,55.033],[15.109,55.039],[15.125,55.048],[15.124,55.052],[15.136,55.058],[15.135,55.062],[15.138,55.068],[15.156,55.08],[15.156,55.092],[15.149,55.097],[15.145,55.108],[15.147,55.12],[15.156,55.124],[15.154,55.133],[15.146,55.134],[15.145,55.141],[15.138,55.144],[15.117,55.144],[15.107,55.148],[15.089,55.151],[15.066,55.16],[15.062,55.16],[15.053,55.166],[15.039,55.173],[15.028,55.175],[15.005,55.187],[14.989,55.194],[14.988,55.198],[14.976,55.212],[14.969,55.215],[14.961,55.214],[14.945,55.209],[14.936,55.212],[14.928,55.217],[14.884,55.229],[14.875,55.237],[14.866,55.241],[14.852,55.243],[14.842,55.247],[14.825,55.253],[14.816,55.26],[14.814,55.268],[14.797,55.281],[14.796,55.284],[14.777,55.291],[14.779,55.295],[14.773,55.299]]]},"properties":{"code":"04","name":"Bornholm"}},
{"type":"Feature","geometry":{"type":"Polygon","coordinates":[[[12.251,55.708],[12.242,55.715],[12.229,55.717],[12.22,55.725],[12.209,55.731],[12.218,55.734],[12.227,55.74],[12.218,55.748],[12.206,55.751],[12.197,55.75],[12.193,55.746],[12.175,55.749],[12.167,55.747],[12.158,55.748],[12.149,55.756],[12.139,55.757],[12.113,55.768],[12.109,55.775],[12.108,55.775],[12.106,55.776],[12.103,55.776],[12.102,55.776],[12.099,55.777],[12.097,55.778],[12.093,55.779],[12.09,55.781],[12.086,55.765],[12.101,55.756],[12.101,55.75],[12.097,55.744],[12.102,55.737],[12.12,55.729],[12.111,55.726],[12.109,55.721],[12.101,55.719],[12.102,55.711],[12.111,55.711],[12.109,55.703],[12.096,55.697],[12.095,55.687],[12.086,55.69],[12.076,55.688],[12.07,55.677],[12.084,55.67],[12.091,55.669],[12.085,55.653],[12.08,55.65],[12.07,55.655],[12.058,55.657],[12.056,55.663],[12.062,55.667],[12.051,55.674],[12.036,55.672],[12.03,55.668],[12.012,55.674],[12.007,55.685],[11.997,55.685],[11.999,55.69],[12.014,55.687],[12.024,55.681],[12.039,55.682],[12.051,55.678],[12.053,55.681],[12.041,55.685],[12.044,55.69],[12.032,55.695],[12.019,55.693],[12.014,55.697],[12.001,55.693],[12.003,55.7],[11.994,55.703],[11.992,55.698],[11.983,55.695],[11.993,55.688],[11.991,55.683],[11.996,55.678],[11.977,55.677],[11.967,55.676],[11.952,55.675],[11.95,55.663],[11.942,55.661],[11.938,55.651],[11.928,55.652],[11.93,55.663],[11.937,55.666],[11.943,55.68],[11.963,55.695],[11.975,55.713],[11.98,55.717],[11.981,55.73],[11.979,55.73],[11.977,55.73],[11.974,55.731],[11.973,55.731],[11.972,55.731],[11.971,55.731],[11.97,55.731],[11.969,55.732],[11.968,55.732],[11.961,55.734],[11.96,55.734],[11.959,55.735],[11.958,55.734],[11.954,55.736],[11.953,55.737],[11.952,55.737],[11.952,55.738],[11.95,55.738],[11.947,55.74],[11.948,55.741],[11.948,55.742],[11.937,55.744],[11.936,55.744],[11.936,55.745],[11.932,55.745],[11.931,55.745],[11.93,55.745],[11.922,55.744],[11.92,55.742],[11.921,55.741],[11.922,55.741],[11.923,55.74],[11.922,55.738],[11.921,55.737],[11.92,55.737],[11.919,55.737],[11.918,55.737],[11.914,55.736],[11.912,55.734],[11.911,55.733],[11.91,55.733],[11.909,55.733],[11.907,55.732],[11.906,55.732],[11.899,55.732],[11.898,55.732],[11.897,55.733],[11.893,55.735],[11.892,55.735],[11.892,55.736],[11.891,55.736],[11.888,55.737],[11.887,55.737],[11.886,55.737],[11.885,55.737],[11.884,55.737],[11.883,55.737],[11.882,55.737],[11.882,55.736],[11.881,55.737],[11.88,55.737],[11.879,55.737],[11.878,55.737],[11.878,55.738],[11.877,55.738],[11.876,55.738],[11.872,55.734],[11.857,55.731],[11.848,55.717],[11.841,55.708],[11.837,55.697],[11.839,55.688],[11.837,55.684],[11.829,55.683],[11.818,55.678],[11.812,55.666],[11.805,55.661],[11.787,55.663],[11.779,55.658],[11.779,55.649],[11.793,55.644],[11.797,55.641],[11.802,55.62],[11.809,55.616],[11.809,55.611],[11.823,55.6],[11.821,55.591],[11.847,55.585],[11.853,55.582],[11.852,55.571],[11.858,55.569],[11.847,55.565],[11.847,55.558],[11.86,55.558],[11.863,55.554],[11.864,55.554],[11.865,55.555],[11.866,55.555],[11.866,55.554],[11.867,55.551],[11.868,55.55],[11.868,55.549],[11.869,55.549],[11.869,55.547],[11.87,55.546],[11.873,55.545],[11.874,55.545],[11.875,55.545],[11.876,55.545],[11.877,55.545],[11.878,55.545],[11.882,55.544],[11.883,55.544],[11.883,55.545],[11.884,55.545],[11.884,55.546],[11.886,55.546],[11.888,55.546],[11.889,55.546],[11.89,55.546],[11.891,55.545],[11.891,55.544],[11.892,55.544],[11.893,55.544],[11.901,55.544],[11.902,55.543],[11.903,55.543],[11.905,55.541],[11.909,55.538],[11.909,55.537],[11.91,55.537],[11.909,55.537],[11.91,55.537],[11.91,55.536],[11.911,55.534],[11.912,55.532],[11.913,55.531],[11.914,55.531],[11.913,55.53],[11.914,55.53],[11.914,55.522],[11.911,55.514],[11.914,55.512],[11.922,55.512],[11.916,55.497],[11.923,55.494],[11.929,55.477],[11.938,55.471],[11.941,55.461],[11.944,55.46],[11.942,55.459],[11.942,55.458],[11.941,55.458],[11.94,55.457],[11.939,55.456],[11.939,55.455],[11.938,55.455],[11.934,55.447],[11.935,55.441],[11.934,55.441],[11.933,55.441],[11.932,55.441],[11.932,55.44],[11.933,55.44],[11.933,55.439],[11.935,55.438],[11.935,55.437],[11.936,55.437],[11.936,55.436],[11.935,55.435],[11.936,55.435],[11.935,55.435],[11.935,55.434],[11.935,55.433],[11.936,55.432],[11.938,55.432],[11.941,55.43],[11.944,55.43],[11.947,55.427],[11.955,55.425],[11.956,55.425],[11.956,55.424],[11.957,55.424],[11.958,55.424],[11.957,55.423],[11.956,55.421],[11.956,55.42],[11.957,55.42],[11.957,55.419],[11.958,55.419],[11.958,55.415],[11.958,55.414],[11.958,55.413],[11.959,55.413],[11.958,55.413],[11.959,55.413],[11.959,55.412],[11.958,55.412],[11.959,55.412],[11.957,55.411],[11.956,55.411],[11.955,55.41],[11.954,55.41],[11.954,55.409],[11.955,55.409],[11.956,55.406],[11.957,55.405],[11.958,55.405],[11.959,55.404],[11.96,55.403],[11.961,55.403],[11.962,55.402],[11.963,55.402],[11.973,55.405],[12.003,55.402],[12.011,55.399],[12.018,55.401],[12.024,55.396],[12.039,55.393],[12.043,55.394],[12.044,55.394],[12.047,55.394],[12.049,55.393],[12.052,55.391],[12.057,55.387],[12.058,55.387],[12.059,55.387],[12.06,55.387],[12.061,55.387],[12.062,55.386],[12.065,55.386],[12.066,55.385],[12.066,55.384],[12.062,55.382],[12.061,55.377],[12.065,55.376],[12.065,55.375],[12.068,55.375],[12.074,55.374],[12.08,55.368],[12.099,55.373],[12.105,55.376],[12.121,55.37],[12.131,55.369],[12.138,55.371],[12.14,55.372],[12.14,55.373],[12.14,55.375],[12.141,55.375],[12.139,55.376],[12.139,55.377],[12.14,55.377],[12.141,55.378],[12.145,55.377],[12.147,55.377],[12.154,55.38],[12.155,55.381],[12.166,55.376],[12.166,55.375],[12.167,55.375],[12.171,55.374],[12.172,55.374],[12.172,55.375],[12.174,55.376],[12.175,55.377],[12.176,55.377],[12.177,55.377],[12.178,55.377],[12.18,55.377],[12.181,55.378],[12.189,55.38],[12.188,55.38],[12.191,55.382],[12.193,55.385],[12.192,55.386],[12.19,55.387],[12.19,55.388],[12.187,55.393],[12.188,55.394],[12.188,55.395],[12.194,55.406],[12.202,55.41],[12.214,55.41],[12.216,55.416],[12.231,55.416],[12.228,55.421],[12.222,55.422],[12.216,55.427],[12.201,55.442],[12.195,55.456],[12.212,55.458],[12.204,55.469],[12.197,55.47],[12.198,55.475],[12.204,55.49],[12.202,55.495],[12.204,55.507],[12.22,55.517],[12.228,55.53],[12.245,55.546],[12.264,55.559],[12.285,55.566],[12.288,55.57],[12.301,55.576],[12.34,55.589],[12.363,55.594],[12.355,55.602],[12.329,55.609],[12.315,55.61],[12.294,55.617],[12.288,55.616],[12.279,55.621],[12.271,55.622],[12.257,55.616],[12.243,55.614],[12.235,55.621],[12.23,55.617],[12.215,55.618],[12.21,55.605],[12.179,55.608],[12.16,55.613],[12.164,55.622],[12.167,55.634],[12.157,55.634],[12.158,55.653],[12.163,55.657],[12.157,55.659],[12.158,55.666],[12.157,55.666],[12.151,55.67],[12.151,55.671],[12.164,55.673],[12.164,55.674],[12.167,55.676],[12.168,55.676],[12.169,55.676],[12.169,55.679],[12.169,55.68],[12.182,55.683],[12.185,55.688],[12.212,55.687],[12.221,55.694],[12.23,55.697],[12.251,55.708]]]},"properties":{"code":"05","name":"Østsjælland"}},
{"type":"Feature","geometry":{"type":"MultiPolygon","coordinates":[[[[11.779,55.658],[11.77,55.661],[11.781,55.67],[11.79,55.671],[11.789,55.681],[11.801,55.681],[11.807,55.687],[11.807,55.693],[11.791,55.702],[11.793,55.713],[11.784,55.724],[11.775,55.727],[11.77,55.721],[11.749,55.723],[11.733,55.72],[11.711,55.721],[11.703,55.719],[11.683,55.718],[11.667,55.716],[11.663,55.719],[11.655,55.721],[11.657,55.725],[11.652,55.731],[11.662,55.734],[11.671,55.733],[11.686,55.736],[11.706,55.735],[11.72,55.736],[11.733,55.74],[11.745,55.739],[11.77,55.745],[11.77,55.751],[11.748,55.757],[11.741,55.766],[11.747,55.77],[11.753,55.763],[11.761,55.766],[11.75,55.774],[11.744,55.79],[11.728,55.796],[11.722,55.792],[11.702,55.79],[11.696,55.786],[11.685,55.785],[11.677,55.778],[11.654,55.773],[11.64,55.773],[11.631,55.772],[11.613,55.779],[11.609,55.782],[11.617,55.787],[11.627,55.788],[11.644,55.794],[11.649,55.803],[11.649,55.809],[11.663,55.818],[11.678,55.817],[11.694,55.812],[11.711,55.811],[11.715,55.806],[11.729,55.817],[11.735,55.824],[11.732,55.835],[11.726,55.843],[11.714,55.851],[11.708,55.86],[11.69,55.875],[11.67,55.88],[11.666,55.888],[11.666,55.895],[11.67,55.902],[11.67,55.91],[11.673,55.915],[11.681,55.915],[11.689,55.912],[11.697,55.915],[11.709,55.912],[11.711,55.904],[11.734,55.899],[11.753,55.906],[11.752,55.915],[11.749,55.924],[11.755,55.941],[11.766,55.945],[11.779,55.953],[11.791,55.952],[11.791,55.957],[11.777,55.977],[11.753,55.97],[11.739,55.965],[11.723,55.955],[11.704,55.949],[11.69,55.946],[11.675,55.945],[11.658,55.941],[11.646,55.939],[11.63,55.939],[11.623,55.942],[11.609,55.946],[11.597,55.955],[11.592,55.962],[11.583,55.961],[11.562,55.956],[11.537,55.952],[11.515,55.952],[11.497,55.956],[11.484,55.96],[11.471,55.96],[11.419,55.962],[11.399,55.966],[11.379,55.968],[11.349,55.979],[11.316,55.985],[11.297,55.993],[11.287,56.001],[11.286,55.991],[11.291,55.98],[11.297,55.975],[11.309,55.975],[11.324,55.97],[11.332,55.97],[11.344,55.967],[11.358,55.96],[11.376,55.953],[11.409,55.952],[11.429,55.949],[11.449,55.95],[11.464,55.949],[11.481,55.943],[11.495,55.94],[11.508,55.933],[11.517,55.932],[11.523,55.927],[11.526,55.913],[11.523,55.899],[11.529,55.895],[11.531,55.886],[11.524,55.883],[11.517,55.868],[11.507,55.857],[11.495,55.848],[11.48,55.846],[11.47,55.849],[11.465,55.847],[11.451,55.848],[11.427,55.841],[11.407,55.833],[11.388,55.831],[11.376,55.837],[11.374,55.831],[11.377,55.82],[11.376,55.814],[11.378,55.795],[11.383,55.788],[11.371,55.768],[11.362,55.765],[11.348,55.757],[11.327,55.753],[11.312,55.754],[11.305,55.75],[11.307,55.747],[11.291,55.745],[11.285,55.739],[11.27,55.731],[11.255,55.73],[11.236,55.74],[11.231,55.741],[11.223,55.748],[11.217,55.747],[11.218,55.736],[11.212,55.732],[11.197,55.732],[11.187,55.738],[11.187,55.742],[11.176,55.755],[11.161,55.751],[11.153,55.751],[11.144,55.753],[11.127,55.752],[11.106,55.742],[11.081,55.735],[11.044,55.732],[11.027,55.736],[11.018,55.737],[11.008,55.742],[10.986,55.747],[10.956,55.75],[10.93,55.75],[10.92,55.749],[10.898,55.744],[10.877,55.743],[10.885,55.735],[10.909,55.729],[10.928,55.727],[10.934,55.728],[10.953,55.728],[10.968,55.73],[10.984,55.727],[10.995,55.724],[11.004,55.713],[11.015,55.704],[11.024,55.698],[11.038,55.693],[11.045,55.688],[11.06,55.683],[11.068,55.678],[11.075,55.681],[11.083,55.677],[11.093,55.677],[11.09,55.67],[11.097,55.667],[11.087,55.661],[11.084,55.665],[11.067,55.661],[11.036,55.665],[11.027,55.665],[10.999,55.669],[10.987,55.667],[10.964,55.668],[10.957,55.672],[10.941,55.674],[10.932,55.67],[10.934,55.663],[10.943,55.659],[10.965,55.658],[10.974,55.657],[10.996,55.656],[11.012,55.654],[11.04,55.649],[11.048,55.645],[11.072,55.638],[11.111,55.624],[11.126,55.616],[11.138,55.603],[11.15,55.586],[11.153,55.576],[11.156,55.571],[11.158,55.559],[11.151,55.545],[11.144,55.538],[11.13,55.535],[11.115,55.537],[11.105,55.534],[11.096,55.536],[11.088,55.534],[11.081,55.516],[11.097,55.511],[11.114,55.513],[11.121,55.522],[11.115,55.528],[11.122,55.533],[11.127,55.526],[11.135,55.524],[11.141,55.516],[11.15,55.509],[11.163,55.505],[11.173,55.498],[11.178,55.488],[11.178,55.476],[11.192,55.46],[11.2,55.455],[11.203,55.449],[11.204,55.44],[11.195,55.419],[11.205,55.409],[11.213,55.403],[11.215,55.397],[11.213,55.391],[11.202,55.383],[11.175,55.379],[11.167,55.374],[11.152,55.368],[11.121,55.365],[11.113,55.37],[11.094,55.352],[11.095,55.348],[11.109,55.348],[11.117,55.341],[11.124,55.337],[11.149,55.335],[11.163,55.338],[11.157,55.342],[11.161,55.346],[11.157,55.351],[11.164,55.354],[11.181,55.354],[11.197,55.346],[11.205,55.345],[11.205,55.336],[11.189,55.331],[11.188,55.327],[11.178,55.325],[11.17,55.329],[11.16,55.327],[11.153,55.33],[11.131,55.33],[11.13,55.326],[11.15,55.321],[11.174,55.306],[11.181,55.306],[11.203,55.299],[11.211,55.294],[11.226,55.291],[11.235,55.286],[11.237,55.274],[11.245,55.262],[11.243,55.254],[11.239,55.25],[11.258,55.247],[11.265,55.239],[11.271,55.245],[11.285,55.253],[11.284,55.257],[11.287,55.274],[11.298,55.28],[11.306,55.275],[11.306,55.266],[11.3,55.258],[11.292,55.255],[11.289,55.248],[11.284,55.245],[11.281,55.236],[11.247,55.241],[11.239,55.246],[11.235,55.24],[11.251,55.223],[11.238,55.22],[11.238,55.217],[11.248,55.21],[11.244,55.208],[11.258,55.201],[11.282,55.2],[11.295,55.193],[11.31,55.195],[11.313,55.203],[11.318,55.21],[11.33,55.209],[11.336,55.201],[11.342,55.206],[11.354,55.209],[11.362,55.2],[11.369,55.198],[11.379,55.199],[11.386,55.205],[11.395,55.206],[11.413,55.206],[11.416,55.203],[11.416,55.192],[11.407,55.194],[11.4,55.192],[11.396,55.196],[11.387,55.189],[11.402,55.191],[11.434,55.186],[11.459,55.188],[11.454,55.197],[11.448,55.198],[11.449,55.203],[11.438,55.206],[11.417,55.203],[11.426,55.214],[11.433,55.219],[11.448,55.214],[11.456,55.217],[11.469,55.209],[11.489,55.205],[11.493,55.198],[11.505,55.2],[11.53,55.196],[11.55,55.19],[11.572,55.191],[11.58,55.188],[11.597,55.19],[11.619,55.182],[11.626,55.183],[11.638,55.177],[11.649,55.178],[11.656,55.181],[11.655,55.187],[11.686,55.207],[11.693,55.209],[11.717,55.207],[11.731,55.201],[11.736,55.197],[11.733,55.192],[11.723,55.182],[11.739,55.183],[11.742,55.179],[11.724,55.174],[11.715,55.169],[11.713,55.159],[11.725,55.153],[11.736,55.153],[11.739,55.155],[11.752,55.154],[11.772,55.157],[11.772,55.149],[11.782,55.146],[11.788,55.153],[11.795,55.154],[11.802,55.15],[11.811,55.149],[11.818,55.136],[11.817,55.131],[11.806,55.129],[11.794,55.132],[11.779,55.133],[11.767,55.128],[11.765,55.121],[11.759,55.119],[11.749,55.121],[11.729,55.122],[11.719,55.124],[11.72,55.113],[11.73,55.106],[11.741,55.094],[11.758,55.091],[11.751,55.083],[11.761,55.077],[11.77,55.08],[11.769,55.085],[11.787,55.079],[11.799,55.077],[11.809,55.072],[11.812,55.065],[11.831,55.052],[11.832,55.045],[11.827,55.042],[11.816,55.043],[11.799,55.05],[11.772,55.057],[11.765,55.06],[11.747,55.064],[11.737,55.064],[11.708,55.068],[11.686,55.073],[11.678,55.073],[11.633,55.083],[11.636,55.078],[11.648,55.078],[11.658,55.074],[11.672,55.074],[11.702,55.063],[11.72,55.059],[11.73,55.055],[11.767,55.05],[11.777,55.047],[11.816,55.035],[11.829,55.024],[11.849,55.017],[11.866,55.007],[11.885,55.002],[11.896,54.995],[11.906,54.993],[11.915,54.996],[11.925,55.001],[11.954,54.996],[11.961,54.986],[11.978,54.977],[11.997,54.969],[12.025,54.963],[12.05,54.963],[12.076,54.97],[12.089,54.976],[12.094,54.981],[12.104,54.984],[12.109,54.99],[12.121,54.995],[12.131,54.993],[12.147,54.996],[12.169,54.997],[12.171,55.004],[12.155,55.021],[12.152,55.026],[12.143,55.033],[12.14,55.042],[12.141,55.048],[12.128,55.048],[12.131,55.056],[12.122,55.063],[12.123,55.07],[12.126,55.074],[12.12,55.078],[12.136,55.083],[12.142,55.079],[12.149,55.079],[12.153,55.076],[12.169,55.086],[12.172,55.091],[12.17,55.097],[12.175,55.105],[12.181,55.105],[12.184,55.112],[12.171,55.119],[12.167,55.124],[12.155,55.127],[12.128,55.132],[12.127,55.127],[12.114,55.124],[12.086,55.123],[12.09,55.127],[12.086,55.13],[12.068,55.13],[12.063,55.128],[12.061,55.122],[12.054,55.121],[12.046,55.126],[12.035,55.123],[12.034,55.127],[12.04,55.134],[12.036,55.141],[12.03,55.144],[12.017,55.144],[12.011,55.149],[12.016,55.152],[12.023,55.162],[12.03,55.167],[12.061,55.175],[12.084,55.176],[12.092,55.177],[12.095,55.172],[12.084,55.163],[12.084,55.153],[12.078,55.137],[12.086,55.134],[12.098,55.134],[12.11,55.139],[12.112,55.144],[12.106,55.16],[12.107,55.173],[12.111,55.18],[12.118,55.185],[12.136,55.192],[12.151,55.208],[12.158,55.213],[12.171,55.215],[12.187,55.223],[12.204,55.225],[12.217,55.228],[12.232,55.235],[12.259,55.241],[12.276,55.242],[12.298,55.238],[12.342,55.238],[12.349,55.236],[12.358,55.238],[12.362,55.249],[12.368,55.253],[12.378,55.253],[12.386,55.255],[12.395,55.254],[12.399,55.257],[12.414,55.26],[12.421,55.267],[12.426,55.267],[12.433,55.274],[12.442,55.276],[12.451,55.283],[12.455,55.289],[12.455,55.294],[12.447,55.3],[12.445,55.315],[12.451,55.326],[12.455,55.33],[12.447,55.336],[12.448,55.343],[12.445,55.348],[12.432,55.358],[12.425,55.36],[12.412,55.369],[12.402,55.375],[12.377,55.391],[12.364,55.398],[12.36,55.396],[12.336,55.4],[12.303,55.401],[12.256,55.416],[12.242,55.418],[12.216,55.427],[12.222,55.422],[12.228,55.421],[12.231,55.416],[12.216,55.416],[12.214,55.41],[12.202,55.41],[12.194,55.406],[12.188,55.395],[12.188,55.394],[12.187,55.393],[12.19,55.388],[12.19,55.387],[12.192,55.386],[12.193,55.385],[12.191,55.382],[12.188,55.38],[12.189,55.38],[12.181,55.378],[12.18,55.377],[12.178,55.377],[12.177,55.377],[12.176,55.377],[12.175,55.377],[12.174,55.376],[12.172,55.375],[12.172,55.374],[12.171,55.374],[12.167,55.375],[12.166,55.375],[12.166,55.376],[12.155,55.381],[12.154,55.38],[12.147,55.377],[12.145,55.377],[12.141,55.378],[12.14,55.377],[12.139,55.377],[12.139,55.376],[12.141,55.375],[12.14,55.375],[12.14,55.373],[12.14,55.372],[12.138,55.371],[12.131,55.369],[12.121,55.37],[12.105,55.376],[12.099,55.373],[12.08,55.368],[12.074,55.374],[12.068,55.375],[12.065,55.375],[12.065,55.376],[12.061,55.377],[12.062,55.382],[12.066,55.384],[12.066,55.385],[12.065,55.386],[12.062,55.386],[12.061,55.387],[12.06,55.387],[12.059,55.387],[12.058,55.387],[12.057,55.387],[12.052,55.391],[12.049,55.393],[12.047,55.394],[12.044,55.394],[12.043,55.394],[12.039,55.393],[12.024,55.396],[12.018,55.401],[12.011,55.399],[12.003,55.402],[11.973,55.405],[11.963,55.402],[11.962,55.402],[11.961,55.403],[11.96,55.403],[11.959,55.404],[11.958,55.405],[11.957,55.405],[11.956,55.406],[11.955,55.409],[11.954,55.409],[11.954,55.41],[11.955,55.41],[11.956,55.411],[11.957,55.411],[11.959,55.412],[11.958,55.412],[11.959,55.412],[11.959,55.413],[11.958,55.413],[11.959,55.413],[11.958,55.413],[11.958,55.414],[11.958,55.415],[11.958,55.419],[11.957,55.419],[11.957,55.42],[11.956,55.42],[11.956,55.421],[11.957,55.423],[11.958,55.424],[11.957,55.424],[11.956,55.424],[11.956,55.425],[11.955,55.425],[11.947,55.427],[11.944,55.43],[11.941,55.43],[11.938,55.432],[11.936,55.432],[11.935,55.433],[11.935,55.434],[11.935,55.435],[11.936,55.435],[11.935,55.435],[11.936,55.436],[11.936,55.437],[11.935,55.437],[11.935,55.438],[11.933,55.439],[11.933,55.44],[11.932,55.44],[11.932,55.441],[11.933,55.441],[11.934,55.441],[11.935,55.441],[11.934,55.447],[11.938,55.455],[11.939,55.455],[11.939,55.456],[11.94,55.457],[11.941,55.458],[11.942,55.458],[11.942,55.459],[11.944,55.46],[11.941,55.461],[11.938,55.471],[11.929,55.477],[11.923,55.494],[11.916,55.497],[11.922,55.512],[11.914,55.512],[11.911,55.514],[11.914,55.522],[11.914,55.53],[11.913,55.53],[11.914,55.531],[11.913,55.531],[11.912,55.532],[11.911,55.534],[11.91,55.536],[11.91,55.537],[11.909,55.537],[11.91,55.537],[11.909,55.537],[11.909,55.538],[11.905,55.541],[11.903,55.543],[11.902,55.543],[11.901,55.544],[11.893,55.544],[11.892,55.544],[11.891,55.544],[11.891,55.545],[11.89,55.546],[11.889,55.546],[11.888,55.546],[11.886,55.546],[11.884,55.546],[11.884,55.545],[11.883,55.545],[11.883,55.544],[11.882,55.544],[11.878,55.545],[11.877,55.545],[11.876,55.545],[11.875,55.545],[11.874,55.545],[11.873,55.545],[11.87,55.546],[11.869,55.547],[11.869,55.549],[11.868,55.549],[11.868,55.55],[11.867,55.551],[11.866,55.554],[11.866,55.555],[11.865,55.555],[11.864,55.554],[11.863,55.554],[11.86,55.558],[11.847,55.558],[11.847,55.565],[11.858,55.569],[11.852,55.571],[11.853,55.582],[11.847,55.585],[11.821,55.591],[11.823,55.6],[11.809,55.611],[11.809,55.616],[11.802,55.62],[11.797,55.641],[11.793,55.644],[11.779,55.649],[11.779,55.658]]],[[[11.022,54.847],[11.016,54.851],[11.014,54.842],[11.022,54.839],[11.022,54.847]]],[[[11.505,54.912],[11.499,54.914],[11.483,54.912],[11.473,54.913],[11.481,54.906],[11.49,54.902],[11.481,54.897],[11.476,54.897],[11.478,54.887],[11.494,54.886],[11.517,54.891],[11.505,54.894],[11.498,54.899],[11.49,54.902],[11.485,54.907],[11.495,54.913],[11.505,54.912]]],[[[11.186,54.961],[11.176,54.96],[11.166,54.955],[11.161,54.957],[11.143,54.949],[11.134,54.952],[11.129,54.945],[11.116,54.949],[11.111,54.944],[11.118,54.941],[11.12,54.936],[11.099,54.942],[11.088,54.94],[11.084,54.943],[11.071,54.939],[11.065,54.932],[11.05,54.923],[11.035,54.918],[11.028,54.914],[11.024,54.908],[11.016,54.889],[11.018,54.88],[11.032,54.879],[11.028,54.872],[11.032,54.87],[11.039,54.876],[11.046,54.875],[11.045,54.868],[11.055,54.87],[11.059,54.861],[11.069,54.853],[11.069,54.848],[11.078,54.848],[11.083,54.836],[11.092,54.833],[11.103,54.835],[11.115,54.832],[11.125,54.835],[11.128,54.831],[11.11,54.831],[11.109,54.825],[11.1,54.822],[11.093,54.812],[11.085,54.811],[11.079,54.817],[11.068,54.819],[11.068,54.814],[11.08,54.807],[11.07,54.799],[11.045,54.799],[11.041,54.811],[11.029,54.811],[11.024,54.815],[11.015,54.815],[11.001,54.82],[10.994,54.817],[11.007,54.813],[11.013,54.808],[11.009,54.802],[10.999,54.798],[10.986,54.799],[10.976,54.795],[10.976,54.793],[10.998,54.769],[11.007,54.762],[11.037,54.752],[11.077,54.743],[11.106,54.739],[11.121,54.737],[11.134,54.733],[11.156,54.729],[11.187,54.72],[11.209,54.716],[11.225,54.709],[11.237,54.709],[11.254,54.705],[11.264,54.702],[11.276,54.695],[11.297,54.686],[11.317,54.671],[11.318,54.664],[11.356,54.645],[11.368,54.641],[11.403,54.635],[11.414,54.631],[11.447,54.614],[11.472,54.605],[11.487,54.598],[11.503,54.595],[11.502,54.599],[11.492,54.598],[11.482,54.601],[11.46,54.611],[11.473,54.618],[11.497,54.635],[11.544,54.64],[11.557,54.653],[11.561,54.659],[11.582,54.657],[11.591,54.665],[11.618,54.659],[11.628,54.66],[11.631,54.663],[11.656,54.66],[11.666,54.667],[11.676,54.662],[11.688,54.665],[11.705,54.66],[11.711,54.652],[11.724,54.657],[11.722,54.664],[11.73,54.664],[11.734,54.658],[11.731,54.653],[11.737,54.651],[11.765,54.651],[11.769,54.65],[11.786,54.649],[11.799,54.643],[11.811,54.649],[11.819,54.648],[11.834,54.653],[11.822,54.66],[11.842,54.666],[11.839,54.671],[11.852,54.675],[11.839,54.681],[11.839,54.683],[11.853,54.684],[11.861,54.687],[11.86,54.692],[11.852,54.696],[11.846,54.694],[11.83,54.699],[11.816,54.705],[11.807,54.713],[11.809,54.716],[11.821,54.718],[11.815,54.723],[11.816,54.727],[11.824,54.732],[11.833,54.726],[11.847,54.727],[11.864,54.736],[11.867,54.739],[11.864,54.751],[11.858,54.756],[11.856,54.769],[11.852,54.773],[11.834,54.78],[11.822,54.789],[11.81,54.792],[11.799,54.797],[11.795,54.801],[11.782,54.807],[11.78,54.819],[11.787,54.825],[11.79,54.832],[11.78,54.831],[11.761,54.838],[11.75,54.839],[11.744,54.845],[11.744,54.851],[11.737,54.858],[11.739,54.866],[11.748,54.872],[11.741,54.875],[11.719,54.873],[11.709,54.875],[11.684,54.886],[11.672,54.896],[11.664,54.897],[11.659,54.901],[11.65,54.903],[11.636,54.902],[11.649,54.888],[11.643,54.875],[11.644,54.869],[11.651,54.865],[11.652,54.859],[11.639,54.858],[11.621,54.85],[11.61,54.849],[11.601,54.85],[11.584,54.857],[11.575,54.852],[11.565,54.852],[11.561,54.846],[11.57,54.84],[11.574,54.836],[11.584,54.834],[11.59,54.827],[11.563,54.824],[11.555,54.829],[11.543,54.828],[11.526,54.83],[11.513,54.833],[11.505,54.831],[11.494,54.832],[11.486,54.838],[11.476,54.841],[11.47,54.839],[11.464,54.845],[11.465,54.853],[11.469,54.857],[11.463,54.863],[11.446,54.866],[11.428,54.863],[11.431,54.87],[11.42,54.871],[11.409,54.877],[11.398,54.878],[11.393,54.881],[11.38,54.885],[11.371,54.892],[11.364,54.895],[11.361,54.9],[11.363,54.907],[11.357,54.916],[11.346,54.921],[11.324,54.925],[11.318,54.924],[11.303,54.939],[11.293,54.946],[11.274,54.952],[11.269,54.956],[11.255,54.958],[11.22,54.959],[11.2,54.96],[11.186,54.961]]],[[[11.42,54.965],[11.41,54.968],[11.408,54.962],[11.411,54.955],[11.41,54.949],[11.4,54.949],[11.396,54.953],[11.379,54.956],[11.377,54.95],[11.366,54.952],[11.366,54.964],[11.358,54.968],[11.35,54.966],[11.355,54.958],[11.362,54.958],[11.366,54.945],[11.373,54.938],[11.379,54.934],[11.405,54.922],[11.413,54.931],[11.423,54.936],[11.434,54.945],[11.47,54.944],[11.47,54.951],[11.454,54.963],[11.442,54.965],[11.431,54.963],[11.42,54.965]]],[[[11.318,54.966],[11.313,54.972],[11.303,54.971],[11.304,54.964],[11.311,54.962],[11.318,54.966]]],[[[11.995,54.956],[11.985,54.955],[11.986,54.949],[11.998,54.942],[11.994,54.933],[12.002,54.922],[12.014,54.919],[12.028,54.918],[12.044,54.915],[12.073,54.908],[12.084,54.908],[12.079,54.915],[12.087,54.922],[12.085,54.929],[12.079,54.93],[12.069,54.938],[12.032,54.938],[12.021,54.933],[12.009,54.934],[11.997,54.945],[11.995,54.956]]],[[[11.826,54.968],[11.823,54.964],[11.829,54.958],[11.824,54.945],[11.811,54.938],[11.801,54.936],[11.796,54.944],[11.783,54.955],[11.77,54.961],[11.754,54.962],[11.744,54.961],[11.731,54.949],[11.74,54.947],[11.737,54.942],[11.729,54.942],[11.721,54.944],[11.712,54.937],[11.707,54.93],[11.729,54.93],[11.746,54.929],[11.755,54.92],[11.755,54.912],[11.743,54.902],[11.741,54.896],[11.747,54.885],[11.755,54.884],[11.755,54.876],[11.749,54.871],[11.754,54.869],[11.758,54.861],[11.755,54.857],[11.769,54.854],[11.784,54.854],[11.791,54.849],[11.803,54.847],[11.807,54.843],[11.804,54.836],[11.815,54.832],[11.814,54.827],[11.806,54.817],[11.796,54.813],[11.8,54.805],[11.811,54.8],[11.831,54.797],[11.836,54.787],[11.845,54.785],[11.855,54.78],[11.862,54.773],[11.861,54.77],[11.869,54.759],[11.884,54.747],[11.875,54.741],[11.875,54.735],[11.869,54.731],[11.87,54.727],[11.882,54.725],[11.902,54.719],[11.91,54.718],[11.911,54.714],[11.889,54.695],[11.878,54.689],[11.878,54.679],[11.869,54.666],[11.867,54.658],[11.873,54.645],[11.891,54.63],[11.898,54.62],[11.913,54.607],[11.921,54.594],[11.921,54.58],[11.918,54.576],[11.927,54.574],[11.961,54.563],[11.969,54.559],[11.973,54.563],[11.974,54.575],[11.969,54.602],[11.965,54.617],[11.963,54.635],[11.961,54.655],[11.963,54.672],[11.974,54.696],[11.987,54.708],[12.008,54.72],[12.015,54.722],[12.025,54.731],[12.04,54.757],[12.051,54.763],[12.067,54.779],[12.08,54.787],[12.088,54.792],[12.101,54.794],[12.117,54.8],[12.128,54.809],[12.133,54.821],[12.148,54.827],[12.16,54.828],[12.165,54.835],[12.157,54.847],[12.144,54.854],[12.138,54.86],[12.129,54.865],[12.122,54.877],[12.121,54.887],[12.095,54.889],[12.091,54.891],[12.073,54.893],[12.052,54.889],[12.046,54.892],[12.03,54.892],[12.009,54.895],[12.001,54.896],[11.99,54.901],[11.987,54.91],[11.982,54.914],[11.979,54.929],[11.981,54.933],[11.967,54.939],[11.952,54.94],[11.933,54.936],[11.927,54.939],[11.925,54.926],[11.918,54.92],[11.918,54.916],[11.904,54.917],[11.89,54.922],[11.884,54.933],[11.873,54.939],[11.877,54.944],[11.869,54.949],[11.869,54.953],[11.842,54.959],[11.83,54.967],[11.826,54.968]]],[[[12.104,54.961],[12.092,54.961],[12.086,54.957],[12.06,54.953],[12.073,54.948],[12.101,54.956],[12.104,54.961]]],[[[11.519,54.992],[11.502,54.987],[11.498,54.979],[11.516,54.972],[11.524,54.963],[11.525,54.957],[11.539,54.949],[11.543,54.956],[11.562,54.968],[11.568,54.974],[11.558,54.983],[11.549,54.988],[11.543,54.99],[11.526,54.989],[11.519,54.992]]],[[[12.131,54.989],[12.124,54.986],[12.116,54.988],[12.111,54.985],[12.115,54.98],[12.102,54.973],[12.117,54.974],[12.117,54.977],[12.131,54.989]]],[[[11.872,54.995],[11.879,54.989],[11.893,54.979],[11.898,54.98],[11.891,54.995],[11.881,54.999],[11.872,54.995]]],[[[11.373,55.04],[11.357,55.037],[11.343,55.029],[11.344,55.024],[11.357,55.03],[11.372,55.034],[11.373,55.04]]],[[[12.235,55.061],[12.211,55.058],[12.198,55.049],[12.18,55.047],[12.187,55.041],[12.199,55.04],[12.209,55.035],[12.22,55.034],[12.236,55.056],[12.235,55.061]]],[[[12.264,55.06],[12.254,55.057],[12.235,55.049],[12.232,55.043],[12.238,55.037],[12.244,55.036],[12.253,55.04],[12.274,55.026],[12.282,55.017],[12.282,55.009],[12.271,54.999],[12.278,54.992],[12.281,54.984],[12.289,54.985],[12.3,54.988],[12.312,54.984],[12.345,54.988],[12.353,54.985],[12.325,54.982],[12.312,54.979],[12.302,54.974],[12.299,54.97],[12.289,54.965],[12.272,54.965],[12.275,54.972],[12.279,54.975],[12.281,54.982],[12.273,54.984],[12.26,54.982],[12.255,54.978],[12.228,54.974],[12.214,54.969],[12.204,54.968],[12.203,54.977],[12.197,54.981],[12.179,54.985],[12.169,54.986],[12.17,54.98],[12.184,54.971],[12.173,54.968],[12.163,54.972],[12.145,54.968],[12.126,54.958],[12.12,54.957],[12.124,54.951],[12.132,54.946],[12.147,54.942],[12.138,54.938],[12.119,54.933],[12.11,54.917],[12.116,54.916],[12.122,54.909],[12.107,54.906],[12.111,54.902],[12.133,54.903],[12.142,54.899],[12.142,54.896],[12.124,54.897],[12.135,54.89],[12.143,54.881],[12.161,54.881],[12.18,54.878],[12.21,54.883],[12.221,54.891],[12.233,54.898],[12.245,54.912],[12.264,54.923],[12.271,54.929],[12.284,54.939],[12.323,54.956],[12.346,54.962],[12.361,54.965],[12.385,54.965],[12.434,54.961],[12.461,54.956],[12.467,54.952],[12.48,54.95],[12.494,54.946],[12.509,54.943],[12.525,54.944],[12.541,54.946],[12.552,54.958],[12.553,54.965],[12.547,54.981],[12.542,54.988],[12.538,54.99],[12.522,55.008],[12.503,55.013],[12.483,55.016],[12.462,55.023],[12.457,55.022],[12.437,55.024],[12.419,55.022],[12.388,55.027],[12.36,55.026],[12.345,55.028],[12.328,55.027],[12.315,55.028],[12.289,55.035],[12.28,55.043],[12.273,55.056],[12.264,55.06]]],[[[12.247,55.087],[12.261,55.082],[12.256,55.078],[12.266,55.071],[12.27,55.076],[12.26,55.084],[12.247,55.087]]],[[[11.72,55.147],[11.712,55.135],[11.714,55.125],[11.728,55.137],[11.72,55.143],[11.72,55.147]]],[[[11.177,55.17],[11.179,55.176],[11.166,55.171],[11.159,55.172],[11.142,55.163],[11.134,55.16],[11.141,55.155],[11.142,55.147],[11.151,55.14],[11.155,55.149],[11.165,55.16],[11.178,55.166],[11.177,55.17]]],[[[11.68,55.179],[11.672,55.179],[11.664,55.172],[11.653,55.178],[11.647,55.176],[11.653,55.168],[11.663,55.162],[11.677,55.161],[11.695,55.151],[11.703,55.144],[11.712,55.145],[11.707,55.15],[11.697,55.151],[11.694,55.157],[11.681,55.161],[11.677,55.171],[11.68,55.179]]],[[[11.486,55.2],[11.478,55.198],[11.476,55.192],[11.491,55.198],[11.486,55.2]]],[[[11.707,55.203],[11.701,55.202],[11.702,55.195],[11.693,55.189],[11.687,55.176],[11.694,55.172],[11.701,55.175],[11.719,55.173],[11.721,55.184],[11.73,55.191],[11.73,55.196],[11.718,55.198],[11.707,55.203]]],[[[11.175,55.251],[11.169,55.249],[11.174,55.244],[11.171,55.237],[11.172,55.216],[11.174,55.199],[11.199,55.192],[11.207,55.199],[11.197,55.209],[11.193,55.223],[11.178,55.23],[11.179,55.235],[11.185,55.24],[11.187,55.245],[11.175,55.251]]],[[[10.988,55.34],[10.972,55.34],[10.964,55.335],[10.954,55.328],[10.966,55.329],[10.977,55.334],[10.991,55.335],[10.988,55.34]]],[[[11.815,55.746],[11.811,55.738],[11.818,55.737],[11.815,55.746]]],[[[11.285,55.796],[11.279,55.789],[11.28,55.785],[11.298,55.767],[11.304,55.776],[11.29,55.785],[11.294,55.792],[11.285,55.796]]],[[[11.828,55.809],[11.821,55.806],[11.827,55.799],[11.822,55.788],[11.816,55.783],[11.806,55.786],[11.797,55.791],[11.79,55.786],[11.782,55.786],[11.775,55.782],[11.783,55.768],[11.797,55.759],[11.801,55.758],[11.812,55.75],[11.834,55.756],[11.834,55.763],[11.845,55.775],[11.848,55.781],[11.841,55.797],[11.834,55.802],[11.828,55.809]]],[[[11.08,55.92],[11.078,55.913],[11.087,55.904],[11.1,55.9],[11.114,55.898],[11.134,55.881],[11.162,55.869],[11.172,55.869],[11.183,55.865],[11.191,55.865],[11.206,55.861],[11.213,55.864],[11.198,55.868],[11.187,55.875],[11.175,55.879],[11.166,55.887],[11.152,55.893],[11.146,55.897],[11.134,55.9],[11.122,55.904],[11.116,55.912],[11.105,55.913],[11.08,55.92]]]]},"properties":{"code":"06","name":"Vest- og Sydsjælland"}},
{"type":"Feature","geometry":{"type":"MultiPolygon","coordinates":[[[[10.597,55.614],[10.588,55.613],[10.604,55.607],[10.616,55.608],[10.621,55.602],[10.621,55.595],[10.629,55.59],[10.628,55.585],[10.632,55.578],[10.623,55.575],[10.634,55.568],[10.627,55.558],[10.622,55.559],[10.613,55.567],[10.605,55.57],[10.606,55.559],[10.616,55.552],[10.621,55.546],[10.619,55.53],[10.628,55.526],[10.628,55.519],[10.62,55.516],[10.603,55.522],[10.596,55.53],[10.586,55.532],[10.569,55.526],[10.567,55.52],[10.57,55.517],[10.582,55.513],[10.588,55.514],[10.611,55.508],[10.62,55.505],[10.62,55.496],[10.626,55.493],[10.624,55.487],[10.614,55.479],[10.598,55.484],[10.58,55.483],[10.573,55.477],[10.56,55.475],[10.555,55.481],[10.547,55.477],[10.539,55.476],[10.53,55.467],[10.518,55.466],[10.484,55.473],[10.49,55.462],[10.499,55.455],[10.491,55.447],[10.482,55.444],[10.474,55.438],[10.461,55.443],[10.45,55.442],[10.444,55.437],[10.439,55.437],[10.428,55.442],[10.436,55.452],[10.43,55.454],[10.438,55.461],[10.431,55.463],[10.443,55.473],[10.444,55.479],[10.455,55.479],[10.454,55.487],[10.461,55.489],[10.473,55.486],[10.485,55.486],[10.479,55.492],[10.485,55.497],[10.494,55.495],[10.504,55.499],[10.499,55.505],[10.491,55.506],[10.485,55.512],[10.484,55.521],[10.473,55.527],[10.472,55.531],[10.483,55.534],[10.492,55.533],[10.497,55.546],[10.516,55.541],[10.528,55.534],[10.533,55.526],[10.554,55.514],[10.562,55.516],[10.557,55.52],[10.535,55.533],[10.498,55.549],[10.459,55.565],[10.443,55.573],[10.422,55.586],[10.388,55.598],[10.361,55.605],[10.324,55.62],[10.31,55.623],[10.292,55.621],[10.305,55.605],[10.304,55.596],[10.316,55.589],[10.315,55.585],[10.298,55.584],[10.293,55.581],[10.282,55.583],[10.279,55.588],[10.284,55.594],[10.284,55.6],[10.28,55.605],[10.27,55.607],[10.246,55.606],[10.233,55.604],[10.21,55.6],[10.208,55.596],[10.19,55.594],[10.194,55.588],[10.179,55.589],[10.169,55.586],[10.154,55.584],[10.138,55.577],[10.125,55.577],[10.117,55.579],[10.111,55.573],[10.105,55.574],[10.089,55.569],[10.081,55.568],[10.073,55.561],[10.055,55.56],[10.035,55.556],[10.028,55.549],[10.021,55.545],[9.999,55.539],[9.984,55.531],[9.951,55.516],[9.934,55.511],[9.918,55.509],[9.893,55.51],[9.876,55.511],[9.862,55.515],[9.849,55.525],[9.852,55.543],[9.846,55.552],[9.835,55.555],[9.807,55.552],[9.798,55.549],[9.789,55.544],[9.778,55.543],[9.767,55.544],[9.757,55.542],[9.767,55.536],[9.77,55.531],[9.766,55.523],[9.757,55.517],[9.753,55.509],[9.738,55.505],[9.721,55.509],[9.697,55.518],[9.684,55.519],[9.677,55.514],[9.681,55.507],[9.697,55.501],[9.702,55.495],[9.726,55.494],[9.73,55.492],[9.735,55.48],[9.742,55.473],[9.759,55.467],[9.77,55.467],[9.776,55.47],[9.784,55.464],[9.789,55.465],[9.792,55.459],[9.778,55.462],[9.783,55.455],[9.803,55.452],[9.807,55.444],[9.82,55.441],[9.824,55.434],[9.813,55.433],[9.784,55.44],[9.768,55.446],[9.766,55.451],[9.749,55.457],[9.742,55.461],[9.727,55.467],[9.717,55.468],[9.725,55.46],[9.746,55.447],[9.747,55.443],[9.741,55.439],[9.744,55.435],[9.771,55.432],[9.783,55.433],[9.799,55.431],[9.826,55.424],[9.828,55.417],[9.824,55.413],[9.816,55.412],[9.799,55.416],[9.794,55.411],[9.811,55.408],[9.82,55.405],[9.83,55.396],[9.838,55.394],[9.841,55.389],[9.839,55.384],[9.832,55.38],[9.812,55.376],[9.787,55.374],[9.785,55.365],[9.829,55.352],[9.84,55.351],[9.867,55.35],[9.874,55.351],[9.881,55.344],[9.889,55.343],[9.897,55.341],[9.895,55.335],[9.878,55.339],[9.877,55.332],[9.888,55.32],[9.893,55.305],[9.891,55.299],[9.89,55.269],[9.881,55.266],[9.885,55.259],[9.897,55.255],[9.898,55.25],[9.892,55.245],[9.881,55.25],[9.872,55.25],[9.878,55.244],[9.885,55.245],[9.895,55.24],[9.909,55.236],[9.921,55.229],[9.922,55.224],[9.928,55.219],[9.965,55.219],[9.979,55.213],[9.987,55.205],[9.988,55.201],[9.984,55.187],[9.985,55.174],[9.982,55.167],[9.99,55.156],[9.99,55.146],[9.987,55.141],[9.977,55.135],[9.978,55.133],[10.005,55.123],[10.025,55.121],[10.034,55.124],[10.043,55.13],[10.041,55.134],[10.025,55.15],[10.018,55.154],[10.012,55.16],[9.997,55.166],[9.986,55.177],[9.985,55.188],[9.993,55.185],[10.002,55.186],[10.003,55.19],[9.994,55.197],[10,55.201],[10.018,55.195],[10.022,55.181],[10.031,55.181],[10.054,55.176],[10.081,55.176],[10.088,55.177],[10.094,55.185],[10.11,55.19],[10.118,55.184],[10.12,55.176],[10.133,55.166],[10.134,55.155],[10.142,55.154],[10.149,55.147],[10.158,55.141],[10.164,55.132],[10.174,55.129],[10.16,55.123],[10.152,55.123],[10.135,55.118],[10.116,55.117],[10.111,55.112],[10.101,55.105],[10.089,55.109],[10.082,55.106],[10.081,55.099],[10.07,55.086],[10.072,55.078],[10.08,55.076],[10.13,55.09],[10.16,55.08],[10.172,55.078],[10.185,55.079],[10.196,55.071],[10.2,55.062],[10.206,55.059],[10.214,55.061],[10.215,55.071],[10.225,55.073],[10.23,55.078],[10.223,55.088],[10.209,55.094],[10.23,55.101],[10.242,55.093],[10.263,55.085],[10.276,55.084],[10.285,55.079],[10.285,55.076],[10.295,55.072],[10.298,55.066],[10.32,55.062],[10.32,55.054],[10.332,55.052],[10.34,55.054],[10.355,55.051],[10.361,55.053],[10.37,55.059],[10.371,55.065],[10.382,55.059],[10.389,55.053],[10.386,55.049],[10.394,55.046],[10.406,55.043],[10.415,55.039],[10.43,55.042],[10.458,55.04],[10.47,55.043],[10.48,55.039],[10.491,55.031],[10.511,55.027],[10.523,55.028],[10.534,55.033],[10.552,55.036],[10.568,55.041],[10.598,55.047],[10.614,55.057],[10.623,55.06],[10.639,55.059],[10.646,55.055],[10.658,55.058],[10.682,55.058],[10.69,55.064],[10.707,55.061],[10.714,55.061],[10.734,55.067],[10.744,55.069],[10.751,55.078],[10.754,55.085],[10.753,55.092],[10.758,55.097],[10.767,55.101],[10.776,55.101],[10.771,55.109],[10.774,55.116],[10.778,55.12],[10.78,55.134],[10.786,55.14],[10.785,55.15],[10.791,55.155],[10.791,55.163],[10.8,55.17],[10.807,55.181],[10.806,55.185],[10.813,55.206],[10.809,55.22],[10.815,55.231],[10.801,55.251],[10.797,55.26],[10.788,55.273],[10.787,55.278],[10.792,55.287],[10.789,55.292],[10.777,55.297],[10.789,55.304],[10.797,55.306],[10.805,55.303],[10.808,55.299],[10.827,55.295],[10.825,55.292],[10.837,55.287],[10.852,55.29],[10.839,55.3],[10.822,55.308],[10.813,55.317],[10.808,55.334],[10.791,55.359],[10.772,55.375],[10.771,55.38],[10.763,55.388],[10.742,55.399],[10.73,55.408],[10.725,55.416],[10.717,55.416],[10.708,55.42],[10.696,55.429],[10.688,55.437],[10.672,55.444],[10.666,55.45],[10.66,55.449],[10.653,55.442],[10.645,55.442],[10.639,55.438],[10.625,55.444],[10.606,55.448],[10.606,55.452],[10.596,55.456],[10.585,55.457],[10.575,55.451],[10.577,55.442],[10.583,55.428],[10.576,55.422],[10.565,55.428],[10.553,55.438],[10.547,55.44],[10.544,55.446],[10.555,55.445],[10.558,55.449],[10.554,55.454],[10.566,55.457],[10.58,55.458],[10.581,55.462],[10.592,55.461],[10.607,55.456],[10.614,55.45],[10.627,55.446],[10.634,55.453],[10.648,55.451],[10.653,55.447],[10.666,55.451],[10.667,55.459],[10.674,55.465],[10.688,55.467],[10.701,55.473],[10.713,55.476],[10.725,55.473],[10.737,55.474],[10.747,55.477],[10.748,55.483],[10.742,55.488],[10.74,55.495],[10.721,55.504],[10.712,55.513],[10.704,55.526],[10.703,55.531],[10.705,55.539],[10.695,55.547],[10.683,55.553],[10.672,55.569],[10.657,55.581],[10.652,55.589],[10.63,55.607],[10.626,55.613],[10.62,55.617],[10.615,55.611],[10.6,55.609],[10.597,55.614]]],[[[10.611,54.919],[10.591,54.915],[10.59,54.911],[10.597,54.9],[10.606,54.891],[10.614,54.89],[10.625,54.898],[10.625,54.902],[10.62,54.91],[10.623,54.916],[10.611,54.919]]],[[[10.515,54.929],[10.503,54.935],[10.496,54.935],[10.498,54.928],[10.515,54.929]]],[[[10.666,54.961],[10.685,54.954],[10.69,54.949],[10.701,54.949],[10.702,54.955],[10.686,54.96],[10.68,54.959],[10.666,54.961]]],[[[10.497,54.967],[10.475,54.965],[10.483,54.959],[10.489,54.96],[10.497,54.967]]],[[[10.208,54.972],[10.204,54.97],[10.206,54.963],[10.212,54.958],[10.226,54.951],[10.239,54.942],[10.243,54.935],[10.243,54.925],[10.246,54.919],[10.259,54.912],[10.282,54.894],[10.288,54.889],[10.308,54.882],[10.32,54.877],[10.344,54.856],[10.358,54.846],[10.373,54.837],[10.398,54.829],[10.415,54.818],[10.426,54.817],[10.433,54.821],[10.437,54.83],[10.452,54.838],[10.468,54.841],[10.487,54.842],[10.501,54.842],[10.522,54.844],[10.523,54.848],[10.521,54.857],[10.505,54.868],[10.492,54.875],[10.466,54.888],[10.461,54.886],[10.471,54.877],[10.487,54.867],[10.482,54.864],[10.472,54.871],[10.462,54.875],[10.457,54.867],[10.448,54.862],[10.437,54.866],[10.43,54.873],[10.42,54.877],[10.414,54.89],[10.406,54.895],[10.414,54.902],[10.396,54.914],[10.391,54.911],[10.403,54.908],[10.407,54.904],[10.398,54.895],[10.392,54.894],[10.385,54.887],[10.372,54.884],[10.365,54.894],[10.358,54.897],[10.344,54.897],[10.338,54.899],[10.33,54.906],[10.324,54.915],[10.312,54.921],[10.305,54.928],[10.293,54.933],[10.283,54.94],[10.272,54.942],[10.264,54.941],[10.253,54.943],[10.242,54.95],[10.235,54.952],[10.222,54.963],[10.222,54.968],[10.208,54.972]]],[[[10.423,54.983],[10.426,54.977],[10.413,54.975],[10.404,54.977],[10.386,54.978],[10.381,54.982],[10.373,54.978],[10.364,54.979],[10.365,54.972],[10.371,54.971],[10.378,54.975],[10.389,54.977],[10.421,54.963],[10.426,54.962],[10.44,54.97],[10.439,54.974],[10.423,54.983]]],[[[10.467,55.011],[10.454,55.006],[10.456,55],[10.467,54.999],[10.475,55.004],[10.484,55.007],[10.467,55.011]]],[[[10.254,55.04],[10.239,55.037],[10.236,55.031],[10.249,55.022],[10.257,55.018],[10.268,55.017],[10.287,55.019],[10.295,55.018],[10.305,55.015],[10.31,55.01],[10.33,55.005],[10.341,55.005],[10.34,55.01],[10.334,55.017],[10.32,55.012],[10.314,55.013],[10.299,55.02],[10.284,55.019],[10.273,55.024],[10.268,55.031],[10.253,55.038],[10.254,55.04]]],[[[10.631,55.055],[10.628,55.055],[10.613,55.048],[10.605,55.046],[10.597,55.037],[10.589,55.037],[10.577,55.031],[10.573,55.026],[10.559,55.021],[10.545,55.018],[10.532,55.008],[10.519,55.01],[10.514,55.007],[10.517,55],[10.523,54.997],[10.526,54.988],[10.525,54.977],[10.53,54.972],[10.54,54.968],[10.551,54.961],[10.549,54.953],[10.562,54.954],[10.564,54.95],[10.58,54.948],[10.579,54.955],[10.603,54.953],[10.609,54.95],[10.62,54.948],[10.628,54.955],[10.634,54.962],[10.644,54.964],[10.653,54.972],[10.665,54.974],[10.689,54.975],[10.687,54.985],[10.693,54.994],[10.685,54.998],[10.671,54.995],[10.668,54.985],[10.656,54.979],[10.636,54.981],[10.628,54.984],[10.624,54.989],[10.629,54.997],[10.639,54.998],[10.641,55.008],[10.649,55.02],[10.659,55.024],[10.657,55.034],[10.645,55.034],[10.638,55.037],[10.643,55.045],[10.631,55.055]]],[[[10.702,55.055],[10.693,55.055],[10.67,55.05],[10.657,55.053],[10.647,55.049],[10.653,55.038],[10.669,55.042],[10.671,55.038],[10.668,55.031],[10.683,55.03],[10.702,55.034],[10.716,55.031],[10.716,55.039],[10.708,55.054],[10.702,55.055]]],[[[10.146,55.064],[10.142,55.064],[10.125,55.054],[10.126,55.044],[10.137,55.035],[10.147,55.032],[10.172,55.036],[10.18,55.042],[10.173,55.051],[10.167,55.049],[10.149,55.05],[10.14,55.053],[10.142,55.063],[10.146,55.064]]],[[[10.237,55.071],[10.234,55.069],[10.24,55.063],[10.256,55.056],[10.26,55.061],[10.247,55.069],[10.237,55.071]]],[[[10.94,55.165],[10.931,55.16],[10.921,55.149],[10.901,55.138],[10.902,55.131],[10.898,55.124],[10.887,55.115],[10.882,55.106],[10.876,55.102],[10.873,55.094],[10.872,55.086],[10.863,55.068],[10.862,55.06],[10.849,55.045],[10.848,55.036],[10.831,55.024],[10.827,55.021],[10.824,55.011],[10.813,55.003],[10.809,54.994],[10.788,54.982],[10.769,54.98],[10.757,54.976],[10.75,54.97],[10.724,54.954],[10.721,54.946],[10.708,54.94],[10.699,54.931],[10.694,54.929],[10.684,54.921],[10.684,54.915],[10.675,54.911],[10.676,54.902],[10.686,54.901],[10.698,54.897],[10.705,54.906],[10.707,54.897],[10.714,54.891],[10.715,54.886],[10.727,54.877],[10.709,54.875],[10.704,54.872],[10.688,54.873],[10.682,54.883],[10.675,54.883],[10.669,54.878],[10.663,54.851],[10.668,54.847],[10.658,54.845],[10.647,54.83],[10.641,54.833],[10.634,54.83],[10.621,54.836],[10.599,54.836],[10.603,54.83],[10.626,54.823],[10.647,54.809],[10.66,54.796],[10.661,54.787],[10.661,54.779],[10.672,54.765],[10.676,54.755],[10.673,54.751],[10.667,54.749],[10.67,54.742],[10.668,54.74],[10.686,54.724],[10.693,54.722],[10.717,54.728],[10.726,54.734],[10.736,54.744],[10.737,54.749],[10.751,54.776],[10.755,54.787],[10.769,54.808],[10.775,54.819],[10.777,54.83],[10.785,54.845],[10.799,54.862],[10.814,54.884],[10.818,54.898],[10.817,54.904],[10.827,54.918],[10.83,54.932],[10.845,54.953],[10.859,54.969],[10.875,54.981],[10.888,54.988],[10.896,54.996],[10.896,55.006],[10.903,55.019],[10.908,55.034],[10.917,55.044],[10.931,55.078],[10.936,55.083],[10.942,55.11],[10.948,55.131],[10.956,55.146],[10.956,55.154],[10.953,55.159],[10.94,55.165]]],[[[9.82,55.327],[9.811,55.323],[9.796,55.325],[9.79,55.316],[9.796,55.308],[9.795,55.298],[9.826,55.3],[9.829,55.304],[9.83,55.31],[9.827,55.322],[9.82,55.327]]],[[[9.704,55.365],[9.697,55.363],[9.687,55.356],[9.697,55.352],[9.704,55.351],[9.721,55.357],[9.715,55.362],[9.704,55.365]]],[[[10.479,55.482],[10.468,55.479],[10.458,55.474],[10.455,55.467],[10.459,55.463],[10.475,55.466],[10.472,55.471],[10.471,55.479],[10.479,55.482]]],[[[9.681,55.501],[9.676,55.491],[9.686,55.483],[9.688,55.477],[9.701,55.475],[9.716,55.479],[9.715,55.485],[9.704,55.486],[9.692,55.498],[9.681,55.501]]],[[[10.789,55.518],[10.779,55.516],[10.779,55.509],[10.789,55.508],[10.8,55.511],[10.799,55.515],[10.789,55.518]]],[[[10.171,55.646],[10.162,55.643],[10.168,55.636],[10.179,55.63],[10.181,55.624],[10.181,55.616],[10.178,55.608],[10.188,55.608],[10.182,55.615],[10.182,55.632],[10.192,55.637],[10.19,55.643],[10.182,55.643],[10.171,55.646]]]]},"properties":{"code":"07","name":"Fyn"}},
{"type":"Feature","geometry":{"type":"MultiPolygon","coordinates":[[[[9.387,55.924],[9.386,55.927],[9.35,55.938],[9.343,55.936],[9.335,55.931],[9.319,55.934],[9.311,55.938],[9.294,55.936],[9.281,55.939],[9.276,55.944],[9.257,55.953],[9.24,55.953],[9.227,55.957],[9.218,55.954],[9.215,55.943],[9.21,55.944],[9.204,55.936],[9.198,55.935],[9.194,55.925],[9.196,55.917],[9.178,55.91],[9.179,55.907],[9.169,55.897],[9.16,55.896],[9.147,55.885],[9.134,55.882],[9.118,55.869],[9.097,55.877],[9.083,55.865],[9.072,55.849],[9.059,55.851],[9.046,55.836],[9.03,55.841],[9.021,55.834],[9.015,55.836],[9.009,55.832],[8.988,55.838],[8.959,55.842],[8.959,55.849],[8.968,55.865],[8.966,55.885],[8.943,55.892],[8.932,55.891],[8.881,55.896],[8.876,55.893],[8.865,55.895],[8.856,55.881],[8.84,55.882],[8.822,55.847],[8.808,55.843],[8.795,55.838],[8.802,55.833],[8.813,55.828],[8.826,55.819],[8.791,55.812],[8.759,55.806],[8.744,55.806],[8.729,55.814],[8.722,55.814],[8.722,55.821],[8.707,55.825],[8.708,55.838],[8.692,55.84],[8.676,55.848],[8.657,55.844],[8.626,55.845],[8.615,55.84],[8.609,55.841],[8.595,55.837],[8.581,55.841],[8.567,55.85],[8.532,55.841],[8.543,55.831],[8.546,55.822],[8.54,55.822],[8.533,55.815],[8.513,55.81],[8.509,55.798],[8.514,55.788],[8.5,55.777],[8.495,55.777],[8.462,55.781],[8.469,55.773],[8.449,55.776],[8.443,55.78],[8.44,55.788],[8.42,55.795],[8.424,55.799],[8.404,55.803],[8.388,55.802],[8.376,55.804],[8.373,55.808],[8.351,55.822],[8.329,55.804],[8.327,55.8],[8.317,55.8],[8.304,55.797],[8.293,55.798],[8.284,55.801],[8.279,55.797],[8.271,55.797],[8.263,55.804],[8.243,55.812],[8.226,55.813],[8.224,55.82],[8.229,55.825],[8.204,55.832],[8.18,55.831],[8.18,55.825],[8.186,55.822],[8.19,55.817],[8.182,55.819],[8.171,55.815],[8.176,55.787],[8.177,55.773],[8.175,55.758],[8.168,55.732],[8.157,55.705],[8.15,55.689],[8.13,55.652],[8.103,55.604],[8.084,55.575],[8.073,55.563],[8.077,55.557],[8.116,55.547],[8.165,55.535],[8.175,55.534],[8.209,55.52],[8.27,55.489],[8.288,55.479],[8.293,55.477],[8.306,55.48],[8.304,55.485],[8.307,55.495],[8.302,55.499],[8.291,55.504],[8.285,55.511],[8.272,55.515],[8.26,55.521],[8.256,55.528],[8.269,55.532],[8.269,55.535],[8.252,55.538],[8.242,55.546],[8.237,55.554],[8.236,55.567],[8.245,55.573],[8.245,55.578],[8.266,55.594],[8.277,55.596],[8.29,55.595],[8.309,55.589],[8.315,55.584],[8.317,55.577],[8.296,55.574],[8.294,55.566],[8.312,55.552],[8.316,55.547],[8.338,55.535],[8.354,55.521],[8.378,55.511],[8.384,55.503],[8.414,55.485],[8.407,55.482],[8.424,55.476],[8.436,55.466],[8.431,55.461],[8.442,55.461],[8.45,55.455],[8.471,55.45],[8.479,55.454],[8.49,55.451],[8.495,55.455],[8.513,55.452],[8.524,55.452],[8.543,55.456],[8.552,55.455],[8.562,55.447],[8.59,55.44],[8.603,55.432],[8.621,55.428],[8.623,55.419],[8.629,55.408],[8.634,55.402],[8.641,55.384],[8.646,55.378],[8.655,55.359],[8.655,55.352],[8.662,55.344],[8.667,55.341],[8.67,55.335],[8.67,55.323],[8.661,55.309],[8.643,55.31],[8.627,55.306],[8.609,55.3],[8.602,55.296],[8.591,55.294],[8.58,55.293],[8.563,55.296],[8.546,55.293],[8.531,55.28],[8.533,55.271],[8.545,55.265],[8.558,55.265],[8.569,55.269],[8.587,55.289],[8.606,55.295],[8.626,55.304],[8.643,55.31],[8.657,55.306],[8.653,55.294],[8.657,55.278],[8.649,55.277],[8.653,55.264],[8.661,55.263],[8.656,55.256],[8.661,55.254],[8.656,55.247],[8.659,55.245],[8.658,55.234],[8.662,55.225],[8.665,55.222],[8.675,55.188],[8.677,55.188],[8.684,55.159],[8.658,55.157],[8.659,55.152],[8.619,55.149],[8.607,55.149],[8.568,55.154],[8.574,55.162],[8.569,55.166],[8.573,55.173],[8.585,55.179],[8.594,55.188],[8.588,55.191],[8.576,55.195],[8.572,55.198],[8.552,55.204],[8.531,55.208],[8.519,55.212],[8.502,55.206],[8.484,55.19],[8.478,55.176],[8.476,55.165],[8.477,55.157],[8.474,55.131],[8.464,55.1],[8.464,55.094],[8.486,55.075],[8.495,55.069],[8.499,55.064],[8.51,55.058],[8.52,55.062],[8.528,55.063],[8.537,55.066],[8.538,55.07],[8.557,55.078],[8.568,55.085],[8.557,55.098],[8.551,55.101],[8.555,55.109],[8.56,55.122],[8.555,55.125],[8.551,55.144],[8.559,55.15],[8.609,55.145],[8.642,55.146],[8.653,55.148],[8.674,55.147],[8.686,55.144],[8.678,55.136],[8.659,55.099],[8.65,55.089],[8.646,55.09],[8.632,55.04],[8.634,55.032],[8.645,55.013],[8.647,55.006],[8.656,54.991],[8.658,54.964],[8.641,54.928],[8.635,54.912],[8.66,54.909],[8.669,54.911],[8.687,54.909],[8.71,54.899],[8.728,54.893],[8.738,54.893],[8.755,54.897],[8.76,54.895],[8.777,54.893],[8.776,54.895],[8.787,54.899],[8.799,54.905],[8.811,54.906],[8.819,54.904],[8.824,54.907],[8.837,54.905],[8.849,54.897],[8.86,54.897],[8.866,54.9],[8.887,54.903],[8.892,54.905],[8.921,54.903],[8.923,54.903],[8.948,54.903],[8.963,54.9],[8.978,54.896],[8.984,54.892],[9.014,54.887],[9.03,54.88],[9.029,54.878],[9.048,54.872],[9.076,54.872],[9.091,54.87],[9.111,54.874],[9.124,54.873],[9.136,54.874],[9.155,54.871],[9.186,54.863],[9.196,54.859],[9.205,54.859],[9.224,54.854],[9.24,54.85],[9.245,54.844],[9.235,54.835],[9.238,54.827],[9.25,54.81],[9.27,54.812],[9.284,54.81],[9.329,54.806],[9.342,54.804],[9.357,54.815],[9.371,54.82],[9.383,54.839],[9.398,54.839],[9.411,54.842],[9.418,54.838],[9.418,54.832],[9.43,54.832],[9.448,54.838],[9.463,54.839],[9.471,54.845],[9.484,54.849],[9.493,54.858],[9.499,54.86],[9.51,54.871],[9.52,54.872],[9.523,54.876],[9.54,54.882],[9.557,54.876],[9.566,54.879],[9.578,54.89],[9.579,54.898],[9.575,54.902],[9.583,54.905],[9.598,54.907],[9.602,54.91],[9.597,54.914],[9.598,54.919],[9.611,54.916],[9.612,54.923],[9.618,54.933],[9.623,54.935],[9.638,54.933],[9.643,54.929],[9.651,54.928],[9.666,54.921],[9.673,54.916],[9.669,54.91],[9.653,54.909],[9.643,54.916],[9.605,54.91],[9.599,54.905],[9.609,54.904],[9.621,54.896],[9.641,54.891],[9.642,54.885],[9.657,54.878],[9.65,54.872],[9.637,54.867],[9.637,54.862],[9.647,54.858],[9.664,54.854],[9.675,54.857],[9.69,54.856],[9.706,54.852],[9.708,54.845],[9.722,54.841],[9.726,54.835],[9.744,54.837],[9.752,54.84],[9.761,54.849],[9.758,54.862],[9.752,54.863],[9.742,54.871],[9.74,54.882],[9.726,54.889],[9.709,54.888],[9.703,54.891],[9.701,54.896],[9.709,54.903],[9.721,54.903],[9.757,54.897],[9.769,54.9],[9.78,54.905],[9.782,54.911],[9.777,54.914],[9.768,54.916],[9.764,54.919],[9.762,54.927],[9.755,54.929],[9.756,54.94],[9.752,54.947],[9.75,54.959],[9.752,54.966],[9.74,54.975],[9.738,54.987],[9.726,54.987],[9.714,54.99],[9.698,54.988],[9.69,54.989],[9.683,54.995],[9.656,55.003],[9.653,55.006],[9.639,55.01],[9.632,55.01],[9.62,55.017],[9.609,55.03],[9.606,55.036],[9.601,55.039],[9.582,55.044],[9.574,55.042],[9.573,55.034],[9.548,55.032],[9.521,55.025],[9.506,55.017],[9.493,55.015],[9.475,55.017],[9.45,55.018],[9.441,55.025],[9.434,55.022],[9.423,55.027],[9.423,55.038],[9.428,55.043],[9.442,55.041],[9.46,55.044],[9.466,55.048],[9.482,55.048],[9.501,55.047],[9.517,55.053],[9.534,55.066],[9.545,55.071],[9.551,55.075],[9.551,55.088],[9.538,55.093],[9.532,55.102],[9.52,55.109],[9.508,55.111],[9.501,55.116],[9.491,55.119],[9.481,55.115],[9.478,55.118],[9.468,55.116],[9.469,55.121],[9.464,55.124],[9.473,55.131],[9.489,55.13],[9.498,55.127],[9.515,55.126],[9.518,55.13],[9.505,55.136],[9.502,55.149],[9.498,55.156],[9.506,55.159],[9.521,55.162],[9.534,55.168],[9.55,55.176],[9.561,55.178],[9.58,55.19],[9.592,55.194],[9.603,55.194],[9.62,55.19],[9.629,55.189],[9.638,55.178],[9.638,55.175],[9.672,55.189],[9.693,55.195],[9.696,55.198],[9.692,55.208],[9.691,55.221],[9.682,55.217],[9.681,55.212],[9.67,55.213],[9.658,55.21],[9.658,55.221],[9.662,55.225],[9.672,55.227],[9.683,55.22],[9.69,55.224],[9.711,55.233],[9.716,55.238],[9.712,55.242],[9.719,55.251],[9.716,55.259],[9.696,55.268],[9.683,55.271],[9.667,55.277],[9.66,55.283],[9.645,55.281],[9.638,55.285],[9.628,55.285],[9.611,55.271],[9.593,55.271],[9.585,55.266],[9.59,55.261],[9.587,55.255],[9.575,55.252],[9.568,55.247],[9.563,55.249],[9.573,55.258],[9.583,55.259],[9.581,55.266],[9.587,55.272],[9.6,55.274],[9.611,55.274],[9.623,55.286],[9.632,55.291],[9.64,55.291],[9.651,55.286],[9.67,55.288],[9.652,55.301],[9.646,55.311],[9.629,55.312],[9.637,55.316],[9.65,55.328],[9.646,55.337],[9.648,55.34],[9.642,55.346],[9.623,55.357],[9.602,55.357],[9.599,55.361],[9.583,55.361],[9.576,55.362],[9.569,55.371],[9.573,55.374],[9.582,55.371],[9.591,55.371],[9.602,55.363],[9.612,55.369],[9.619,55.377],[9.622,55.391],[9.611,55.398],[9.597,55.412],[9.593,55.421],[9.599,55.426],[9.617,55.431],[9.625,55.429],[9.638,55.432],[9.659,55.439],[9.676,55.45],[9.689,55.455],[9.693,55.462],[9.677,55.469],[9.667,55.478],[9.651,55.485],[9.645,55.49],[9.634,55.493],[9.624,55.499],[9.599,55.492],[9.588,55.486],[9.577,55.487],[9.569,55.492],[9.553,55.492],[9.542,55.489],[9.525,55.487],[9.512,55.484],[9.498,55.488],[9.504,55.492],[9.499,55.498],[9.514,55.5],[9.542,55.496],[9.571,55.498],[9.584,55.497],[9.586,55.5],[9.581,55.51],[9.575,55.513],[9.589,55.517],[9.582,55.519],[9.576,55.517],[9.567,55.521],[9.565,55.525],[9.573,55.527],[9.597,55.52],[9.605,55.52],[9.605,55.514],[9.608,55.51],[9.618,55.51],[9.624,55.513],[9.633,55.512],[9.64,55.509],[9.653,55.515],[9.668,55.526],[9.68,55.528],[9.694,55.526],[9.716,55.519],[9.727,55.518],[9.741,55.519],[9.742,55.524],[9.735,55.534],[9.729,55.544],[9.729,55.555],[9.745,55.56],[9.752,55.56],[9.768,55.556],[9.769,55.564],[9.772,55.571],[9.79,55.582],[9.791,55.591],[9.796,55.595],[9.824,55.606],[9.833,55.612],[9.847,55.617],[9.86,55.625],[9.847,55.625],[9.83,55.628],[9.805,55.628],[9.798,55.626],[9.768,55.623],[9.759,55.623],[9.75,55.628],[9.747,55.632],[9.741,55.653],[9.737,55.659],[9.711,55.667],[9.706,55.665],[9.698,55.668],[9.689,55.675],[9.686,55.683],[9.666,55.693],[9.656,55.69],[9.641,55.694],[9.609,55.693],[9.589,55.69],[9.574,55.692],[9.557,55.699],[9.563,55.703],[9.555,55.706],[9.557,55.71],[9.579,55.705],[9.589,55.707],[9.606,55.706],[9.631,55.709],[9.634,55.708],[9.672,55.712],[9.675,55.721],[9.682,55.726],[9.681,55.732],[9.685,55.734],[9.684,55.74],[9.678,55.745],[9.682,55.748],[9.674,55.754],[9.652,55.76],[9.648,55.754],[9.626,55.758],[9.606,55.753],[9.594,55.752],[9.592,55.761],[9.585,55.764],[9.592,55.768],[9.598,55.772],[9.586,55.779],[9.579,55.777],[9.576,55.776],[9.574,55.776],[9.574,55.774],[9.564,55.773],[9.556,55.778],[9.539,55.773],[9.539,55.779],[9.541,55.784],[9.532,55.786],[9.524,55.786],[9.523,55.786],[9.522,55.786],[9.521,55.786],[9.52,55.793],[9.516,55.796],[9.514,55.796],[9.514,55.797],[9.515,55.797],[9.515,55.798],[9.515,55.799],[9.514,55.799],[9.514,55.8],[9.515,55.8],[9.509,55.802],[9.507,55.81],[9.51,55.812],[9.504,55.82],[9.504,55.827],[9.487,55.827],[9.483,55.833],[9.471,55.833],[9.455,55.835],[9.447,55.835],[9.448,55.843],[9.455,55.846],[9.456,55.85],[9.443,55.853],[9.449,55.858],[9.46,55.86],[9.459,55.864],[9.443,55.874],[9.43,55.887],[9.412,55.893],[9.409,55.899],[9.396,55.907],[9.394,55.914],[9.387,55.917],[9.387,55.924]]],[[[9.745,55.084],[9.724,55.08],[9.699,55.077],[9.694,55.074],[9.667,55.066],[9.651,55.054],[9.641,55.052],[9.639,55.045],[9.644,55.039],[9.662,55.039],[9.684,55.035],[9.698,55.045],[9.706,55.045],[9.704,55.039],[9.712,55.036],[9.712,55.032],[9.703,55.033],[9.696,55.037],[9.686,55.032],[9.67,55.031],[9.661,55.029],[9.662,55.021],[9.669,55.021],[9.677,55.015],[9.701,55.007],[9.718,55.008],[9.724,55.01],[9.736,55.008],[9.766,55.011],[9.786,55.012],[9.793,55.01],[9.794,55.004],[9.777,55],[9.776,54.996],[9.786,54.993],[9.781,54.988],[9.783,54.984],[9.796,54.982],[9.819,54.98],[9.834,54.975],[9.845,54.969],[9.833,54.957],[9.84,54.953],[9.836,54.948],[9.858,54.939],[9.835,54.934],[9.821,54.941],[9.805,54.957],[9.791,54.969],[9.775,54.97],[9.771,54.972],[9.759,54.982],[9.753,54.978],[9.759,54.971],[9.762,54.946],[9.765,54.944],[9.763,54.934],[9.77,54.927],[9.77,54.918],[9.781,54.916],[9.785,54.911],[9.783,54.906],[9.793,54.902],[9.795,54.898],[9.806,54.894],[9.824,54.892],[9.831,54.889],[9.843,54.891],[9.872,54.9],[9.88,54.899],[9.886,54.907],[9.899,54.908],[9.911,54.906],[9.918,54.901],[9.94,54.894],[9.949,54.893],[9.954,54.889],[9.968,54.884],[9.981,54.878],[9.988,54.873],[9.998,54.86],[9.993,54.856],[9.981,54.859],[9.971,54.868],[9.957,54.868],[9.952,54.874],[9.934,54.879],[9.928,54.883],[9.917,54.884],[9.911,54.89],[9.9,54.895],[9.885,54.89],[9.882,54.886],[9.868,54.877],[9.881,54.869],[9.891,54.865],[9.903,54.865],[9.914,54.863],[9.929,54.856],[9.946,54.853],[9.96,54.852],[9.981,54.854],[9.99,54.853],[10.01,54.868],[10.02,54.872],[10.038,54.875],[10.065,54.874],[10.071,54.877],[10.067,54.892],[10.058,54.897],[10.051,54.906],[10.044,54.923],[10.045,54.932],[10.026,54.949],[10.015,54.961],[10.003,54.978],[9.994,54.986],[9.978,54.995],[9.965,55.007],[9.956,55.011],[9.941,55.016],[9.926,55.019],[9.907,55.019],[9.898,55.02],[9.878,55.027],[9.862,55.037],[9.853,55.046],[9.837,55.051],[9.828,55.056],[9.815,55.065],[9.793,55.072],[9.771,55.08],[9.756,55.083],[9.745,55.084]]],[[[9.556,55.13],[9.549,55.13],[9.545,55.123],[9.551,55.119],[9.553,55.111],[9.566,55.111],[9.573,55.117],[9.572,55.121],[9.563,55.129],[9.556,55.13]]],[[[9.774,55.276],[9.776,55.269],[9.764,55.262],[9.759,55.261],[9.757,55.272],[9.753,55.274],[9.738,55.273],[9.726,55.27],[9.728,55.264],[9.725,55.259],[9.727,55.255],[9.741,55.248],[9.752,55.248],[9.763,55.252],[9.769,55.258],[9.776,55.263],[9.779,55.27],[9.774,55.276]]],[[[8.497,55.36],[8.49,55.359],[8.483,55.354],[8.474,55.345],[8.485,55.34],[8.489,55.342],[8.502,55.342],[8.517,55.339],[8.523,55.34],[8.533,55.345],[8.535,55.35],[8.529,55.353],[8.514,55.354],[8.497,55.36]]],[[[8.392,55.471],[8.386,55.474],[8.381,55.471],[8.369,55.469],[8.358,55.464],[8.347,55.465],[8.33,55.458],[8.328,55.45],[8.332,55.443],[8.341,55.436],[8.358,55.429],[8.375,55.416],[8.39,55.4],[8.404,55.381],[8.417,55.361],[8.422,55.355],[8.44,55.345],[8.453,55.341],[8.475,55.339],[8.473,55.345],[8.475,55.349],[8.482,55.355],[8.473,55.356],[8.47,55.37],[8.466,55.379],[8.46,55.381],[8.448,55.39],[8.451,55.398],[8.466,55.406],[8.46,55.42],[8.453,55.427],[8.455,55.432],[8.441,55.438],[8.432,55.436],[8.421,55.425],[8.411,55.429],[8.406,55.435],[8.407,55.447],[8.409,55.454],[8.41,55.466],[8.392,55.469],[8.392,55.471]]],[[[8.313,55.517],[8.31,55.512],[8.327,55.504],[8.328,55.507],[8.317,55.513],[8.313,55.517]]]]},"properties":{"code":"08","name":"Sydjylland"}},
{"type":"Feature","geometry":{"type":"MultiPolygon","coordinates":[[[[9.387,55.924],[9.398,55.922],[9.41,55.915],[9.419,55.914],[9.436,55.91],[9.457,55.909],[9.468,55.907],[9.5,55.907],[9.51,55.906],[9.517,55.9],[9.523,55.907],[9.54,55.911],[9.54,55.906],[9.558,55.905],[9.559,55.916],[9.535,55.919],[9.524,55.925],[9.513,55.934],[9.514,55.94],[9.51,55.946],[9.51,55.956],[9.505,55.96],[9.503,55.972],[9.492,55.976],[9.478,55.986],[9.455,55.996],[9.448,56.001],[9.436,56.005],[9.431,56.016],[9.421,56.028],[9.404,56.029],[9.387,56.024],[9.384,56.025],[9.364,56.025],[9.347,56.026],[9.35,56.036],[9.351,56.047],[9.348,56.054],[9.327,56.067],[9.308,56.076],[9.317,56.081],[9.319,56.087],[9.318,56.1],[9.333,56.096],[9.346,56.098],[9.364,56.092],[9.382,56.088],[9.397,56.088],[9.398,56.092],[9.407,56.095],[9.419,56.095],[9.411,56.105],[9.407,56.12],[9.409,56.123],[9.404,56.129],[9.419,56.136],[9.402,56.144],[9.393,56.145],[9.386,56.152],[9.387,56.162],[9.391,56.173],[9.382,56.172],[9.372,56.173],[9.363,56.181],[9.368,56.187],[9.366,56.193],[9.356,56.194],[9.35,56.19],[9.343,56.195],[9.33,56.196],[9.326,56.201],[9.327,56.209],[9.315,56.206],[9.281,56.208],[9.28,56.205],[9.234,56.225],[9.222,56.234],[9.225,56.243],[9.223,56.258],[9.231,56.272],[9.242,56.271],[9.249,56.274],[9.238,56.278],[9.235,56.284],[9.249,56.283],[9.252,56.28],[9.262,56.284],[9.256,56.29],[9.278,56.307],[9.298,56.312],[9.294,56.318],[9.308,56.325],[9.308,56.333],[9.317,56.34],[9.326,56.344],[9.339,56.341],[9.366,56.345],[9.375,56.345],[9.366,56.357],[9.369,56.361],[9.379,56.357],[9.404,56.35],[9.412,56.354],[9.423,56.362],[9.432,56.363],[9.438,56.37],[9.466,56.358],[9.481,56.353],[9.482,56.348],[9.476,56.345],[9.461,56.342],[9.472,56.324],[9.48,56.323],[9.489,56.313],[9.508,56.308],[9.513,56.316],[9.547,56.313],[9.558,56.318],[9.57,56.316],[9.585,56.32],[9.598,56.315],[9.601,56.309],[9.608,56.307],[9.617,56.31],[9.625,56.309],[9.636,56.314],[9.661,56.316],[9.667,56.319],[9.667,56.327],[9.681,56.326],[9.7,56.327],[9.722,56.33],[9.723,56.335],[9.716,56.34],[9.705,56.343],[9.702,56.349],[9.702,56.361],[9.7,56.368],[9.689,56.376],[9.706,56.377],[9.717,56.382],[9.718,56.382],[9.719,56.383],[9.721,56.383],[9.724,56.382],[9.725,56.383],[9.729,56.384],[9.725,56.388],[9.717,56.392],[9.719,56.392],[9.72,56.392],[9.722,56.392],[9.723,56.392],[9.725,56.391],[9.726,56.391],[9.727,56.392],[9.729,56.393],[9.73,56.393],[9.732,56.395],[9.732,56.397],[9.734,56.398],[9.739,56.398],[9.741,56.398],[9.741,56.399],[9.743,56.399],[9.737,56.402],[9.741,56.406],[9.742,56.408],[9.742,56.409],[9.741,56.41],[9.744,56.41],[9.746,56.41],[9.746,56.415],[9.755,56.415],[9.759,56.419],[9.752,56.425],[9.752,56.429],[9.757,56.429],[9.765,56.435],[9.765,56.437],[9.766,56.438],[9.767,56.439],[9.768,56.439],[9.768,56.44],[9.769,56.44],[9.769,56.439],[9.772,56.439],[9.773,56.443],[9.772,56.446],[9.773,56.446],[9.774,56.448],[9.775,56.449],[9.775,56.45],[9.786,56.46],[9.787,56.477],[9.784,56.481],[9.786,56.491],[9.789,56.494],[9.787,56.515],[9.785,56.521],[9.79,56.525],[9.791,56.533],[9.782,56.542],[9.786,56.55],[9.796,56.562],[9.786,56.561],[9.766,56.556],[9.754,56.555],[9.746,56.564],[9.732,56.57],[9.727,56.579],[9.709,56.588],[9.696,56.59],[9.686,56.588],[9.677,56.59],[9.668,56.585],[9.66,56.585],[9.652,56.58],[9.644,56.58],[9.638,56.583],[9.637,56.588],[9.643,56.591],[9.647,56.604],[9.644,56.608],[9.654,56.611],[9.674,56.613],[9.676,56.621],[9.671,56.628],[9.645,56.632],[9.626,56.632],[9.597,56.629],[9.564,56.635],[9.572,56.64],[9.568,56.648],[9.531,56.651],[9.532,56.656],[9.542,56.663],[9.533,56.671],[9.522,56.669],[9.529,56.679],[9.516,56.68],[9.505,56.683],[9.495,56.682],[9.492,56.675],[9.482,56.676],[9.476,56.669],[9.464,56.662],[9.462,56.652],[9.456,56.647],[9.457,56.639],[9.443,56.638],[9.419,56.641],[9.424,56.646],[9.395,56.653],[9.391,56.66],[9.396,56.665],[9.363,56.663],[9.354,56.671],[9.331,56.668],[9.32,56.672],[9.322,56.666],[9.323,56.665],[9.325,56.659],[9.321,56.642],[9.316,56.639],[9.312,56.627],[9.314,56.625],[9.31,56.616],[9.302,56.608],[9.293,56.605],[9.298,56.602],[9.294,56.592],[9.288,56.573],[9.287,56.564],[9.295,56.554],[9.309,56.552],[9.34,56.558],[9.358,56.566],[9.369,56.568],[9.366,56.551],[9.367,56.54],[9.364,56.534],[9.354,56.538],[9.341,56.541],[9.328,56.538],[9.317,56.53],[9.307,56.525],[9.301,56.528],[9.308,56.532],[9.294,56.534],[9.274,56.545],[9.267,56.552],[9.261,56.555],[9.255,56.572],[9.245,56.574],[9.251,56.578],[9.257,56.586],[9.257,56.591],[9.283,56.599],[9.29,56.61],[9.295,56.611],[9.285,56.622],[9.272,56.626],[9.263,56.623],[9.256,56.628],[9.232,56.628],[9.224,56.627],[9.209,56.63],[9.199,56.627],[9.187,56.621],[9.169,56.622],[9.155,56.63],[9.151,56.635],[9.151,56.643],[9.156,56.645],[9.156,56.652],[9.151,56.655],[9.144,56.647],[9.143,56.641],[9.138,56.634],[9.114,56.62],[9.127,56.616],[9.15,56.619],[9.153,56.616],[9.152,56.61],[9.141,56.602],[9.128,56.6],[9.121,56.602],[9.119,56.607],[9.11,56.608],[9.095,56.603],[9.09,56.59],[9.092,56.584],[9.097,56.579],[9.094,56.57],[9.075,56.556],[9.059,56.556],[9.056,56.563],[9.055,56.573],[9.045,56.585],[9.044,56.609],[9.05,56.615],[9.056,56.629],[9.084,56.643],[9.1,56.647],[9.1,56.656],[9.095,56.663],[9.102,56.669],[9.111,56.666],[9.118,56.667],[9.12,56.678],[9.138,56.694],[9.147,56.699],[9.172,56.708],[9.174,56.712],[9.165,56.719],[9.153,56.726],[9.148,56.73],[9.131,56.74],[9.119,56.756],[9.117,56.763],[9.111,56.769],[9.108,56.781],[9.112,56.787],[9.105,56.788],[9.067,56.803],[9.055,56.8],[9.041,56.801],[9.028,56.8],[9.032,56.792],[9.039,56.791],[9.039,56.785],[9.032,56.784],[9.015,56.79],[9.008,56.789],[8.98,56.798],[8.964,56.802],[8.95,56.798],[8.926,56.788],[8.921,56.782],[8.912,56.775],[8.876,56.763],[8.863,56.764],[8.87,56.758],[8.868,56.751],[8.855,56.744],[8.849,56.735],[8.838,56.723],[8.833,56.716],[8.826,56.71],[8.834,56.707],[8.851,56.707],[8.86,56.712],[8.866,56.711],[8.876,56.705],[8.881,56.712],[8.894,56.707],[8.901,56.711],[8.915,56.708],[8.919,56.703],[8.918,56.698],[8.906,56.693],[8.892,56.692],[8.883,56.698],[8.871,56.7],[8.869,56.691],[8.852,56.693],[8.845,56.688],[8.836,56.687],[8.82,56.695],[8.813,56.694],[8.801,56.685],[8.792,56.681],[8.784,56.674],[8.775,56.655],[8.761,56.644],[8.757,56.64],[8.748,56.637],[8.73,56.624],[8.718,56.622],[8.689,56.628],[8.677,56.622],[8.676,56.61],[8.686,56.609],[8.694,56.603],[8.702,56.585],[8.727,56.573],[8.752,56.565],[8.762,56.555],[8.757,56.547],[8.749,56.545],[8.741,56.535],[8.735,56.531],[8.742,56.516],[8.742,56.504],[8.744,56.501],[8.743,56.492],[8.737,56.482],[8.732,56.478],[8.718,56.478],[8.702,56.473],[8.667,56.468],[8.653,56.467],[8.635,56.47],[8.622,56.474],[8.612,56.485],[8.611,56.5],[8.599,56.492],[8.585,56.494],[8.57,56.494],[8.557,56.498],[8.548,56.483],[8.528,56.482],[8.529,56.487],[8.542,56.486],[8.547,56.493],[8.543,56.496],[8.551,56.502],[8.564,56.505],[8.574,56.505],[8.584,56.501],[8.596,56.515],[8.604,56.52],[8.597,56.523],[8.592,56.529],[8.59,56.535],[8.573,56.546],[8.578,56.552],[8.569,56.56],[8.566,56.573],[8.55,56.557],[8.537,56.549],[8.526,56.544],[8.515,56.541],[8.501,56.544],[8.488,56.552],[8.472,56.557],[8.457,56.56],[8.439,56.567],[8.425,56.571],[8.4,56.576],[8.388,56.579],[8.356,56.575],[8.329,56.578],[8.308,56.572],[8.305,56.559],[8.309,56.552],[8.298,56.551],[8.294,56.562],[8.298,56.564],[8.283,56.582],[8.284,56.586],[8.307,56.589],[8.301,56.595],[8.292,56.599],[8.272,56.598],[8.251,56.6],[8.238,56.606],[8.229,56.608],[8.233,56.623],[8.227,56.628],[8.199,56.634],[8.187,56.636],[8.192,56.649],[8.202,56.652],[8.217,56.655],[8.213,56.661],[8.22,56.663],[8.223,56.675],[8.231,56.682],[8.225,56.684],[8.226,56.689],[8.222,56.703],[8.219,56.708],[8.213,56.709],[8.197,56.697],[8.193,56.689],[8.173,56.666],[8.158,56.641],[8.151,56.624],[8.149,56.614],[8.138,56.59],[8.135,56.581],[8.125,56.562],[8.117,56.533],[8.116,56.521],[8.117,56.509],[8.125,56.471],[8.121,56.432],[8.12,56.407],[8.117,56.382],[8.115,56.373],[8.127,56.373],[8.132,56.377],[8.125,56.382],[8.136,56.389],[8.132,56.398],[8.122,56.4],[8.131,56.405],[8.123,56.417],[8.132,56.42],[8.127,56.432],[8.136,56.438],[8.146,56.432],[8.164,56.434],[8.166,56.42],[8.169,56.417],[8.163,56.413],[8.168,56.4],[8.184,56.386],[8.187,56.379],[8.201,56.371],[8.218,56.366],[8.223,56.362],[8.236,56.358],[8.243,56.354],[8.244,56.35],[8.252,56.347],[8.259,56.334],[8.25,56.332],[8.258,56.326],[8.285,56.321],[8.294,56.317],[8.287,56.306],[8.278,56.3],[8.252,56.289],[8.241,56.292],[8.234,56.299],[8.245,56.302],[8.235,56.317],[8.238,56.321],[8.215,56.32],[8.2,56.322],[8.192,56.327],[8.186,56.325],[8.169,56.323],[8.166,56.327],[8.168,56.335],[8.161,56.336],[8.142,56.33],[8.13,56.33],[8.128,56.349],[8.134,56.35],[8.133,56.357],[8.138,56.363],[8.136,56.37],[8.12,56.372],[8.117,56.37],[8.12,56.359],[8.121,56.316],[8.125,56.284],[8.13,56.262],[8.13,56.226],[8.127,56.2],[8.123,56.184],[8.12,56.175],[8.114,56.148],[8.107,56.115],[8.099,56.072],[8.098,56.06],[8.098,56.044],[8.112,56.001],[8.13,56.004],[8.138,56.007],[8.133,56.01],[8.124,56.035],[8.129,56.052],[8.126,56.058],[8.132,56.077],[8.131,56.084],[8.138,56.095],[8.146,56.099],[8.139,56.104],[8.141,56.115],[8.149,56.11],[8.166,56.106],[8.195,56.101],[8.2,56.099],[8.228,56.094],[8.234,56.087],[8.245,56.086],[8.282,56.066],[8.298,56.061],[8.307,56.052],[8.302,56.046],[8.304,56.032],[8.309,56.027],[8.307,56.014],[8.311,56.01],[8.313,55.997],[8.321,55.985],[8.33,55.98],[8.332,55.977],[8.342,55.974],[8.344,55.969],[8.358,55.965],[8.353,55.96],[8.362,55.956],[8.369,55.949],[8.375,55.945],[8.377,55.924],[8.363,55.915],[8.365,55.91],[8.382,55.908],[8.377,55.901],[8.357,55.892],[8.345,55.884],[8.332,55.876],[8.327,55.869],[8.315,55.866],[8.302,55.86],[8.295,55.855],[8.278,55.851],[8.273,55.843],[8.267,55.842],[8.258,55.847],[8.263,55.855],[8.261,55.865],[8.264,55.87],[8.278,55.876],[8.279,55.879],[8.269,55.884],[8.259,55.884],[8.247,55.88],[8.244,55.877],[8.233,55.884],[8.229,55.889],[8.231,55.895],[8.208,55.897],[8.205,55.888],[8.212,55.88],[8.201,55.879],[8.195,55.877],[8.208,55.872],[8.204,55.868],[8.209,55.862],[8.203,55.855],[8.193,55.851],[8.185,55.851],[8.186,55.845],[8.181,55.838],[8.18,55.831],[8.204,55.832],[8.229,55.825],[8.224,55.82],[8.226,55.813],[8.243,55.812],[8.263,55.804],[8.271,55.797],[8.279,55.797],[8.284,55.801],[8.293,55.798],[8.304,55.797],[8.317,55.8],[8.327,55.8],[8.329,55.804],[8.351,55.822],[8.373,55.808],[8.376,55.804],[8.388,55.802],[8.404,55.803],[8.424,55.799],[8.42,55.795],[8.44,55.788],[8.443,55.78],[8.449,55.776],[8.469,55.773],[8.462,55.781],[8.495,55.777],[8.5,55.777],[8.514,55.788],[8.509,55.798],[8.513,55.81],[8.533,55.815],[8.54,55.822],[8.546,55.822],[8.543,55.831],[8.532,55.841],[8.567,55.85],[8.581,55.841],[8.595,55.837],[8.609,55.841],[8.615,55.84],[8.626,55.845],[8.657,55.844],[8.676,55.848],[8.692,55.84],[8.708,55.838],[8.707,55.825],[8.722,55.821],[8.722,55.814],[8.729,55.814],[8.744,55.806],[8.759,55.806],[8.791,55.812],[8.826,55.819],[8.813,55.828],[8.802,55.833],[8.795,55.838],[8.808,55.843],[8.822,55.847],[8.84,55.882],[8.856,55.881],[8.865,55.895],[8.876,55.893],[8.881,55.896],[8.932,55.891],[8.943,55.892],[8.966,55.885],[8.968,55.865],[8.959,55.849],[8.959,55.842],[8.988,55.838],[9.009,55.832],[9.015,55.836],[9.021,55.834],[9.03,55.841],[9.046,55.836],[9.059,55.851],[9.072,55.849],[9.083,55.865],[9.097,55.877],[9.118,55.869],[9.134,55.882],[9.147,55.885],[9.16,55.896],[9.169,55.897],[9.179,55.907],[9.178,55.91],[9.196,55.917],[9.194,55.925],[9.198,55.935],[9.204,55.936],[9.21,55.944],[9.215,55.943],[9.218,55.954],[9.227,55.957],[9.24,55.953],[9.257,55.953],[9.276,55.944],[9.281,55.939],[9.294,55.936],[9.311,55.938],[9.319,55.934],[9.335,55.931],[9.343,55.936],[9.35,55.938],[9.386,55.927],[9.387,55.924]]],[[[8.255,55.893],[8.254,55.886],[8.266,55.89],[8.255,55.893]]],[[[8.19,55.817],[8.176,55.825],[8.177,55.829],[8.174,55.844],[8.179,55.851],[8.196,55.863],[8.185,55.868],[8.179,55.874],[8.184,55.883],[8.177,55.89],[8.168,55.906],[8.176,55.911],[8.173,55.918],[8.175,55.925],[8.168,55.929],[8.172,55.95],[8.157,55.956],[8.156,55.964],[8.147,55.979],[8.137,55.987],[8.134,55.997],[8.127,56.001],[8.117,55.999],[8.125,55.99],[8.131,55.978],[8.141,55.951],[8.153,55.897],[8.153,55.891],[8.157,55.865],[8.161,55.853],[8.164,55.839],[8.171,55.815],[8.182,55.819],[8.19,55.817]]],[[[8.672,56.583],[8.641,56.582],[8.631,56.574],[8.612,56.554],[8.619,56.548],[8.621,56.542],[8.619,56.537],[8.635,56.523],[8.636,56.536],[8.63,56.544],[8.633,56.553],[8.638,56.56],[8.652,56.568],[8.641,56.573],[8.641,56.579],[8.656,56.582],[8.663,56.58],[8.672,56.583]]],[[[8.615,56.663],[8.6,56.661],[8.596,56.663],[8.587,56.653],[8.599,56.65],[8.601,56.644],[8.597,56.639],[8.613,56.635],[8.627,56.628],[8.631,56.629],[8.636,56.64],[8.631,56.644],[8.63,56.648],[8.636,56.651],[8.642,56.66],[8.632,56.659],[8.622,56.66],[8.615,56.663]]],[[[8.404,56.67],[8.426,56.665],[8.441,56.655],[8.453,56.651],[8.463,56.644],[8.469,56.638],[8.483,56.634],[8.492,56.627],[8.502,56.611],[8.502,56.606],[8.511,56.6],[8.515,56.59],[8.522,56.587],[8.529,56.581],[8.544,56.577],[8.555,56.58],[8.545,56.584],[8.539,56.583],[8.53,56.588],[8.531,56.594],[8.542,56.599],[8.551,56.6],[8.588,56.601],[8.592,56.605],[8.592,56.613],[8.596,56.62],[8.596,56.635],[8.591,56.641],[8.585,56.642],[8.57,56.654],[8.577,56.66],[8.575,56.665],[8.58,56.673],[8.588,56.68],[8.583,56.688],[8.575,56.685],[8.56,56.688],[8.551,56.683],[8.539,56.683],[8.528,56.675],[8.514,56.669],[8.5,56.666],[8.483,56.672],[8.476,56.677],[8.478,56.683],[8.468,56.685],[8.444,56.68],[8.431,56.672],[8.424,56.671],[8.405,56.676],[8.404,56.67]]],[[[9.038,56.847],[9.006,56.844],[8.977,56.839],[8.956,56.837],[8.951,56.833],[8.964,56.829],[8.974,56.816],[9.004,56.798],[9.01,56.802],[9.022,56.804],[9.023,56.811],[9.03,56.819],[9.036,56.818],[9.048,56.821],[9.058,56.818],[9.071,56.822],[9.078,56.829],[9.061,56.83],[9.059,56.835],[9.063,56.844],[9.038,56.847]]]]},"properties":{"code":"10","name":"Vestjylland"}},
{"type":"Feature","geometry":{"type":"MultiPolygon","coordinates":[[[[9.672,55.712],[9.684,55.71],[9.696,55.706],[9.699,55.703],[9.714,55.703],[9.72,55.697],[9.735,55.688],[9.751,55.681],[9.764,55.681],[9.787,55.681],[9.798,55.678],[9.808,55.678],[9.818,55.669],[9.83,55.67],[9.85,55.674],[9.862,55.682],[9.882,55.687],[9.914,55.692],[9.986,55.697],[10,55.701],[10.014,55.701],[10.029,55.697],[10.023,55.705],[10.019,55.715],[10,55.718],[10.001,55.728],[10.007,55.731],[10.021,55.734],[10.036,55.734],[10.043,55.74],[10.054,55.746],[10.066,55.746],[10.082,55.745],[10.077,55.753],[10.032,55.757],[10.025,55.759],[10.018,55.765],[10.016,55.771],[10.017,55.779],[10.025,55.782],[10.044,55.793],[10.051,55.8],[10.066,55.808],[10.057,55.812],[10.05,55.824],[10.03,55.824],[10.021,55.825],[10.023,55.832],[10.006,55.825],[9.981,55.827],[9.968,55.832],[9.963,55.831],[9.949,55.833],[9.923,55.838],[9.892,55.842],[9.878,55.847],[9.875,55.86],[9.882,55.863],[9.901,55.866],[9.916,55.858],[9.932,55.862],[9.949,55.859],[9.967,55.859],[9.962,55.866],[9.969,55.88],[9.986,55.879],[9.998,55.88],[10.017,55.875],[10.038,55.876],[10.045,55.879],[10.063,55.88],[10.072,55.884],[10.083,55.885],[10.1,55.882],[10.111,55.883],[10.112,55.874],[10.118,55.871],[10.115,55.864],[10.098,55.867],[10.061,55.87],[10.047,55.862],[10.041,55.853],[10.037,55.852],[10.036,55.844],[10.044,55.843],[10.054,55.847],[10.079,55.848],[10.095,55.858],[10.116,55.864],[10.119,55.871],[10.129,55.875],[10.135,55.881],[10.144,55.875],[10.145,55.87],[10.139,55.861],[10.159,55.846],[10.193,55.837],[10.199,55.842],[10.192,55.85],[10.204,55.859],[10.203,55.865],[10.195,55.869],[10.192,55.886],[10.204,55.886],[10.219,55.894],[10.225,55.9],[10.24,55.909],[10.259,55.912],[10.257,55.916],[10.258,55.932],[10.261,55.947],[10.266,55.957],[10.264,55.963],[10.256,55.972],[10.252,55.983],[10.255,55.995],[10.262,56.001],[10.266,56.008],[10.273,56.016],[10.281,56.02],[10.267,56.024],[10.259,56.021],[10.25,56.021],[10.239,56.01],[10.223,56.011],[10.234,56.016],[10.243,56.024],[10.256,56.026],[10.266,56.024],[10.271,56.041],[10.271,56.048],[10.263,56.056],[10.249,56.084],[10.248,56.093],[10.24,56.1],[10.236,56.109],[10.228,56.12],[10.216,56.126],[10.209,56.136],[10.214,56.139],[10.227,56.139],[10.255,56.15],[10.246,56.158],[10.232,56.149],[10.234,56.157],[10.227,56.158],[10.22,56.15],[10.216,56.151],[10.215,56.158],[10.22,56.158],[10.232,56.166],[10.224,56.171],[10.239,56.184],[10.246,56.189],[10.261,56.195],[10.28,56.2],[10.293,56.216],[10.303,56.224],[10.315,56.229],[10.326,56.23],[10.339,56.236],[10.345,56.245],[10.353,56.248],[10.347,56.252],[10.346,56.263],[10.362,56.272],[10.37,56.27],[10.379,56.271],[10.389,56.278],[10.382,56.285],[10.383,56.289],[10.393,56.293],[10.402,56.291],[10.41,56.293],[10.416,56.29],[10.43,56.296],[10.446,56.291],[10.453,56.288],[10.459,56.28],[10.474,56.28],[10.48,56.283],[10.489,56.279],[10.503,56.276],[10.502,56.27],[10.509,56.264],[10.505,56.26],[10.488,56.262],[10.484,56.259],[10.483,56.251],[10.474,56.244],[10.464,56.241],[10.453,56.232],[10.467,56.229],[10.472,56.225],[10.468,56.221],[10.476,56.215],[10.481,56.207],[10.468,56.2],[10.457,56.197],[10.452,56.2],[10.435,56.201],[10.425,56.209],[10.437,56.221],[10.413,56.219],[10.412,56.213],[10.406,56.207],[10.391,56.205],[10.376,56.201],[10.358,56.199],[10.348,56.201],[10.346,56.194],[10.358,56.193],[10.374,56.185],[10.38,56.167],[10.388,56.164],[10.398,56.162],[10.419,56.162],[10.434,56.17],[10.44,56.179],[10.453,56.182],[10.475,56.179],[10.491,56.171],[10.505,56.169],[10.519,56.173],[10.529,56.165],[10.523,56.156],[10.517,56.145],[10.491,56.146],[10.481,56.139],[10.483,56.135],[10.49,56.127],[10.497,56.115],[10.506,56.105],[10.511,56.096],[10.54,56.102],[10.545,56.102],[10.557,56.113],[10.559,56.124],[10.554,56.133],[10.552,56.148],[10.543,56.152],[10.533,56.162],[10.536,56.174],[10.545,56.183],[10.556,56.189],[10.562,56.197],[10.577,56.203],[10.577,56.209],[10.585,56.219],[10.598,56.223],[10.603,56.227],[10.622,56.228],[10.63,56.226],[10.655,56.226],[10.671,56.217],[10.676,56.209],[10.677,56.204],[10.67,56.197],[10.669,56.189],[10.664,56.185],[10.654,56.183],[10.642,56.188],[10.637,56.181],[10.647,56.168],[10.658,56.162],[10.675,56.156],[10.681,56.152],[10.68,56.146],[10.689,56.141],[10.699,56.141],[10.714,56.142],[10.721,56.149],[10.734,56.168],[10.738,56.183],[10.735,56.197],[10.736,56.213],[10.743,56.224],[10.754,56.233],[10.768,56.24],[10.778,56.243],[10.791,56.244],[10.795,56.248],[10.813,56.258],[10.827,56.279],[10.842,56.293],[10.863,56.3],[10.872,56.311],[10.889,56.323],[10.896,56.329],[10.914,56.344],[10.915,56.38],[10.916,56.387],[10.921,56.393],[10.922,56.413],[10.928,56.416],[10.932,56.422],[10.928,56.425],[10.935,56.432],[10.943,56.436],[10.955,56.437],[10.959,56.442],[10.953,56.448],[10.95,56.456],[10.938,56.461],[10.926,56.47],[10.916,56.472],[10.899,56.481],[10.877,56.487],[10.87,56.496],[10.867,56.51],[10.862,56.518],[10.855,56.52],[10.836,56.531],[10.826,56.531],[10.809,56.534],[10.797,56.537],[10.766,56.538],[10.741,56.533],[10.727,56.531],[10.671,56.53],[10.658,56.527],[10.637,56.526],[10.622,56.524],[10.608,56.52],[10.588,56.517],[10.57,56.517],[10.56,56.515],[10.53,56.513],[10.507,56.513],[10.489,56.516],[10.466,56.521],[10.441,56.523],[10.426,56.526],[10.408,56.532],[10.389,56.542],[10.37,56.554],[10.351,56.57],[10.345,56.58],[10.345,56.592],[10.342,56.597],[10.316,56.602],[10.313,56.606],[10.302,56.606],[10.3,56.6],[10.303,56.593],[10.286,56.58],[10.273,56.576],[10.261,56.564],[10.253,56.559],[10.255,56.554],[10.25,56.55],[10.231,56.545],[10.23,56.521],[10.234,56.517],[10.233,56.508],[10.235,56.495],[10.227,56.483],[10.24,56.474],[10.251,56.472],[10.264,56.473],[10.276,56.47],[10.257,56.467],[10.242,56.469],[10.223,56.474],[10.199,56.471],[10.184,56.472],[10.161,56.465],[10.154,56.463],[10.131,56.456],[10.107,56.463],[10.088,56.464],[10.066,56.462],[10.048,56.457],[10.051,56.462],[10.074,56.464],[10.084,56.468],[10.104,56.466],[10.117,56.466],[10.12,56.46],[10.131,56.458],[10.153,56.464],[10.162,56.466],[10.183,56.472],[10.207,56.473],[10.212,56.476],[10.228,56.503],[10.224,56.507],[10.224,56.521],[10.217,56.535],[10.22,56.553],[10.231,56.555],[10.243,56.569],[10.245,56.578],[10.265,56.588],[10.279,56.592],[10.28,56.596],[10.289,56.604],[10.299,56.609],[10.32,56.617],[10.335,56.62],[10.343,56.623],[10.358,56.637],[10.36,56.646],[10.35,56.659],[10.363,56.662],[10.352,56.694],[10.339,56.701],[10.31,56.701],[10.302,56.697],[10.284,56.693],[10.268,56.698],[10.254,56.699],[10.239,56.694],[10.205,56.682],[10.194,56.684],[10.197,56.679],[10.18,56.672],[10.166,56.671],[10.164,56.661],[10.156,56.661],[10.158,56.652],[10.141,56.646],[10.135,56.649],[10.124,56.647],[10.119,56.641],[10.125,56.637],[10.115,56.625],[10.105,56.622],[10.093,56.622],[10.076,56.613],[10.053,56.604],[10.043,56.602],[10.026,56.601],[10.009,56.598],[10.002,56.594],[9.98,56.592],[9.972,56.596],[9.959,56.597],[9.958,56.592],[9.949,56.581],[9.925,56.577],[9.91,56.576],[9.9,56.572],[9.888,56.574],[9.877,56.566],[9.881,56.557],[9.866,56.555],[9.846,56.555],[9.833,56.55],[9.823,56.557],[9.817,56.557],[9.81,56.562],[9.796,56.562],[9.786,56.55],[9.782,56.542],[9.791,56.533],[9.79,56.525],[9.785,56.521],[9.787,56.515],[9.789,56.494],[9.786,56.491],[9.784,56.481],[9.787,56.477],[9.786,56.46],[9.775,56.45],[9.775,56.449],[9.774,56.448],[9.773,56.446],[9.772,56.446],[9.773,56.443],[9.772,56.439],[9.769,56.439],[9.769,56.44],[9.768,56.44],[9.768,56.439],[9.767,56.439],[9.766,56.438],[9.765,56.437],[9.765,56.435],[9.757,56.429],[9.752,56.429],[9.752,56.425],[9.759,56.419],[9.755,56.415],[9.746,56.415],[9.746,56.41],[9.744,56.41],[9.741,56.41],[9.742,56.409],[9.742,56.408],[9.741,56.406],[9.737,56.402],[9.743,56.399],[9.741,56.399],[9.741,56.398],[9.739,56.398],[9.734,56.398],[9.732,56.397],[9.732,56.395],[9.73,56.393],[9.729,56.393],[9.727,56.392],[9.726,56.391],[9.725,56.391],[9.723,56.392],[9.722,56.392],[9.72,56.392],[9.719,56.392],[9.717,56.392],[9.725,56.388],[9.729,56.384],[9.725,56.383],[9.724,56.382],[9.721,56.383],[9.719,56.383],[9.718,56.382],[9.717,56.382],[9.706,56.377],[9.689,56.376],[9.7,56.368],[9.702,56.361],[9.702,56.349],[9.705,56.343],[9.716,56.34],[9.723,56.335],[9.722,56.33],[9.7,56.327],[9.681,56.326],[9.667,56.327],[9.667,56.319],[9.661,56.316],[9.636,56.314],[9.625,56.309],[9.617,56.31],[9.608,56.307],[9.601,56.309],[9.598,56.315],[9.585,56.32],[9.57,56.316],[9.558,56.318],[9.547,56.313],[9.513,56.316],[9.508,56.308],[9.489,56.313],[9.48,56.323],[9.472,56.324],[9.461,56.342],[9.476,56.345],[9.482,56.348],[9.481,56.353],[9.466,56.358],[9.438,56.37],[9.432,56.363],[9.423,56.362],[9.412,56.354],[9.404,56.35],[9.379,56.357],[9.369,56.361],[9.366,56.357],[9.375,56.345],[9.366,56.345],[9.339,56.341],[9.326,56.344],[9.317,56.34],[9.308,56.333],[9.308,56.325],[9.294,56.318],[9.298,56.312],[9.278,56.307],[9.256,56.29],[9.262,56.284],[9.252,56.28],[9.249,56.283],[9.235,56.284],[9.238,56.278],[9.249,56.274],[9.242,56.271],[9.231,56.272],[9.223,56.258],[9.225,56.243],[9.222,56.234],[9.234,56.225],[9.28,56.205],[9.281,56.208],[9.315,56.206],[9.327,56.209],[9.326,56.201],[9.33,56.196],[9.343,56.195],[9.35,56.19],[9.356,56.194],[9.366,56.193],[9.368,56.187],[9.363,56.181],[9.372,56.173],[9.382,56.172],[9.391,56.173],[9.387,56.162],[9.386,56.152],[9.393,56.145],[9.402,56.144],[9.419,56.136],[9.404,56.129],[9.409,56.123],[9.407,56.12],[9.411,56.105],[9.419,56.095],[9.407,56.095],[9.398,56.092],[9.397,56.088],[9.382,56.088],[9.364,56.092],[9.346,56.098],[9.333,56.096],[9.318,56.1],[9.319,56.087],[9.317,56.081],[9.308,56.076],[9.327,56.067],[9.348,56.054],[9.351,56.047],[9.35,56.036],[9.347,56.026],[9.364,56.025],[9.384,56.025],[9.387,56.024],[9.404,56.029],[9.421,56.028],[9.431,56.016],[9.436,56.005],[9.448,56.001],[9.455,55.996],[9.478,55.986],[9.492,55.976],[9.503,55.972],[9.505,55.96],[9.51,55.956],[9.51,55.946],[9.514,55.94],[9.513,55.934],[9.524,55.925],[9.535,55.919],[9.559,55.916],[9.558,55.905],[9.54,55.906],[9.54,55.911],[9.523,55.907],[9.517,55.9],[9.51,55.906],[9.5,55.907],[9.468,55.907],[9.457,55.909],[9.436,55.91],[9.419,55.914],[9.41,55.915],[9.398,55.922],[9.387,55.924],[9.387,55.917],[9.394,55.914],[9.396,55.907],[9.409,55.899],[9.412,55.893],[9.43,55.887],[9.443,55.874],[9.459,55.864],[9.46,55.86],[9.449,55.858],[9.443,55.853],[9.456,55.85],[9.455,55.846],[9.448,55.843],[9.447,55.835],[9.455,55.835],[9.471,55.833],[9.483,55.833],[9.487,55.827],[9.504,55.827],[9.504,55.82],[9.51,55.812],[9.507,55.81],[9.509,55.802],[9.515,55.8],[9.514,55.8],[9.514,55.799],[9.515,55.799],[9.515,55.798],[9.515,55.797],[9.514,55.797],[9.514,55.796],[9.516,55.796],[9.52,55.793],[9.521,55.786],[9.522,55.786],[9.523,55.786],[9.524,55.786],[9.532,55.786],[9.541,55.784],[9.539,55.779],[9.539,55.773],[9.556,55.778],[9.564,55.773],[9.574,55.774],[9.574,55.776],[9.576,55.776],[9.579,55.777],[9.586,55.779],[9.598,55.772],[9.592,55.768],[9.585,55.764],[9.592,55.761],[9.594,55.752],[9.606,55.753],[9.626,55.758],[9.648,55.754],[9.652,55.76],[9.674,55.754],[9.682,55.748],[9.678,55.745],[9.684,55.74],[9.685,55.734],[9.681,55.732],[9.682,55.726],[9.675,55.721],[9.672,55.712]]],[[[10.324,55.78],[10.313,55.791],[10.304,55.782],[10.307,55.778],[10.297,55.77],[10.301,55.763],[10.274,55.759],[10.25,55.762],[10.235,55.753],[10.241,55.748],[10.247,55.747],[10.261,55.748],[10.284,55.748],[10.308,55.742],[10.322,55.747],[10.329,55.766],[10.324,55.78]]],[[[10.074,55.834],[10.063,55.833],[10.058,55.829],[10.069,55.818],[10.083,55.818],[10.093,55.819],[10.099,55.823],[10.101,55.827],[10.074,55.834]]],[[[10.015,55.871],[9.997,55.871],[9.995,55.866],[10.008,55.865],[10.015,55.871]]],[[[10.744,55.949],[10.753,55.944],[10.764,55.943],[10.763,55.948],[10.744,55.949]]],[[[10.416,55.96],[10.403,55.96],[10.415,55.951],[10.429,55.945],[10.437,55.943],[10.454,55.949],[10.456,55.953],[10.443,55.957],[10.428,55.958],[10.416,55.96]]],[[[10.592,55.938],[10.58,55.948],[10.572,55.961],[10.565,55.982],[10.563,56.001],[10.55,55.997],[10.522,55.979],[10.52,55.973],[10.522,55.962],[10.53,55.942],[10.538,55.936],[10.557,55.938],[10.571,55.934],[10.586,55.926],[10.598,55.914],[10.601,55.907],[10.596,55.895],[10.594,55.884],[10.585,55.87],[10.577,55.865],[10.553,55.864],[10.53,55.853],[10.526,55.823],[10.531,55.797],[10.53,55.791],[10.54,55.777],[10.55,55.769],[10.58,55.77],[10.592,55.767],[10.619,55.764],[10.625,55.775],[10.635,55.784],[10.643,55.797],[10.644,55.806],[10.637,55.822],[10.639,55.832],[10.646,55.846],[10.659,55.86],[10.68,55.871],[10.677,55.873],[10.679,55.884],[10.672,55.884],[10.662,55.879],[10.653,55.878],[10.646,55.875],[10.635,55.877],[10.626,55.885],[10.629,55.89],[10.62,55.891],[10.612,55.902],[10.611,55.909],[10.623,55.914],[10.629,55.919],[10.635,55.915],[10.652,55.917],[10.631,55.925],[10.619,55.925],[10.607,55.929],[10.592,55.938]]],[[[10.806,56.13],[10.811,56.135],[10.804,56.138],[10.798,56.133],[10.806,56.13]]],[[[11.65,56.738],[11.612,56.731],[11.581,56.725],[11.561,56.724],[11.546,56.726],[11.531,56.725],[11.515,56.717],[11.512,56.714],[11.523,56.707],[11.535,56.692],[11.543,56.689],[11.551,56.688],[11.576,56.69],[11.584,56.692],[11.603,56.709],[11.625,56.722],[11.642,56.73],[11.657,56.735],[11.65,56.738]]]]},"properties":{"code":"09","name":"Østjylland"}},
{"type":"Feature","geometry":{"type":"MultiPolygon","coordinates":[[[[8.405,56.676],[8.4,56.679],[8.408,56.684],[8.417,56.682],[8.427,56.687],[8.431,56.691],[8.445,56.694],[8.45,56.697],[8.481,56.692],[8.49,56.684],[8.513,56.68],[8.513,56.69],[8.526,56.698],[8.526,56.702],[8.512,56.7],[8.516,56.709],[8.514,56.714],[8.498,56.715],[8.484,56.716],[8.471,56.714],[8.469,56.716],[8.48,56.724],[8.489,56.747],[8.499,56.756],[8.481,56.767],[8.471,56.777],[8.469,56.781],[8.477,56.789],[8.487,56.796],[8.523,56.807],[8.534,56.806],[8.536,56.81],[8.531,56.815],[8.535,56.818],[8.573,56.818],[8.584,56.827],[8.61,56.842],[8.611,56.847],[8.633,56.865],[8.624,56.868],[8.623,56.871],[8.631,56.877],[8.625,56.888],[8.64,56.899],[8.639,56.91],[8.65,56.918],[8.662,56.923],[8.657,56.937],[8.665,56.948],[8.671,56.952],[8.698,56.95],[8.711,56.952],[8.719,56.95],[8.73,56.95],[8.749,56.946],[8.757,56.946],[8.777,56.949],[8.785,56.952],[8.789,56.959],[8.806,56.964],[8.818,56.967],[8.829,56.968],[8.832,56.971],[8.843,56.972],[8.848,56.975],[8.845,56.98],[8.828,56.987],[8.825,56.992],[8.852,56.996],[8.858,56.991],[8.866,56.995],[8.89,56.991],[8.895,56.985],[8.886,56.982],[8.895,56.974],[8.906,56.977],[8.911,56.982],[8.922,56.998],[8.933,57.004],[8.948,57.007],[8.967,57.006],[8.981,57.016],[9.001,57.021],[9.023,57.023],[9.034,57.017],[9.033,57.009],[9.044,57.008],[9.047,57.011],[9.085,57.028],[9.133,57.04],[9.145,57.036],[9.147,57.032],[9.165,57.022],[9.175,57.021],[9.177,57.018],[9.21,57],[9.229,56.992],[9.257,56.992],[9.267,56.994],[9.283,57],[9.291,56.999],[9.301,57.009],[9.353,57.024],[9.367,57.025],[9.375,57.024],[9.414,57.035],[9.426,57.037],[9.477,57.043],[9.488,57.046],[9.497,57.042],[9.508,57.045],[9.546,57.045],[9.576,57.041],[9.582,57.048],[9.614,57.051],[9.623,57.058],[9.626,57.062],[9.642,57.068],[9.638,57.07],[9.624,57.069],[9.613,57.075],[9.638,57.088],[9.665,57.096],[9.68,57.097],[9.688,57.095],[9.679,57.091],[9.667,57.083],[9.657,57.084],[9.649,57.079],[9.652,57.072],[9.666,57.074],[9.69,57.068],[9.702,57.063],[9.715,57.064],[9.728,57.064],[9.747,57.067],[9.757,57.071],[9.768,57.08],[9.776,57.094],[9.791,57.096],[9.777,57.103],[9.781,57.106],[9.789,57.106],[9.816,57.097],[9.842,57.087],[9.872,57.073],[9.88,57.067],[9.91,57.061],[9.924,57.056],[9.935,57.054],[9.953,57.058],[9.96,57.07],[9.971,57.08],[9.987,57.087],[10.004,57.09],[10.012,57.089],[10.031,57.079],[10.039,57.072],[10.069,57.06],[10.077,57.056],[10.093,57.053],[10.109,57.047],[10.123,57.04],[10.148,57.025],[10.161,57.021],[10.174,57.013],[10.181,57.007],[10.204,56.996],[10.222,56.99],[10.24,56.987],[10.258,56.986],[10.272,56.991],[10.3,56.994],[10.31,56.991],[10.316,56.992],[10.331,56.989],[10.336,56.991],[10.347,57.004],[10.361,57.026],[10.38,57.055],[10.377,57.058],[10.386,57.083],[10.4,57.111],[10.401,57.117],[10.406,57.121],[10.415,57.139],[10.427,57.143],[10.422,57.149],[10.435,57.163],[10.446,57.174],[10.462,57.184],[10.466,57.188],[10.49,57.203],[10.528,57.216],[10.548,57.23],[10.55,57.247],[10.549,57.26],[10.546,57.274],[10.53,57.314],[10.527,57.324],[10.532,57.333],[10.523,57.344],[10.518,57.358],[10.515,57.376],[10.516,57.387],[10.522,57.403],[10.524,57.413],[10.529,57.419],[10.529,57.431],[10.542,57.433],[10.548,57.444],[10.56,57.437],[10.566,57.445],[10.557,57.45],[10.547,57.451],[10.541,57.459],[10.538,57.467],[10.507,57.486],[10.502,57.495],[10.474,57.514],[10.458,57.527],[10.446,57.538],[10.434,57.554],[10.427,57.571],[10.426,57.581],[10.43,57.599],[10.437,57.612],[10.45,57.628],[10.463,57.64],[10.495,57.666],[10.512,57.679],[10.533,57.693],[10.565,57.71],[10.576,57.715],[10.583,57.713],[10.601,57.715],[10.609,57.719],[10.605,57.722],[10.614,57.728],[10.631,57.735],[10.649,57.744],[10.651,57.747],[10.626,57.752],[10.613,57.753],[10.595,57.751],[10.58,57.749],[10.539,57.736],[10.518,57.728],[10.5,57.718],[10.44,57.692],[10.387,57.666],[10.372,57.659],[10.341,57.644],[10.32,57.635],[10.281,57.623],[10.264,57.616],[10.229,57.609],[10.222,57.606],[10.187,57.599],[10.177,57.596],[10.159,57.593],[10.125,57.589],[10.098,57.59],[10.079,57.59],[10.05,57.592],[10.032,57.59],[10.004,57.589],[9.991,57.596],[9.953,57.592],[9.935,57.583],[9.92,57.566],[9.91,57.557],[9.897,57.543],[9.885,57.531],[9.866,57.517],[9.832,57.496],[9.805,57.483],[9.795,57.477],[9.774,57.452],[9.737,57.403],[9.716,57.38],[9.703,57.371],[9.684,57.349],[9.649,57.317],[9.644,57.311],[9.6,57.273],[9.584,57.261],[9.567,57.246],[9.55,57.234],[9.53,57.22],[9.479,57.198],[9.423,57.173],[9.403,57.165],[9.383,57.159],[9.364,57.156],[9.331,57.155],[9.317,57.154],[9.278,57.145],[9.258,57.143],[9.219,57.141],[9.193,57.138],[9.148,57.139],[9.117,57.141],[9.093,57.145],[9.067,57.151],[9.05,57.155],[9.026,57.159],[9.004,57.155],[8.985,57.158],[8.975,57.158],[8.955,57.152],[8.934,57.141],[8.89,57.125],[8.868,57.118],[8.838,57.111],[8.794,57.104],[8.754,57.099],[8.742,57.099],[8.699,57.108],[8.685,57.113],[8.65,57.119],[8.641,57.122],[8.627,57.123],[8.621,57.126],[8.592,57.118],[8.589,57.119],[8.555,57.084],[8.537,57.069],[8.518,57.056],[8.503,57.047],[8.494,57.044],[8.478,57.045],[8.466,57.037],[8.441,57.011],[8.404,56.98],[8.38,56.963],[8.367,56.959],[8.363,56.961],[8.346,56.941],[8.329,56.924],[8.311,56.904],[8.29,56.879],[8.266,56.85],[8.257,56.837],[8.247,56.818],[8.238,56.804],[8.229,56.784],[8.228,56.77],[8.224,56.74],[8.224,56.731],[8.22,56.723],[8.228,56.723],[8.233,56.719],[8.24,56.708],[8.25,56.709],[8.25,56.721],[8.253,56.776],[8.257,56.777],[8.283,56.769],[8.293,56.763],[8.302,56.754],[8.302,56.746],[8.305,56.734],[8.311,56.722],[8.316,56.716],[8.331,56.708],[8.34,56.697],[8.349,56.692],[8.353,56.686],[8.355,56.677],[8.387,56.674],[8.404,56.67],[8.405,56.676]]],[[[9.796,56.562],[9.81,56.562],[9.817,56.557],[9.823,56.557],[9.833,56.55],[9.846,56.555],[9.866,56.555],[9.881,56.557],[9.877,56.566],[9.888,56.574],[9.9,56.572],[9.91,56.576],[9.925,56.577],[9.949,56.581],[9.958,56.592],[9.959,56.597],[9.972,56.596],[9.98,56.592],[10.002,56.594],[10.009,56.598],[10.026,56.601],[10.043,56.602],[10.053,56.604],[10.076,56.613],[10.093,56.622],[10.105,56.622],[10.115,56.625],[10.125,56.637],[10.119,56.641],[10.124,56.647],[10.135,56.649],[10.141,56.646],[10.158,56.652],[10.156,56.661],[10.164,56.661],[10.166,56.671],[10.18,56.672],[10.197,56.679],[10.194,56.684],[10.185,56.689],[10.183,56.693],[10.169,56.701],[10.165,56.706],[10.153,56.705],[10.127,56.709],[10.119,56.713],[10.113,56.707],[10.112,56.697],[10.109,56.694],[10.093,56.688],[10.087,56.683],[10.074,56.683],[10.055,56.691],[10.048,56.69],[10.045,56.685],[10.032,56.678],[10.032,56.673],[10.019,56.67],[10.012,56.671],[10.003,56.666],[9.993,56.665],[9.983,56.659],[9.986,56.655],[9.969,56.656],[9.959,56.65],[9.946,56.648],[9.94,56.65],[9.926,56.646],[9.906,56.646],[9.883,56.644],[9.879,56.645],[9.859,56.644],[9.848,56.637],[9.831,56.64],[9.815,56.64],[9.807,56.638],[9.803,56.641],[9.826,56.647],[9.844,56.646],[9.855,56.65],[9.887,56.65],[9.901,56.653],[9.916,56.651],[9.949,56.66],[9.954,56.666],[9.964,56.666],[9.971,56.672],[9.986,56.679],[10.006,56.68],[10.014,56.681],[10.016,56.69],[10.027,56.695],[10.039,56.695],[10.043,56.699],[10.061,56.702],[10.07,56.7],[10.075,56.694],[10.1,56.7],[10.104,56.709],[10.119,56.716],[10.128,56.717],[10.158,56.719],[10.166,56.709],[10.182,56.703],[10.2,56.706],[10.204,56.712],[10.22,56.72],[10.236,56.719],[10.248,56.714],[10.272,56.712],[10.284,56.711],[10.3,56.711],[10.326,56.705],[10.333,56.708],[10.331,56.714],[10.334,56.721],[10.325,56.729],[10.306,56.745],[10.297,56.755],[10.287,56.776],[10.284,56.786],[10.276,56.802],[10.271,56.831],[10.27,56.849],[10.267,56.856],[10.266,56.885],[10.264,56.888],[10.263,56.901],[10.27,56.918],[10.271,56.934],[10.273,56.94],[10.287,56.95],[10.29,56.955],[10.283,56.959],[10.29,56.966],[10.295,56.966],[10.304,56.98],[10.291,56.983],[10.258,56.981],[10.247,56.979],[10.232,56.979],[10.192,56.987],[10.182,56.99],[10.148,57.006],[10.137,57.009],[10.127,57.015],[10.119,57.023],[10.096,57.034],[10.074,57.041],[10.076,57.043],[10.058,57.051],[10.037,57.06],[10.025,57.075],[10.016,57.078],[10.004,57.079],[9.989,57.075],[9.975,57.069],[9.964,57.058],[9.946,57.05],[9.931,57.049],[9.908,57.057],[9.879,57.058],[9.869,57.055],[9.856,57.046],[9.844,57.043],[9.819,57.046],[9.807,57.049],[9.777,57.052],[9.762,57.05],[9.743,57.045],[9.718,57.044],[9.698,57.041],[9.678,57.034],[9.67,57.024],[9.672,57.016],[9.671,57.011],[9.651,56.998],[9.641,56.989],[9.63,56.986],[9.63,56.983],[9.62,56.97],[9.616,56.967],[9.599,56.963],[9.594,56.965],[9.578,56.961],[9.578,56.953],[9.573,56.939],[9.572,56.928],[9.568,56.925],[9.554,56.936],[9.549,56.943],[9.537,56.954],[9.548,56.965],[9.557,56.965],[9.565,56.955],[9.572,56.96],[9.565,56.971],[9.568,56.977],[9.584,56.988],[9.566,56.996],[9.511,57.013],[9.501,57.015],[9.48,57.016],[9.464,57.015],[9.442,57.016],[9.428,57.017],[9.366,57.009],[9.352,57.008],[9.33,57.002],[9.302,56.997],[9.292,56.997],[9.288,56.993],[9.283,56.982],[9.283,56.977],[9.276,56.972],[9.26,56.971],[9.241,56.966],[9.23,56.951],[9.224,56.949],[9.215,56.941],[9.2,56.937],[9.196,56.929],[9.182,56.921],[9.178,56.917],[9.171,56.902],[9.165,56.893],[9.166,56.887],[9.185,56.878],[9.2,56.874],[9.209,56.866],[9.211,56.861],[9.211,56.85],[9.208,56.842],[9.202,56.838],[9.199,56.832],[9.188,56.821],[9.168,56.806],[9.174,56.805],[9.178,56.797],[9.188,56.787],[9.189,56.78],[9.185,56.768],[9.188,56.765],[9.199,56.768],[9.236,56.76],[9.24,56.756],[9.243,56.748],[9.24,56.735],[9.225,56.719],[9.213,56.71],[9.208,56.71],[9.199,56.702],[9.182,56.695],[9.175,56.687],[9.161,56.683],[9.162,56.673],[9.176,56.665],[9.181,56.665],[9.199,56.676],[9.224,56.682],[9.232,56.688],[9.246,56.689],[9.257,56.691],[9.266,56.696],[9.279,56.699],[9.291,56.699],[9.306,56.692],[9.32,56.672],[9.331,56.668],[9.354,56.671],[9.363,56.663],[9.396,56.665],[9.391,56.66],[9.395,56.653],[9.424,56.646],[9.419,56.641],[9.443,56.638],[9.457,56.639],[9.456,56.647],[9.462,56.652],[9.464,56.662],[9.476,56.669],[9.482,56.676],[9.492,56.675],[9.495,56.682],[9.505,56.683],[9.516,56.68],[9.529,56.679],[9.522,56.669],[9.533,56.671],[9.542,56.663],[9.532,56.656],[9.531,56.651],[9.568,56.648],[9.572,56.64],[9.564,56.635],[9.597,56.629],[9.626,56.632],[9.645,56.632],[9.671,56.628],[9.676,56.621],[9.674,56.613],[9.654,56.611],[9.644,56.608],[9.647,56.604],[9.643,56.591],[9.637,56.588],[9.638,56.583],[9.644,56.58],[9.652,56.58],[9.66,56.585],[9.668,56.585],[9.677,56.59],[9.686,56.588],[9.696,56.59],[9.709,56.588],[9.727,56.579],[9.732,56.57],[9.746,56.564],[9.754,56.555],[9.766,56.556],[9.786,56.561],[9.796,56.562]]],[[[8.938,56.984],[8.94,56.98],[8.937,56.978],[8.932,56.977],[8.92,56.973],[8.922,56.969],[8.912,56.958],[8.898,56.951],[8.888,56.952],[8.868,56.95],[8.859,56.953],[8.851,56.944],[8.84,56.939],[8.829,56.929],[8.826,56.912],[8.821,56.906],[8.81,56.902],[8.793,56.903],[8.778,56.899],[8.757,56.898],[8.736,56.889],[8.725,56.891],[8.688,56.887],[8.67,56.89],[8.638,56.885],[8.645,56.88],[8.643,56.875],[8.647,56.87],[8.648,56.855],[8.641,56.85],[8.633,56.84],[8.647,56.839],[8.648,56.834],[8.641,56.831],[8.622,56.834],[8.61,56.826],[8.61,56.822],[8.634,56.821],[8.641,56.818],[8.662,56.817],[8.667,56.812],[8.667,56.807],[8.656,56.801],[8.651,56.8],[8.636,56.795],[8.63,56.795],[8.621,56.792],[8.606,56.795],[8.587,56.796],[8.575,56.795],[8.567,56.787],[8.556,56.786],[8.55,56.79],[8.543,56.787],[8.552,56.776],[8.554,56.765],[8.558,56.758],[8.55,56.755],[8.543,56.757],[8.525,56.748],[8.509,56.746],[8.504,56.738],[8.507,56.732],[8.504,56.723],[8.517,56.727],[8.533,56.734],[8.539,56.74],[8.571,56.728],[8.575,56.723],[8.56,56.722],[8.554,56.719],[8.561,56.708],[8.563,56.703],[8.579,56.705],[8.59,56.709],[8.581,56.717],[8.585,56.72],[8.576,56.724],[8.579,56.731],[8.588,56.732],[8.594,56.729],[8.598,56.723],[8.596,56.719],[8.601,56.716],[8.615,56.719],[8.612,56.71],[8.625,56.699],[8.632,56.696],[8.638,56.687],[8.635,56.68],[8.642,56.673],[8.643,56.669],[8.69,56.678],[8.707,56.683],[8.729,56.681],[8.749,56.686],[8.776,56.695],[8.768,56.703],[8.775,56.711],[8.783,56.714],[8.8,56.727],[8.81,56.729],[8.816,56.734],[8.831,56.74],[8.83,56.747],[8.841,56.753],[8.838,56.757],[8.839,56.765],[8.844,56.775],[8.864,56.781],[8.864,56.784],[8.854,56.787],[8.854,56.791],[8.874,56.793],[8.88,56.795],[8.875,56.807],[8.863,56.812],[8.851,56.821],[8.844,56.831],[8.84,56.843],[8.84,56.85],[8.833,56.86],[8.829,56.863],[8.829,56.87],[8.843,56.881],[8.842,56.884],[8.852,56.887],[8.865,56.885],[8.862,56.88],[8.871,56.877],[8.878,56.882],[8.884,56.878],[8.888,56.869],[8.897,56.878],[8.901,56.889],[8.907,56.899],[8.909,56.908],[8.921,56.916],[8.919,56.924],[8.913,56.933],[8.912,56.941],[8.908,56.946],[8.91,56.955],[8.921,56.962],[8.926,56.966],[8.926,56.973],[8.936,56.978],[8.94,56.98],[8.941,56.982],[8.938,56.984]]],[[[11.147,57.328],[11.13,57.321],[11.108,57.318],[11.051,57.318],[11.028,57.318],[11.017,57.31],[11.008,57.306],[10.976,57.305],[10.965,57.303],[10.949,57.303],[10.931,57.299],[10.922,57.295],[10.908,57.281],[10.892,57.272],[10.873,57.266],[10.871,57.256],[10.877,57.252],[10.915,57.244],[10.924,57.247],[10.939,57.246],[10.954,57.236],[10.966,57.232],[10.971,57.228],[10.977,57.216],[10.985,57.219],[10.993,57.217],[11.003,57.218],[11.026,57.225],[11.06,57.234],[11.068,57.239],[11.067,57.242],[11.077,57.247],[11.088,57.255],[11.095,57.272],[11.094,57.279],[11.076,57.28],[11.073,57.283],[11.081,57.289],[11.102,57.296],[11.115,57.298],[11.124,57.297],[11.147,57.301],[11.17,57.298],[11.178,57.303],[11.194,57.297],[11.2,57.321],[11.193,57.324],[11.169,57.324],[11.159,57.327],[11.147,57.328]]],[[[9.843,57.075],[9.815,57.072],[9.813,57.068],[9.821,57.06],[9.839,57.054],[9.857,57.055],[9.875,57.062],[9.862,57.07],[9.86,57.073],[9.843,57.075]]],[[[9.085,56.905],[9.082,56.905],[9.07,56.896],[9.07,56.891],[9.078,56.886],[9.092,56.883],[9.102,56.889],[9.097,56.896],[9.089,56.904],[9.085,56.905]]],[[[11.03,57.215],[11.015,57.212],[11,57.21],[10.993,57.202],[11.013,57.201],[11.036,57.205],[11.04,57.21],[11.03,57.215]]],[[[9.556,57.013],[9.561,57.003],[9.57,57.004],[9.565,57.012],[9.556,57.013]]],[[[10.896,57.247],[10.901,57.24],[10.917,57.241],[10.896,57.247]]],[[[10.865,57.258],[10.896,57.237],[10.889,57.245],[10.865,57.258]]],[[[9.264,56.991],[9.248,56.989],[9.251,56.983],[9.264,56.991]]],[[[8.543,56.703],[8.531,56.7],[8.542,56.696],[8.543,56.703]]]]},"properties":{"code":"11","name":"Nordjylland"}}
]}