{"type":"FeatureCollection", "features": [
{"type":"Feature","geometry":{"type":"Polygon","coordinates":[[[12.585,55.681],[12.584,55.68],[12.584,55.679],[12.585,55.679],[12.587,55.679],[12.587,55.68],[12.588,55.68],[12.588,55.681],[12.587,55.681],[12.587,55.682],[12.585,55.681],[12.584,55.681],[12.585,55.681]]]},"properties":{"code":"1050","name":"København K"}},
{"type":"Feature","geometry":{"type":"Polygon","coordinates":[[[12.588,55.68],[12.589,55.68],[12.59,55.679],[12.592,55.679],[12.593,55.679],[12.593,55.68],[12.591,55.681],[12.589,55.681],[12.588,55.681],[12.588,55.68]]]},"properties":{"code":"1051","name":"København K"}},
{"type":"Feature","geometry":{"type":"MultiPolygon","coordinates":[[[[12.592,55.679],[12.591,55.679],[12.591,55.678],[12.592,55.679]]],[[[12.589,55.68],[12.588,55.679],[12.589,55.679],[12.59,55.679],[12.589,55.68]]]]},"properties":{"code":"1052","name":"København K"}},
{"type":"Feature","geometry":{"type":"Polygon","coordinates":[[[12.591,55.679],[12.59,55.678],[12.591,55.678],[12.591,55.679]]]},"properties":{"code":"1053","name":"København K"}},
{"type":"Feature","geometry":{"type":"MultiPolygon","coordinates":[[[[12.59,55.678],[12.588,55.678],[12.589,55.677],[12.59,55.678]]],[[[12.588,55.679],[12.588,55.678],[12.589,55.679],[12.588,55.679]]]]},"properties":{"code":"1054","name":"København K"}},
{"type":"Feature","geometry":{"type":"MultiPolygon","coordinates":[[[[12.588,55.678],[12.587,55.677],[12.589,55.676],[12.589,55.677],[12.588,55.678]]],[[[12.587,55.679],[12.587,55.678],[12.588,55.678],[12.588,55.679],[12.587,55.68],[12.587,55.679]]]]},"properties":{"code":"1055","name":"København K"}},
{"type":"Feature","geometry":{"type":"Polygon","coordinates":[[[12.587,55.68],[12.588,55.679],[12.589,55.68],[12.588,55.68],[12.587,55.68]]]},"properties":{"code":"1056","name":"København K"}},
{"type":"Feature","geometry":{"type":"Polygon","coordinates":[[[12.59,55.679],[12.589,55.679],[12.588,55.678],[12.587,55.678],[12.586,55.678],[12.587,55.677],[12.588,55.678],[12.59,55.678],[12.591,55.679],[12.592,55.679],[12.59,55.679]]]},"properties":{"code":"1057","name":"København K"}},
{"type":"Feature","geometry":{"type":"Polygon","coordinates":[[[12.592,55.679],[12.591,55.678],[12.59,55.678],[12.589,55.677],[12.589,55.676],[12.587,55.677],[12.586,55.678],[12.585,55.676],[12.586,55.676],[12.587,55.675],[12.588,55.675],[12.589,55.676],[12.595,55.678],[12.593,55.679],[12.592,55.679]]]},"properties":{"code":"1058","name":"København K"}},
{"type":"Feature","geometry":null,"properties":{"code":"1059","name":"København K"}},
{"type":"Feature","geometry":{"type":"Polygon","coordinates":[[[12.585,55.679],[12.585,55.678],[12.584,55.678],[12.583,55.677],[12.582,55.677],[12.583,55.676],[12.584,55.676],[12.585,55.676],[12.586,55.678],[12.587,55.678],[12.587,55.679],[12.585,55.679]]]},"properties":{"code":"1060","name":"København K"}},
{"type":"Feature","geometry":{"type":"Polygon","coordinates":[[[12.583,55.677],[12.582,55.677],[12.582,55.678],[12.581,55.678],[12.58,55.678],[12.582,55.677],[12.583,55.677]]]},"properties":{"code":"1061","name":"København K"}},
{"type":"Feature","geometry":null,"properties":{"code":"1062","name":"København K"}},
{"type":"Feature","geometry":{"type":"Polygon","coordinates":[[[12.585,55.679],[12.585,55.678],[12.584,55.678],[12.583,55.678],[12.582,55.678],[12.582,55.677],[12.583,55.678],[12.584,55.678],[12.585,55.678],[12.585,55.679]]]},"properties":{"code":"1063","name":"København K"}},
{"type":"Feature","geometry":null,"properties":{"code":"1064","name":"København K"}},
{"type":"Feature","geometry":null,"properties":{"code":"1065","name":"København K"}},
{"type":"Feature","geometry":{"type":"Polygon","coordinates":[[[12.583,55.677],[12.583,55.678],[12.582,55.677],[12.583,55.677]]]},"properties":{"code":"1066","name":"København K"}},
{"type":"Feature","geometry":{"type":"Polygon","coordinates":[[[12.582,55.678],[12.583,55.679],[12.582,55.679],[12.581,55.679],[12.58,55.679],[12.581,55.679],[12.581,55.678],[12.582,55.678]]]},"properties":{"code":"1067","name":"København K"}},
{"type":"Feature","geometry":{"type":"Polygon","coordinates":[[[12.584,55.678],[12.583,55.678],[12.583,55.677],[12.584,55.678]]]},"properties":{"code":"1068","name":"København K"}},
{"type":"Feature","geometry":{"type":"Polygon","coordinates":[[[12.582,55.68],[12.582,55.679],[12.583,55.68],[12.582,55.68]]]},"properties":{"code":"1069","name":"København K"}},
{"type":"Feature","geometry":{"type":"Polygon","coordinates":[[[12.584,55.679],[12.583,55.679],[12.582,55.678],[12.583,55.678],[12.584,55.678],[12.585,55.678],[12.585,55.679],[12.584,55.679]]]},"properties":{"code":"1070","name":"København K"}},
{"type":"Feature","geometry":null,"properties":{"code":"1071","name":"København K"}},
{"type":"Feature","geometry":null,"properties":{"code":"1072","name":"København K"}},
{"type":"Feature","geometry":null,"properties":{"code":"1073","name":"København K"}},
{"type":"Feature","geometry":{"type":"Polygon","coordinates":[[[12.584,55.68],[12.583,55.68],[12.582,55.679],[12.583,55.679],[12.584,55.679],[12.584,55.68]]]},"properties":{"code":"1074","name":"København K"}},
{"type":"Feature","geometry":{"type":"MultiPolygon","coordinates":[[[[12.582,55.679],[12.582,55.68],[12.583,55.68],[12.583,55.681],[12.582,55.681],[12.582,55.68],[12.581,55.679],[12.582,55.679]]],[[[12.581,55.679],[12.58,55.68],[12.58,55.679],[12.581,55.679]]],[[[12.584,55.68],[12.584,55.681],[12.583,55.68],[12.584,55.68]]]]},"properties":{"code":"1100","name":"København K"}},
{"type":"Feature","geometry":{"type":"Polygon","coordinates":[[[12.583,55.68],[12.584,55.681],[12.583,55.681],[12.583,55.682],[12.582,55.682],[12.581,55.682],[12.582,55.681],[12.583,55.681],[12.583,55.68]]]},"properties":{"code":"1101","name":"København K"}},
{"type":"Feature","geometry":null,"properties":{"code":"1102","name":"København K"}},
{"type":"Feature","geometry":{"type":"Polygon","coordinates":[[[12.585,55.681],[12.583,55.681],[12.584,55.681],[12.584,55.68],[12.585,55.681]]]},"properties":{"code":"1103","name":"København K"}},
{"type":"Feature","geometry":{"type":"Polygon","coordinates":[[[12.584,55.681],[12.584,55.682],[12.583,55.681],[12.585,55.681],[12.584,55.681]]]},"properties":{"code":"1104","name":"København K"}},
{"type":"Feature","geometry":null,"properties":{"code":"1105","name":"København K"}},
{"type":"Feature","geometry":{"type":"Polygon","coordinates":[[[12.582,55.681],[12.581,55.681],[12.582,55.68],[12.582,55.681]]]},"properties":{"code":"1106","name":"København K"}},
{"type":"Feature","geometry":{"type":"Polygon","coordinates":[[[12.583,55.681],[12.584,55.682],[12.583,55.682],[12.583,55.681]]]},"properties":{"code":"1107","name":"København K"}},
{"type":"Feature","geometry":null,"properties":{"code":"1110","name":"København K"}},
{"type":"Feature","geometry":null,"properties":{"code":"1111","name":"København K"}},
{"type":"Feature","geometry":{"type":"MultiPolygon","coordinates":[[[[12.582,55.68],[12.581,55.681],[12.58,55.681],[12.58,55.682],[12.579,55.681],[12.58,55.681],[12.58,55.68],[12.581,55.679],[12.582,55.68]]],[[[12.576,55.682],[12.578,55.681],[12.579,55.681],[12.579,55.682],[12.578,55.682],[12.576,55.682]]]]},"properties":{"code":"1112","name":"København K"}},
{"type":"Feature","geometry":null,"properties":{"code":"1113","name":"København K"}},
{"type":"Feature","geometry":{"type":"Polygon","coordinates":[[[12.579,55.681],[12.578,55.681],[12.58,55.68],[12.58,55.681],[12.579,55.681]]]},"properties":{"code":"1114","name":"København K"}},
{"type":"Feature","geometry":null,"properties":{"code":"1115","name":"København K"}},
{"type":"Feature","geometry":{"type":"MultiPolygon","coordinates":[[[[12.581,55.682],[12.581,55.683],[12.58,55.683],[12.58,55.682],[12.581,55.682]]],[[[12.58,55.682],[12.579,55.682],[12.579,55.681],[12.58,55.682]]]]},"properties":{"code":"1116","name":"København K"}},
{"type":"Feature","geometry":{"type":"Polygon","coordinates":[[[12.582,55.681],[12.581,55.682],[12.58,55.682],[12.58,55.681],[12.581,55.681],[12.582,55.681]]]},"properties":{"code":"1117","name":"København K"}},
{"type":"Feature","geometry":null,"properties":{"code":"1118","name":"København K"}},
{"type":"Feature","geometry":{"type":"Polygon","coordinates":[[[12.578,55.682],[12.578,55.683],[12.577,55.683],[12.576,55.682],[12.578,55.682]]]},"properties":{"code":"1119","name":"København K"}},
{"type":"Feature","geometry":{"type":"Polygon","coordinates":[[[12.579,55.682],[12.58,55.682],[12.579,55.683],[12.578,55.683],[12.578,55.682],[12.579,55.682]]]},"properties":{"code":"1120","name":"København K"}},
{"type":"Feature","geometry":null,"properties":{"code":"1121","name":"København K"}},
{"type":"Feature","geometry":{"type":"Polygon","coordinates":[[[12.58,55.683],[12.579,55.683],[12.58,55.682],[12.58,55.683]]]},"properties":{"code":"1122","name":"København K"}},
{"type":"Feature","geometry":{"type":"MultiPolygon","coordinates":[[[[12.585,55.681],[12.585,55.682],[12.583,55.682],[12.582,55.683],[12.579,55.685],[12.578,55.685],[12.574,55.684],[12.575,55.684],[12.578,55.683],[12.579,55.683],[12.58,55.683],[12.581,55.683],[12.581,55.682],[12.582,55.682],[12.583,55.682],[12.584,55.682],[12.584,55.681],[12.585,55.681]]],[[[12.57,55.685],[12.571,55.685],[12.572,55.685],[12.574,55.685],[12.574,55.686],[12.569,55.686],[12.568,55.686],[12.567,55.687],[12.565,55.687],[12.564,55.687],[12.566,55.686],[12.567,55.686],[12.568,55.686],[12.57,55.685]]]]},"properties":{"code":"1123","name":"København K"}},
{"type":"Feature","geometry":{"type":"Polygon","coordinates":[[[12.578,55.683],[12.575,55.684],[12.575,55.683],[12.577,55.683],[12.578,55.683]]]},"properties":{"code":"1124","name":"København K"}},
{"type":"Feature","geometry":null,"properties":{"code":"1125","name":"København K"}},
{"type":"Feature","geometry":null,"properties":{"code":"1126","name":"København K"}},
{"type":"Feature","geometry":{"type":"Polygon","coordinates":[[[12.575,55.683],[12.575,55.682],[12.576,55.682],[12.577,55.683],[12.575,55.683]]]},"properties":{"code":"1127","name":"København K"}},
{"type":"Feature","geometry":null,"properties":{"code":"1128","name":"København K"}},
{"type":"Feature","geometry":{"type":"Polygon","coordinates":[[[12.575,55.684],[12.574,55.683],[12.575,55.683],[12.575,55.684]]]},"properties":{"code":"1129","name":"København K"}},
{"type":"Feature","geometry":{"type":"Polygon","coordinates":[[[12.574,55.684],[12.573,55.683],[12.574,55.683],[12.575,55.684],[12.574,55.684]]]},"properties":{"code":"1130","name":"København K"}},
{"type":"Feature","geometry":null,"properties":{"code":"1131","name":"København K"}},
{"type":"Feature","geometry":{"type":"Polygon","coordinates":[[[12.58,55.68],[12.578,55.681],[12.576,55.682],[12.575,55.682],[12.574,55.682],[12.575,55.681],[12.576,55.681],[12.577,55.681],[12.578,55.68],[12.58,55.679],[12.58,55.68]]]},"properties":{"code":"1150","name":"København K"}},
{"type":"Feature","geometry":{"type":"Polygon","coordinates":[[[12.577,55.679],[12.576,55.68],[12.576,55.679],[12.577,55.679]]]},"properties":{"code":"1151","name":"København K"}},
{"type":"Feature","geometry":{"type":"Polygon","coordinates":[[[12.577,55.681],[12.576,55.681],[12.576,55.68],[12.577,55.68],[12.578,55.68],[12.577,55.681]]]},"properties":{"code":"1152","name":"København K"}},
{"type":"Feature","geometry":{"type":"Polygon","coordinates":[[[12.577,55.679],[12.578,55.68],[12.577,55.68],[12.576,55.68],[12.577,55.679]]]},"properties":{"code":"1153","name":"København K"}},
{"type":"Feature","geometry":{"type":"Polygon","coordinates":[[[12.576,55.68],[12.577,55.68],[12.576,55.68],[12.575,55.68],[12.575,55.679],[12.575,55.68],[12.575,55.679],[12.576,55.679],[12.576,55.68]]]},"properties":{"code":"1154","name":"København K"}},
{"type":"Feature","geometry":null,"properties":{"code":"1155","name":"København K"}},
{"type":"Feature","geometry":null,"properties":{"code":"1156","name":"København K"}},
{"type":"Feature","geometry":null,"properties":{"code":"1157","name":"København K"}},
{"type":"Feature","geometry":null,"properties":{"code":"1158","name":"København K"}},
{"type":"Feature","geometry":{"type":"Polygon","coordinates":[[[12.576,55.681],[12.575,55.68],[12.574,55.68],[12.574,55.679],[12.573,55.679],[12.572,55.679],[12.573,55.678],[12.574,55.679],[12.575,55.679],[12.575,55.68],[12.576,55.68],[12.576,55.681],[12.577,55.681],[12.576,55.681]]]},"properties":{"code":"1159","name":"København K"}},
{"type":"Feature","geometry":{"type":"Polygon","coordinates":[[[12.58,55.679],[12.578,55.68],[12.577,55.679],[12.576,55.679],[12.576,55.678],[12.577,55.678],[12.579,55.679],[12.58,55.679]]]},"properties":{"code":"1160","name":"København K"}},
{"type":"Feature","geometry":{"type":"Polygon","coordinates":[[[12.575,55.679],[12.574,55.679],[12.575,55.679],[12.574,55.679],[12.574,55.678],[12.576,55.678],[12.576,55.679],[12.575,55.679]]]},"properties":{"code":"1161","name":"København K"}},
{"type":"Feature","geometry":null,"properties":{"code":"1162","name":"København K"}},
{"type":"Feature","geometry":{"type":"Polygon","coordinates":[[[12.573,55.678],[12.574,55.678],[12.574,55.679],[12.573,55.678]]]},"properties":{"code":"1164","name":"København K"}},
{"type":"Feature","geometry":{"type":"Polygon","coordinates":[[[12.573,55.679],[12.574,55.679],[12.573,55.68],[12.572,55.68],[12.572,55.681],[12.572,55.682],[12.57,55.681],[12.569,55.68],[12.571,55.679],[12.572,55.679],[12.571,55.679],[12.572,55.679],[12.573,55.679]]]},"properties":{"code":"1165","name":"København K"}},
{"type":"Feature","geometry":null,"properties":{"code":"1166","name":"København K"}},
{"type":"Feature","geometry":null,"properties":{"code":"1167","name":"København K"}},
{"type":"Feature","geometry":null,"properties":{"code":"1168","name":"København K"}},
{"type":"Feature","geometry":{"type":"Polygon","coordinates":[[[12.575,55.681],[12.574,55.681],[12.574,55.68],[12.575,55.68],[12.576,55.681],[12.575,55.681]]]},"properties":{"code":"1169","name":"København K"}},
{"type":"Feature","geometry":null,"properties":{"code":"1170","name":"København K"}},
{"type":"Feature","geometry":{"type":"Polygon","coordinates":[[[12.574,55.68],[12.574,55.681],[12.573,55.681],[12.573,55.682],[12.572,55.683],[12.572,55.682],[12.572,55.681],[12.573,55.68],[12.574,55.679],[12.574,55.68]]]},"properties":{"code":"1171","name":"København K"}},
{"type":"Feature","geometry":{"type":"Polygon","coordinates":[[[12.572,55.68],[12.573,55.68],[12.572,55.681],[12.572,55.68]]]},"properties":{"code":"1172","name":"København K"}},
{"type":"Feature","geometry":{"type":"Polygon","coordinates":[[[12.574,55.682],[12.573,55.682],[12.573,55.681],[12.575,55.681],[12.574,55.682]]]},"properties":{"code":"1173","name":"København K"}},
{"type":"Feature","geometry":{"type":"Polygon","coordinates":[[[12.573,55.682],[12.574,55.682],[12.573,55.683],[12.572,55.683],[12.573,55.682]]]},"properties":{"code":"1174","name":"København K"}},
{"type":"Feature","geometry":{"type":"Polygon","coordinates":[[[12.575,55.682],[12.575,55.683],[12.574,55.683],[12.573,55.683],[12.574,55.682],[12.575,55.682]]]},"properties":{"code":"1175","name":"København K"}},
{"type":"Feature","geometry":{"type":"Polygon","coordinates":[[[12.581,55.678],[12.581,55.679],[12.58,55.679],[12.579,55.679],[12.579,55.678],[12.58,55.678],[12.581,55.678]]]},"properties":{"code":"1200","name":"København K"}},
{"type":"Feature","geometry":{"type":"Polygon","coordinates":[[[12.577,55.678],[12.579,55.678],[12.579,55.679],[12.577,55.678]]]},"properties":{"code":"1201","name":"København K"}},
{"type":"Feature","geometry":{"type":"Polygon","coordinates":[[[12.58,55.678],[12.579,55.678],[12.577,55.678],[12.577,55.677],[12.578,55.677],[12.579,55.677],[12.58,55.678]]]},"properties":{"code":"1202","name":"København K"}},
{"type":"Feature","geometry":{"type":"Polygon","coordinates":[[[12.578,55.677],[12.576,55.677],[12.575,55.676],[12.576,55.676],[12.577,55.676],[12.578,55.677]]]},"properties":{"code":"1203","name":"København K"}},
{"type":"Feature","geometry":{"type":"Polygon","coordinates":[[[12.576,55.677],[12.575,55.677],[12.575,55.676],[12.576,55.677]]]},"properties":{"code":"1204","name":"København K"}},
{"type":"Feature","geometry":null,"properties":{"code":"1205","name":"København K"}},
{"type":"Feature","geometry":null,"properties":{"code":"1206","name":"København K"}},
{"type":"Feature","geometry":null,"properties":{"code":"1207","name":"København K"}},
{"type":"Feature","geometry":{"type":"MultiPolygon","coordinates":[[[[12.576,55.678],[12.575,55.677],[12.576,55.677],[12.577,55.677],[12.577,55.678],[12.576,55.678]]],[[[12.574,55.676],[12.574,55.677],[12.573,55.677],[12.573,55.676],[12.574,55.676]]]]},"properties":{"code":"1208","name":"København K"}},
{"type":"Feature","geometry":{"type":"Polygon","coordinates":[[[12.574,55.678],[12.575,55.678],[12.575,55.677],[12.576,55.678],[12.574,55.678]]]},"properties":{"code":"1209","name":"København K"}},
{"type":"Feature","geometry":{"type":"Polygon","coordinates":[[[12.574,55.678],[12.575,55.677],[12.575,55.678],[12.574,55.678]]]},"properties":{"code":"1210","name":"København K"}},
{"type":"Feature","geometry":{"type":"Polygon","coordinates":[[[12.575,55.677],[12.574,55.678],[12.574,55.677],[12.575,55.677]]]},"properties":{"code":"1211","name":"København K"}},
{"type":"Feature","geometry":null,"properties":{"code":"1212","name":"København K"}},
{"type":"Feature","geometry":{"type":"Polygon","coordinates":[[[12.577,55.676],[12.579,55.677],[12.578,55.677],[12.577,55.676]]]},"properties":{"code":"1213","name":"København K"}},
{"type":"Feature","geometry":null,"properties":{"code":"1214","name":"København K"}},
{"type":"Feature","geometry":{"type":"MultiPolygon","coordinates":[[[[12.585,55.676],[12.584,55.676],[12.583,55.676],[12.587,55.675],[12.586,55.675],[12.586,55.676],[12.585,55.676]]],[[[12.582,55.677],[12.582,55.676],[12.583,55.676],[12.582,55.677]]]]},"properties":{"code":"1215","name":"København K"}},
{"type":"Feature","geometry":{"type":"Polygon","coordinates":[[[12.583,55.676],[12.582,55.676],[12.583,55.675],[12.585,55.674],[12.586,55.674],[12.587,55.675],[12.583,55.676]]]},"properties":{"code":"1216","name":"København K"}},
{"type":"Feature","geometry":{"type":"Polygon","coordinates":[[[12.58,55.678],[12.579,55.677],[12.577,55.676],[12.576,55.676],[12.576,55.675],[12.577,55.674],[12.581,55.674],[12.583,55.675],[12.582,55.676],[12.582,55.677],[12.58,55.678]]]},"properties":{"code":"1218","name":"København K"}},
{"type":"Feature","geometry":{"type":"MultiPolygon","coordinates":[[[[12.58,55.674],[12.581,55.673],[12.583,55.673],[12.586,55.674],[12.585,55.674],[12.583,55.675],[12.581,55.674],[12.58,55.674]]],[[[12.58,55.672],[12.579,55.672],[12.578,55.672],[12.577,55.671],[12.578,55.67],[12.58,55.671],[12.581,55.672],[12.58,55.672]]]]},"properties":{"code":"1219","name":"København K"}},
{"type":"Feature","geometry":{"type":"MultiPolygon","coordinates":[[[[12.578,55.674],[12.576,55.673],[12.578,55.673],[12.58,55.672],[12.581,55.673],[12.58,55.674],[12.578,55.674]]],[[[12.577,55.674],[12.576,55.675],[12.576,55.674],[12.577,55.674]]]]},"properties":{"code":"1220","name":"København K"}},
{"type":"Feature","geometry":{"type":"MultiPolygon","coordinates":[[[[12.581,55.673],[12.58,55.672],[12.581,55.672],[12.583,55.673],[12.581,55.673]]],[[[12.586,55.676],[12.586,55.675],[12.587,55.675],[12.586,55.676]]]]},"properties":{"code":"1221","name":"København K"}},
{"type":"Feature","geometry":{"type":"Polygon","coordinates":[[[12.59,55.683],[12.589,55.682],[12.59,55.681],[12.591,55.681],[12.593,55.681],[12.595,55.68],[12.596,55.68],[12.597,55.68],[12.595,55.681],[12.594,55.681],[12.595,55.681],[12.593,55.682],[12.59,55.683]]]},"properties":{"code":"1250","name":"København K"}},
{"type":"Feature","geometry":{"type":"Polygon","coordinates":[[[12.593,55.679],[12.595,55.678],[12.596,55.679],[12.596,55.68],[12.595,55.68],[12.593,55.681],[12.593,55.68],[12.593,55.679]]]},"properties":{"code":"1251","name":"København K"}},
{"type":"Feature","geometry":{"type":"Polygon","coordinates":[[[12.597,55.68],[12.597,55.681],[12.597,55.683],[12.596,55.682],[12.595,55.681],[12.594,55.681],[12.595,55.681],[12.597,55.68]]]},"properties":{"code":"1252","name":"København K"}},
{"type":"Feature","geometry":{"type":"MultiPolygon","coordinates":[[[[12.595,55.681],[12.596,55.682],[12.597,55.683],[12.601,55.686],[12.598,55.686],[12.597,55.686],[12.595,55.686],[12.595,55.684],[12.594,55.683],[12.593,55.682],[12.595,55.681]]],[[[12.593,55.68],[12.593,55.681],[12.591,55.681],[12.593,55.68]]]]},"properties":{"code":"1253","name":"København K"}},
{"type":"Feature","geometry":null,"properties":{"code":"1254","name":"København K"}},
{"type":"Feature","geometry":{"type":"Polygon","coordinates":[[[12.588,55.681],[12.589,55.681],[12.59,55.681],[12.589,55.682],[12.588,55.681]]]},"properties":{"code":"1255","name":"København K"}},
{"type":"Feature","geometry":{"type":"MultiPolygon","coordinates":[[[[12.601,55.686],[12.598,55.687],[12.594,55.687],[12.592,55.686],[12.594,55.685],[12.595,55.684],[12.595,55.686],[12.597,55.686],[12.598,55.686],[12.601,55.686]]],[[[12.593,55.682],[12.594,55.683],[12.591,55.684],[12.59,55.683],[12.593,55.682]]]]},"properties":{"code":"1256","name":"København K"}},
{"type":"Feature","geometry":{"type":"Polygon","coordinates":[[[12.595,55.684],[12.594,55.685],[12.592,55.685],[12.591,55.684],[12.594,55.683],[12.595,55.684]]]},"properties":{"code":"1257","name":"København K"}},
{"type":"Feature","geometry":{"type":"MultiPolygon","coordinates":[[[[12.607,55.701],[12.616,55.7],[12.636,55.713],[12.609,55.707],[12.607,55.701]]],[[[12.601,55.686],[12.602,55.686],[12.603,55.691],[12.603,55.692],[12.602,55.692],[12.599,55.691],[12.6,55.691],[12.598,55.69],[12.598,55.687],[12.601,55.686]]]]},"properties":{"code":"1259","name":"København K"}},
{"type":"Feature","geometry":{"type":"MultiPolygon","coordinates":[[[[12.588,55.681],[12.589,55.682],[12.59,55.683],[12.591,55.684],[12.589,55.684],[12.589,55.683],[12.587,55.683],[12.587,55.681],[12.588,55.681]]],[[[12.594,55.687],[12.593,55.688],[12.592,55.688],[12.591,55.687],[12.591,55.686],[12.591,55.685],[12.59,55.685],[12.591,55.685],[12.592,55.685],[12.592,55.686],[12.594,55.687]]]]},"properties":{"code":"1260","name":"København K"}},
{"type":"Feature","geometry":null,"properties":{"code":"1261","name":"København K"}},
{"type":"Feature","geometry":{"type":"MultiPolygon","coordinates":[[[[12.598,55.687],[12.598,55.69],[12.593,55.689],[12.593,55.688],[12.594,55.687],[12.598,55.687]]],[[[12.593,55.688],[12.592,55.688],[12.591,55.688],[12.59,55.687],[12.591,55.687],[12.592,55.688],[12.593,55.688]]]]},"properties":{"code":"1263","name":"København K"}},
{"type":"Feature","geometry":{"type":"MultiPolygon","coordinates":[[[[12.587,55.682],[12.587,55.683],[12.587,55.684],[12.588,55.684],[12.589,55.684],[12.59,55.686],[12.591,55.686],[12.591,55.687],[12.59,55.687],[12.589,55.687],[12.589,55.686],[12.588,55.686],[12.586,55.684],[12.587,55.684],[12.586,55.683],[12.585,55.683],[12.585,55.682],[12.585,55.681],[12.587,55.682]]],[[[12.589,55.689],[12.59,55.689],[12.588,55.691],[12.589,55.69],[12.589,55.689]]],[[[12.591,55.688],[12.59,55.688],[12.59,55.687],[12.591,55.688]]]]},"properties":{"code":"1264","name":"København K"}},
{"type":"Feature","geometry":{"type":"Polygon","coordinates":[[[12.592,55.685],[12.591,55.685],[12.59,55.685],[12.591,55.685],[12.59,55.686],[12.589,55.684],[12.591,55.684],[12.592,55.685]]]},"properties":{"code":"1265","name":"København K"}},
{"type":"Feature","geometry":null,"properties":{"code":"1266","name":"København K"}},
{"type":"Feature","geometry":{"type":"Polygon","coordinates":[[[12.59,55.688],[12.591,55.688],[12.591,55.689],[12.59,55.689],[12.59,55.688]]]},"properties":{"code":"1267","name":"København K"}},
{"type":"Feature","geometry":null,"properties":{"code":"1268","name":"København K"}},
{"type":"Feature","geometry":{"type":"Polygon","coordinates":[[[12.593,55.688],[12.593,55.689],[12.589,55.691],[12.588,55.692],[12.588,55.691],[12.59,55.689],[12.591,55.689],[12.591,55.688],[12.592,55.688],[12.593,55.688]]]},"properties":{"code":"1270","name":"København K"}},
{"type":"Feature","geometry":null,"properties":{"code":"1271","name":"København K"}},
{"type":"Feature","geometry":{"type":"Polygon","coordinates":[[[12.585,55.682],[12.585,55.683],[12.586,55.684],[12.588,55.686],[12.588,55.687],[12.589,55.687],[12.589,55.688],[12.588,55.688],[12.588,55.687],[12.587,55.686],[12.586,55.685],[12.585,55.685],[12.584,55.684],[12.583,55.682],[12.585,55.682]]]},"properties":{"code":"1300","name":"København K"}},
{"type":"Feature","geometry":{"type":"Polygon","coordinates":[[[12.586,55.683],[12.586,55.684],[12.585,55.683],[12.586,55.683]]]},"properties":{"code":"1301","name":"København K"}},
{"type":"Feature","geometry":{"type":"MultiPolygon","coordinates":[[[[12.585,55.685],[12.584,55.685],[12.583,55.684],[12.584,55.684],[12.585,55.685]]],[[[12.586,55.684],[12.586,55.683],[12.587,55.684],[12.586,55.684]]],[[[12.589,55.684],[12.588,55.684],[12.587,55.684],[12.587,55.683],[12.589,55.683],[12.589,55.684]]]]},"properties":{"code":"1302","name":"København K"}},
{"type":"Feature","geometry":null,"properties":{"code":"1303","name":"København K"}},
{"type":"Feature","geometry":{"type":"MultiPolygon","coordinates":[[[[12.583,55.682],[12.584,55.684],[12.583,55.684],[12.582,55.683],[12.583,55.682]]],[[[12.587,55.686],[12.585,55.686],[12.584,55.685],[12.585,55.685],[12.586,55.685],[12.587,55.686]]]]},"properties":{"code":"1304","name":"København K"}},
{"type":"Feature","geometry":{"type":"MultiPolygon","coordinates":[[[[12.582,55.683],[12.583,55.684],[12.584,55.685],[12.584,55.686],[12.583,55.686],[12.579,55.685],[12.582,55.683]]],[[[12.586,55.687],[12.585,55.687],[12.584,55.688],[12.584,55.687],[12.585,55.687],[12.586,55.687]]],[[[12.586,55.688],[12.586,55.689],[12.585,55.689],[12.584,55.689],[12.585,55.688],[12.586,55.688]]]]},"properties":{"code":"1306","name":"København K"}},
{"type":"Feature","geometry":{"type":"Polygon","coordinates":[[[12.579,55.685],[12.583,55.686],[12.584,55.686],[12.584,55.685],[12.585,55.686],[12.584,55.686],[12.584,55.687],[12.583,55.687],[12.582,55.687],[12.579,55.69],[12.57,55.691],[12.572,55.69],[12.574,55.689],[12.575,55.688],[12.576,55.688],[12.578,55.685],[12.579,55.685]]]},"properties":{"code":"1307","name":"København K"}},
{"type":"Feature","geometry":{"type":"Polygon","coordinates":[[[12.587,55.686],[12.586,55.687],[12.585,55.687],[12.584,55.687],[12.583,55.687],[12.584,55.687],[12.584,55.686],[12.585,55.686],[12.587,55.686]]]},"properties":{"code":"1308","name":"København K"}},
{"type":"Feature","geometry":{"type":"Polygon","coordinates":[[[12.584,55.687],[12.583,55.688],[12.583,55.687],[12.584,55.687]]]},"properties":{"code":"1309","name":"København K"}},
{"type":"Feature","geometry":{"type":"MultiPolygon","coordinates":[[[[12.591,55.686],[12.59,55.686],[12.591,55.685],[12.591,55.686]]],[[[12.592,55.686],[12.592,55.685],[12.594,55.685],[12.592,55.686]]],[[[12.588,55.687],[12.586,55.687],[12.587,55.686],[12.588,55.687]]],[[[12.584,55.688],[12.583,55.688],[12.584,55.687],[12.584,55.688]]],[[[12.589,55.686],[12.588,55.687],[12.588,55.686],[12.589,55.686]]]]},"properties":{"code":"1310","name":"København K"}},
{"type":"Feature","geometry":{"type":"MultiPolygon","coordinates":[[[[12.588,55.687],[12.587,55.687],[12.586,55.687],[12.585,55.688],[12.584,55.688],[12.583,55.688],[12.584,55.688],[12.585,55.687],[12.586,55.687],[12.588,55.687]]],[[[12.589,55.687],[12.588,55.687],[12.589,55.686],[12.589,55.687]]]]},"properties":{"code":"1311","name":"København K"}},
{"type":"Feature","geometry":{"type":"Polygon","coordinates":[[[12.585,55.688],[12.586,55.687],[12.586,55.688],[12.585,55.688]]]},"properties":{"code":"1312","name":"København K"}},
{"type":"Feature","geometry":{"type":"MultiPolygon","coordinates":[[[[12.588,55.687],[12.588,55.688],[12.587,55.688],[12.587,55.687],[12.588,55.687]]],[[[12.585,55.688],[12.584,55.689],[12.584,55.688],[12.585,55.688]]]]},"properties":{"code":"1313","name":"København K"}},
{"type":"Feature","geometry":{"type":"Polygon","coordinates":[[[12.587,55.687],[12.586,55.688],[12.586,55.687],[12.587,55.687]]]},"properties":{"code":"1314","name":"København K"}},
{"type":"Feature","geometry":null,"properties":{"code":"1315","name":"København K"}},
{"type":"Feature","geometry":{"type":"MultiPolygon","coordinates":[[[[12.583,55.687],[12.583,55.688],[12.584,55.688],[12.584,55.689],[12.582,55.688],[12.582,55.687],[12.583,55.687]]],[[[12.584,55.689],[12.585,55.689],[12.584,55.69],[12.583,55.689],[12.584,55.689]]]]},"properties":{"code":"1316","name":"København K"}},
{"type":"Feature","geometry":{"type":"Polygon","coordinates":[[[12.584,55.689],[12.583,55.689],[12.582,55.689],[12.581,55.69],[12.581,55.689],[12.582,55.689],[12.582,55.688],[12.584,55.689]]]},"properties":{"code":"1317","name":"København K"}},
{"type":"Feature","geometry":null,"properties":{"code":"1318","name":"København K"}},
{"type":"Feature","geometry":{"type":"MultiPolygon","coordinates":[[[[12.588,55.688],[12.586,55.689],[12.586,55.688],[12.587,55.687],[12.587,55.688],[12.588,55.688]]],[[[12.59,55.687],[12.59,55.688],[12.589,55.688],[12.589,55.687],[12.59,55.687]]]]},"properties":{"code":"1319","name":"København K"}},
{"type":"Feature","geometry":{"type":"Polygon","coordinates":[[[12.589,55.688],[12.586,55.689],[12.588,55.688],[12.589,55.688]]]},"properties":{"code":"1320","name":"København K"}},
{"type":"Feature","geometry":null,"properties":{"code":"1321","name":"København K"}},
{"type":"Feature","geometry":{"type":"MultiPolygon","coordinates":[[[[12.589,55.689],[12.586,55.689],[12.589,55.688],[12.59,55.688],[12.59,55.689],[12.589,55.689]]],[[[12.586,55.689],[12.585,55.69],[12.584,55.69],[12.585,55.689],[12.586,55.689]]]]},"properties":{"code":"1322","name":"København K"}},
{"type":"Feature","geometry":{"type":"Polygon","coordinates":[[[12.586,55.689],[12.587,55.69],[12.586,55.69],[12.585,55.69],[12.586,55.689]]]},"properties":{"code":"1323","name":"København K"}},
{"type":"Feature","geometry":{"type":"Polygon","coordinates":[[[12.589,55.689],[12.587,55.69],[12.586,55.689],[12.589,55.689]]]},"properties":{"code":"1324","name":"København K"}},
{"type":"Feature","geometry":null,"properties":{"code":"1325","name":"København K"}},
{"type":"Feature","geometry":{"type":"Polygon","coordinates":[[[12.589,55.69],[12.588,55.69],[12.587,55.69],[12.589,55.689],[12.589,55.69]]]},"properties":{"code":"1326","name":"København K"}},
{"type":"Feature","geometry":{"type":"Polygon","coordinates":[[[12.587,55.69],[12.588,55.69],[12.587,55.691],[12.587,55.69]]]},"properties":{"code":"1327","name":"København K"}},
{"type":"Feature","geometry":{"type":"Polygon","coordinates":[[[12.588,55.691],[12.587,55.691],[12.588,55.69],[12.589,55.69],[12.588,55.691]]]},"properties":{"code":"1328","name":"København K"}},
{"type":"Feature","geometry":null,"properties":{"code":"1329","name":"København K"}},
{"type":"Feature","geometry":{"type":"MultiPolygon","coordinates":[[[[12.578,55.685],[12.576,55.688],[12.574,55.686],[12.574,55.685],[12.574,55.684],[12.578,55.685]]],[[[12.582,55.687],[12.582,55.688],[12.582,55.689],[12.581,55.689],[12.579,55.69],[12.582,55.687]]],[[[12.584,55.69],[12.585,55.69],[12.586,55.69],[12.587,55.69],[12.587,55.691],[12.588,55.691],[12.581,55.69],[12.582,55.689],[12.583,55.689],[12.584,55.69]]]]},"properties":{"code":"1350","name":"København K"}},
{"type":"Feature","geometry":{"type":"Polygon","coordinates":[[[12.572,55.69],[12.57,55.691],[12.571,55.69],[12.573,55.689],[12.574,55.689],[12.572,55.69]]]},"properties":{"code":"1352","name":"København K"}},
{"type":"Feature","geometry":{"type":"Polygon","coordinates":[[[12.574,55.686],[12.576,55.688],[12.575,55.688],[12.574,55.689],[12.573,55.689],[12.57,55.688],[12.569,55.688],[12.569,55.686],[12.574,55.686]]]},"properties":{"code":"1353","name":"København K"}},
{"type":"Feature","geometry":null,"properties":{"code":"1354","name":"København K"}},
{"type":"Feature","geometry":{"type":"Polygon","coordinates":[[[12.573,55.689],[12.571,55.69],[12.569,55.691],[12.568,55.69],[12.57,55.688],[12.573,55.689]]]},"properties":{"code":"1355","name":"København K"}},
{"type":"Feature","geometry":{"type":"Polygon","coordinates":[[[12.569,55.686],[12.569,55.688],[12.566,55.688],[12.565,55.688],[12.567,55.687],[12.568,55.686],[12.569,55.686]]]},"properties":{"code":"1356","name":"København K"}},
{"type":"Feature","geometry":{"type":"MultiPolygon","coordinates":[[[[12.57,55.688],[12.568,55.69],[12.566,55.688],[12.569,55.688],[12.57,55.688]]],[[[12.567,55.687],[12.565,55.688],[12.565,55.687],[12.567,55.687]]],[[[12.57,55.691],[12.569,55.691],[12.571,55.69],[12.57,55.691]]]]},"properties":{"code":"1357","name":"København K"}},
{"type":"Feature","geometry":{"type":"MultiPolygon","coordinates":[[[[12.572,55.682],[12.572,55.683],[12.573,55.683],[12.571,55.684],[12.57,55.683],[12.569,55.682],[12.566,55.679],[12.567,55.679],[12.568,55.679],[12.569,55.68],[12.57,55.681],[12.572,55.682]]],[[[12.574,55.684],[12.574,55.685],[12.572,55.685],[12.572,55.684],[12.573,55.683],[12.574,55.684]]]]},"properties":{"code":"1358","name":"København K"}},
{"type":"Feature","geometry":{"type":"Polygon","coordinates":[[[12.566,55.684],[12.564,55.684],[12.563,55.684],[12.564,55.683],[12.565,55.683],[12.567,55.683],[12.566,55.684]]]},"properties":{"code":"1359","name":"København K"}},
{"type":"Feature","geometry":{"type":"Polygon","coordinates":[[[12.566,55.686],[12.564,55.687],[12.566,55.686],[12.566,55.685],[12.567,55.685],[12.569,55.684],[12.57,55.684],[12.571,55.684],[12.573,55.683],[12.574,55.683],[12.573,55.683],[12.572,55.684],[12.57,55.685],[12.569,55.685],[12.568,55.685],[12.567,55.686],[12.566,55.686]]]},"properties":{"code":"1360","name":"København K"}},
{"type":"Feature","geometry":{"type":"MultiPolygon","coordinates":[[[[12.571,55.684],[12.57,55.684],[12.569,55.684],[12.568,55.684],[12.567,55.683],[12.569,55.682],[12.57,55.683],[12.571,55.684]]],[[[12.571,55.685],[12.57,55.685],[12.572,55.684],[12.572,55.685],[12.571,55.685]]]]},"properties":{"code":"1361","name":"København K"}},
{"type":"Feature","geometry":null,"properties":{"code":"1362","name":"København K"}},
{"type":"Feature","geometry":{"type":"Polygon","coordinates":[[[12.566,55.686],[12.565,55.685],[12.566,55.684],[12.567,55.685],[12.566,55.685],[12.566,55.686]]]},"properties":{"code":"1363","name":"København K"}},
{"type":"Feature","geometry":{"type":"MultiPolygon","coordinates":[[[[12.569,55.682],[12.567,55.683],[12.565,55.683],[12.565,55.682],[12.564,55.682],[12.564,55.681],[12.564,55.68],[12.565,55.68],[12.566,55.679],[12.569,55.682]]],[[[12.568,55.686],[12.568,55.685],[12.569,55.685],[12.57,55.685],[12.568,55.686]]],[[[12.567,55.683],[12.568,55.684],[12.569,55.684],[12.567,55.685],[12.566,55.684],[12.567,55.683]]]]},"properties":{"code":"1364","name":"København K"}},
{"type":"Feature","geometry":null,"properties":{"code":"1365","name":"København K"}},
{"type":"Feature","geometry":{"type":"MultiPolygon","coordinates":[[[[12.564,55.683],[12.563,55.683],[12.562,55.682],[12.562,55.681],[12.561,55.681],[12.562,55.681],[12.563,55.681],[12.564,55.682],[12.565,55.682],[12.565,55.683],[12.564,55.683]]],[[[12.567,55.686],[12.568,55.685],[12.568,55.686],[12.567,55.686]]],[[[12.566,55.684],[12.565,55.685],[12.564,55.684],[12.566,55.684]]]]},"properties":{"code":"1366","name":"København K"}},
{"type":"Feature","geometry":{"type":"Polygon","coordinates":[[[12.563,55.684],[12.561,55.684],[12.563,55.683],[12.564,55.683],[12.563,55.684]]]},"properties":{"code":"1367","name":"København K"}},
{"type":"Feature","geometry":{"type":"Polygon","coordinates":[[[12.564,55.682],[12.563,55.681],[12.564,55.681],[12.564,55.682]]]},"properties":{"code":"1368","name":"København K"}},
{"type":"Feature","geometry":{"type":"MultiPolygon","coordinates":[[[[12.564,55.681],[12.563,55.681],[12.562,55.681],[12.562,55.68],[12.563,55.68],[12.564,55.68],[12.564,55.681]]],[[[12.561,55.681],[12.56,55.683],[12.558,55.682],[12.56,55.681],[12.561,55.681]]]]},"properties":{"code":"1369","name":"København K"}},
{"type":"Feature","geometry":{"type":"MultiPolygon","coordinates":[[[[12.563,55.683],[12.561,55.684],[12.56,55.683],[12.561,55.681],[12.562,55.681],[12.562,55.682],[12.563,55.683]]],[[[12.564,55.684],[12.565,55.685],[12.563,55.686],[12.561,55.684],[12.563,55.684],[12.564,55.684]]]]},"properties":{"code":"1370","name":"København K"}},
{"type":"Feature","geometry":{"type":"Polygon","coordinates":[[[12.564,55.687],[12.563,55.686],[12.565,55.685],[12.566,55.686],[12.564,55.687]]]},"properties":{"code":"1371","name":"København K"}},
{"type":"Feature","geometry":{"type":"MultiPolygon","coordinates":[[[[12.594,55.671],[12.596,55.669],[12.599,55.67],[12.6,55.671],[12.598,55.672],[12.597,55.672],[12.594,55.671]]],[[[12.592,55.672],[12.593,55.671],[12.594,55.671],[12.593,55.672],[12.592,55.673],[12.591,55.673],[12.59,55.673],[12.591,55.672],[12.592,55.672]]],[[[12.587,55.675],[12.586,55.674],[12.587,55.674],[12.589,55.673],[12.59,55.673],[12.59,55.674],[12.589,55.674],[12.588,55.674],[12.588,55.675],[12.587,55.675]]]]},"properties":{"code":"1400","name":"København K"}},
{"type":"Feature","geometry":{"type":"MultiPolygon","coordinates":[[[[12.589,55.676],[12.59,55.676],[12.59,55.674],[12.589,55.674],[12.59,55.674],[12.591,55.674],[12.593,55.675],[12.592,55.676],[12.593,55.676],[12.595,55.675],[12.598,55.677],[12.599,55.678],[12.596,55.679],[12.595,55.678],[12.589,55.676]]],[[[12.587,55.674],[12.588,55.673],[12.587,55.673],[12.588,55.672],[12.589,55.673],[12.587,55.674]]]]},"properties":{"code":"1401","name":"København K"}},
{"type":"Feature","geometry":{"type":"MultiPolygon","coordinates":[[[[12.586,55.674],[12.583,55.673],[12.586,55.671],[12.587,55.671],[12.588,55.672],[12.587,55.673],[12.586,55.674]]],[[[12.587,55.67],[12.588,55.671],[12.587,55.671],[12.587,55.67]]],[[[12.588,55.675],[12.588,55.674],[12.589,55.674],[12.59,55.674],[12.59,55.676],[12.589,55.676],[12.588,55.675]]]]},"properties":{"code":"1402","name":"København K"}},
{"type":"Feature","geometry":{"type":"Polygon","coordinates":[[[12.593,55.676],[12.593,55.675],[12.594,55.675],[12.595,55.675],[12.593,55.676]]]},"properties":{"code":"1403","name":"København K"}},
{"type":"Feature","geometry":{"type":"Polygon","coordinates":[[[12.593,55.675],[12.593,55.676],[12.592,55.676],[12.593,55.675]]]},"properties":{"code":"1406","name":"København K"}},
{"type":"Feature","geometry":{"type":"Polygon","coordinates":[[[12.596,55.674],[12.595,55.674],[12.595,55.673],[12.596,55.673],[12.596,55.674]]]},"properties":{"code":"1407","name":"København K"}},
{"type":"Feature","geometry":{"type":"MultiPolygon","coordinates":[[[[12.591,55.673],[12.592,55.673],[12.592,55.674],[12.591,55.674],[12.59,55.674],[12.59,55.673],[12.589,55.673],[12.588,55.672],[12.587,55.671],[12.586,55.671],[12.587,55.671],[12.588,55.671],[12.59,55.673],[12.591,55.673]]],[[[12.591,55.674],[12.592,55.674],[12.593,55.674],[12.593,55.675],[12.591,55.674]]]]},"properties":{"code":"1408","name":"København K"}},
{"type":"Feature","geometry":{"type":"Polygon","coordinates":[[[12.586,55.674],[12.587,55.673],[12.588,55.673],[12.587,55.674],[12.586,55.674]]]},"properties":{"code":"1409","name":"København K"}},
{"type":"Feature","geometry":null,"properties":{"code":"1410","name":"København K"}},
{"type":"Feature","geometry":{"type":"Polygon","coordinates":[[[12.58,55.671],[12.579,55.67],[12.589,55.668],[12.587,55.67],[12.586,55.671],[12.586,55.67],[12.586,55.671],[12.587,55.671],[12.586,55.671],[12.583,55.673],[12.581,55.672],[12.58,55.671]]]},"properties":{"code":"1411","name":"København K"}},
{"type":"Feature","geometry":null,"properties":{"code":"1412","name":"København K"}},
{"type":"Feature","geometry":{"type":"Polygon","coordinates":[[[12.587,55.671],[12.586,55.671],[12.587,55.67],[12.587,55.671]]]},"properties":{"code":"1413","name":"København K"}},
{"type":"Feature","geometry":{"type":"MultiPolygon","coordinates":[[[[12.59,55.673],[12.588,55.671],[12.591,55.672],[12.59,55.673]]],[[[12.592,55.673],[12.593,55.674],[12.592,55.674],[12.592,55.673]]],[[[12.594,55.675],[12.593,55.675],[12.593,55.674],[12.594,55.675]]]]},"properties":{"code":"1414","name":"København K"}},
{"type":"Feature","geometry":{"type":"MultiPolygon","coordinates":[[[[12.595,55.675],[12.594,55.675],[12.593,55.674],[12.592,55.673],[12.593,55.673],[12.594,55.674],[12.595,55.674],[12.596,55.674],[12.597,55.674],[12.597,55.675],[12.597,55.676],[12.598,55.676],[12.598,55.677],[12.595,55.675]]],[[[12.591,55.672],[12.588,55.671],[12.587,55.67],[12.588,55.67],[12.588,55.671],[12.589,55.671],[12.59,55.671],[12.591,55.672]]]]},"properties":{"code":"1415","name":"København K"}},
{"type":"Feature","geometry":{"type":"Polygon","coordinates":[[[12.592,55.673],[12.593,55.673],[12.594,55.672],[12.595,55.673],[12.593,55.673],[12.592,55.673]]]},"properties":{"code":"1416","name":"København K"}},
{"type":"Feature","geometry":null,"properties":{"code":"1417","name":"København K"}},
{"type":"Feature","geometry":{"type":"Polygon","coordinates":[[[12.59,55.671],[12.591,55.671],[12.591,55.67],[12.592,55.67],[12.592,55.671],[12.591,55.672],[12.59,55.671]]]},"properties":{"code":"1418","name":"København K"}},
{"type":"Feature","geometry":{"type":"Polygon","coordinates":[[[12.588,55.671],[12.588,55.67],[12.589,55.671],[12.588,55.671]]]},"properties":{"code":"1419","name":"København K"}},
{"type":"Feature","geometry":{"type":"MultiPolygon","coordinates":[[[[12.589,55.671],[12.588,55.67],[12.589,55.67],[12.59,55.67],[12.591,55.671],[12.59,55.671],[12.589,55.671]]],[[[12.592,55.672],[12.591,55.672],[12.592,55.671],[12.592,55.672]]],[[[12.593,55.672],[12.594,55.672],[12.593,55.673],[12.592,55.673],[12.593,55.672]]],[[[12.595,55.674],[12.594,55.674],[12.593,55.673],[12.595,55.673],[12.595,55.674]]]]},"properties":{"code":"1420","name":"København K"}},
{"type":"Feature","geometry":null,"properties":{"code":"1421","name":"København K"}},
{"type":"Feature","geometry":{"type":"MultiPolygon","coordinates":[[[[12.598,55.675],[12.601,55.675],[12.602,55.676],[12.601,55.676],[12.601,55.677],[12.599,55.678],[12.599,55.676],[12.598,55.675]]],[[[12.595,55.673],[12.594,55.672],[12.596,55.672],[12.597,55.673],[12.596,55.673],[12.595,55.673]]],[[[12.597,55.674],[12.598,55.675],[12.597,55.675],[12.597,55.674]]],[[[12.592,55.672],[12.592,55.671],[12.593,55.671],[12.592,55.672]]],[[[12.591,55.671],[12.59,55.67],[12.591,55.67],[12.591,55.671]]]]},"properties":{"code":"1422","name":"København K"}},
{"type":"Feature","geometry":{"type":"Polygon","coordinates":[[[12.593,55.671],[12.592,55.671],[12.592,55.67],[12.593,55.671]]]},"properties":{"code":"1423","name":"København K"}},
{"type":"Feature","geometry":{"type":"MultiPolygon","coordinates":[[[[12.594,55.671],[12.593,55.671],[12.592,55.67],[12.591,55.67],[12.59,55.67],[12.589,55.67],[12.588,55.67],[12.587,55.67],[12.589,55.668],[12.596,55.669],[12.594,55.671]]],[[[12.597,55.672],[12.596,55.672],[12.594,55.671],[12.597,55.672]]]]},"properties":{"code":"1424","name":"København K"}},
{"type":"Feature","geometry":{"type":"Polygon","coordinates":[[[12.594,55.671],[12.596,55.672],[12.594,55.672],[12.593,55.672],[12.594,55.671]]]},"properties":{"code":"1425","name":"København K"}},
{"type":"Feature","geometry":{"type":"Polygon","coordinates":[[[12.598,55.672],[12.597,55.673],[12.596,55.672],[12.597,55.672],[12.598,55.672]]]},"properties":{"code":"1426","name":"København K"}},
{"type":"Feature","geometry":{"type":"Polygon","coordinates":[[[12.597,55.675],[12.598,55.675],[12.597,55.676],[12.597,55.675]]]},"properties":{"code":"1427","name":"København K"}},
{"type":"Feature","geometry":{"type":"Polygon","coordinates":[[[12.597,55.676],[12.598,55.675],[12.599,55.676],[12.598,55.676],[12.597,55.676]]]},"properties":{"code":"1428","name":"København K"}},
{"type":"Feature","geometry":null,"properties":{"code":"1429","name":"København K"}},
{"type":"Feature","geometry":{"type":"Polygon","coordinates":[[[12.598,55.677],[12.598,55.676],[12.599,55.676],[12.599,55.678],[12.598,55.677]]]},"properties":{"code":"1430","name":"København K"}},
{"type":"Feature","geometry":{"type":"MultiPolygon","coordinates":[[[[12.607,55.701],[12.603,55.692],[12.603,55.691],[12.612,55.684],[12.614,55.682],[12.616,55.683],[12.618,55.687],[12.621,55.687],[12.658,55.701],[12.637,55.714],[12.636,55.713],[12.616,55.7],[12.607,55.701]]],[[[12.601,55.675],[12.604,55.674],[12.61,55.68],[12.61,55.681],[12.611,55.682],[12.61,55.682],[12.612,55.682],[12.612,55.683],[12.609,55.683],[12.608,55.678],[12.602,55.676],[12.601,55.675]]]]},"properties":{"code":"1432","name":"København K"}},
{"type":"Feature","geometry":{"type":"Polygon","coordinates":[[[12.658,55.701],[12.684,55.694],[12.713,55.666],[12.759,55.682],[12.826,55.691],[12.846,55.699],[12.745,55.792],[12.721,55.784],[12.64,55.744],[12.637,55.714],[12.658,55.701]]]},"properties":{"code":"1433","name":"København K"}},
{"type":"Feature","geometry":{"type":"Polygon","coordinates":[[[12.606,55.684],[12.605,55.683],[12.604,55.682],[12.603,55.681],[12.605,55.68],[12.605,55.681],[12.606,55.683],[12.606,55.684]]]},"properties":{"code":"1434","name":"København K"}},
{"type":"Feature","geometry":{"type":"Polygon","coordinates":[[[12.605,55.68],[12.607,55.68],[12.607,55.681],[12.605,55.681],[12.605,55.68]]]},"properties":{"code":"1435","name":"København K"}},
{"type":"Feature","geometry":{"type":"Polygon","coordinates":[[[12.596,55.68],[12.596,55.679],[12.599,55.678],[12.601,55.677],[12.601,55.676],[12.602,55.676],[12.608,55.678],[12.603,55.679],[12.6,55.679],[12.6,55.68],[12.597,55.681],[12.597,55.68],[12.596,55.68]]]},"properties":{"code":"1436","name":"København K"}},
{"type":"Feature","geometry":{"type":"Polygon","coordinates":[[[12.609,55.683],[12.607,55.684],[12.606,55.684],[12.606,55.683],[12.605,55.681],[12.607,55.681],[12.607,55.68],[12.605,55.68],[12.603,55.681],[12.604,55.682],[12.605,55.683],[12.606,55.684],[12.603,55.684],[12.6,55.68],[12.6,55.679],[12.603,55.679],[12.608,55.678],[12.609,55.683]]]},"properties":{"code":"1437","name":"København K"}},
{"type":"Feature","geometry":{"type":"Polygon","coordinates":[[[12.597,55.681],[12.6,55.68],[12.603,55.684],[12.602,55.686],[12.601,55.686],[12.597,55.683],[12.597,55.681]]]},"properties":{"code":"1438","name":"København K"}},
{"type":"Feature","geometry":{"type":"Polygon","coordinates":[[[12.602,55.686],[12.603,55.684],[12.606,55.684],[12.607,55.684],[12.609,55.683],[12.612,55.683],[12.612,55.684],[12.603,55.691],[12.602,55.686]]]},"properties":{"code":"1439","name":"København K"}},
{"type":"Feature","geometry":{"type":"Polygon","coordinates":[[[12.6,55.671],[12.602,55.671],[12.612,55.682],[12.61,55.682],[12.611,55.682],[12.61,55.681],[12.61,55.68],[12.604,55.674],[12.601,55.675],[12.598,55.675],[12.597,55.674],[12.596,55.674],[12.596,55.673],[12.597,55.673],[12.598,55.672],[12.6,55.671]]]},"properties":{"code":"1440","name":"København K"}},
{"type":"Feature","geometry":{"type":"MultiPolygon","coordinates":[[[[12.612,55.684],[12.612,55.683],[12.612,55.682],[12.602,55.671],[12.614,55.682],[12.612,55.684]]],[[[12.599,55.67],[12.602,55.671],[12.6,55.671],[12.599,55.67]]]]},"properties":{"code":"1441","name":"København K"}},
{"type":"Feature","geometry":{"type":"Polygon","coordinates":[[[12.573,55.678],[12.572,55.678],[12.572,55.677],[12.573,55.677],[12.574,55.677],[12.574,55.678],[12.573,55.678]]]},"properties":{"code":"1450","name":"København K"}},
{"type":"Feature","geometry":null,"properties":{"code":"1451","name":"København K"}},
{"type":"Feature","geometry":{"type":"Polygon","coordinates":[[[12.568,55.679],[12.569,55.679],[12.569,55.68],[12.568,55.679]]]},"properties":{"code":"1452","name":"København K"}},
{"type":"Feature","geometry":{"type":"Polygon","coordinates":[[[12.569,55.68],[12.569,55.679],[12.568,55.679],[12.567,55.679],[12.567,55.678],[12.568,55.679],[12.569,55.679],[12.571,55.679],[12.569,55.68]]]},"properties":{"code":"1453","name":"København K"}},
{"type":"Feature","geometry":null,"properties":{"code":"1454","name":"København K"}},
{"type":"Feature","geometry":{"type":"Polygon","coordinates":[[[12.571,55.679],[12.569,55.679],[12.568,55.679],[12.567,55.678],[12.568,55.678],[12.569,55.678],[12.57,55.678],[12.571,55.679]]]},"properties":{"code":"1455","name":"København K"}},
{"type":"Feature","geometry":{"type":"Polygon","coordinates":[[[12.571,55.679],[12.57,55.678],[12.569,55.678],[12.568,55.678],[12.569,55.677],[12.57,55.677],[12.571,55.678],[12.571,55.679]]]},"properties":{"code":"1456","name":"København K"}},
{"type":"Feature","geometry":{"type":"Polygon","coordinates":[[[12.572,55.679],[12.571,55.679],[12.571,55.678],[12.572,55.678],[12.573,55.678],[12.572,55.679]]]},"properties":{"code":"1457","name":"København K"}},
{"type":"Feature","geometry":null,"properties":{"code":"1458","name":"København K"}},
{"type":"Feature","geometry":{"type":"Polygon","coordinates":[[[12.572,55.678],[12.571,55.678],[12.57,55.677],[12.569,55.677],[12.57,55.677],[12.571,55.677],[12.572,55.677],[12.572,55.678]]]},"properties":{"code":"1459","name":"København K"}},
{"type":"Feature","geometry":{"type":"Polygon","coordinates":[[[12.571,55.677],[12.57,55.677],[12.571,55.676],[12.571,55.677]]]},"properties":{"code":"1460","name":"København K"}},
{"type":"Feature","geometry":null,"properties":{"code":"1461","name":"København K"}},
{"type":"Feature","geometry":{"type":"Polygon","coordinates":[[[12.571,55.677],[12.571,55.676],[12.572,55.676],[12.572,55.677],[12.571,55.677]]]},"properties":{"code":"1462","name":"København K"}},
{"type":"Feature","geometry":{"type":"Polygon","coordinates":[[[12.573,55.676],[12.572,55.676],[12.571,55.676],[12.572,55.675],[12.573,55.676]]]},"properties":{"code":"1463","name":"København K"}},
{"type":"Feature","geometry":{"type":"Polygon","coordinates":[[[12.573,55.677],[12.572,55.677],[12.572,55.676],[12.573,55.676],[12.573,55.677]]]},"properties":{"code":"1464","name":"København K"}},
{"type":"Feature","geometry":null,"properties":{"code":"1465","name":"København K"}},
{"type":"Feature","geometry":{"type":"Polygon","coordinates":[[[12.575,55.677],[12.574,55.677],[12.574,55.676],[12.575,55.676],[12.575,55.677]]]},"properties":{"code":"1466","name":"København K"}},
{"type":"Feature","geometry":null,"properties":{"code":"1467","name":"København K"}},
{"type":"Feature","geometry":{"type":"Polygon","coordinates":[[[12.574,55.676],[12.573,55.676],[12.572,55.675],[12.573,55.675],[12.575,55.676],[12.574,55.676]]]},"properties":{"code":"1468","name":"København K"}},
{"type":"Feature","geometry":{"type":"Polygon","coordinates":[[[12.576,55.676],[12.575,55.676],[12.573,55.675],[12.573,55.674],[12.574,55.675],[12.576,55.676]]]},"properties":{"code":"1470","name":"København K"}},
{"type":"Feature","geometry":{"type":"Polygon","coordinates":[[[12.576,55.675],[12.574,55.675],[12.575,55.674],[12.576,55.674],[12.576,55.675]]]},"properties":{"code":"1471","name":"København K"}},
{"type":"Feature","geometry":{"type":"Polygon","coordinates":[[[12.577,55.674],[12.576,55.674],[12.575,55.674],[12.576,55.673],[12.578,55.674],[12.577,55.674]]]},"properties":{"code":"1472","name":"København K"}},
{"type":"Feature","geometry":{"type":"Polygon","coordinates":[[[12.58,55.672],[12.578,55.673],[12.579,55.672],[12.58,55.672]]]},"properties":{"code":"1473","name":"København K"}},
{"type":"Feature","geometry":{"type":"MultiPolygon","coordinates":[[[[12.569,55.677],[12.568,55.677],[12.567,55.677],[12.567,55.676],[12.568,55.676],[12.57,55.675],[12.571,55.676],[12.57,55.677],[12.569,55.677]]],[[[12.572,55.675],[12.571,55.675],[12.572,55.674],[12.572,55.675]]]]},"properties":{"code":"1550","name":"København V"}},
{"type":"Feature","geometry":{"type":"Polygon","coordinates":[[[12.566,55.679],[12.565,55.68],[12.564,55.679],[12.565,55.679],[12.566,55.678],[12.567,55.679],[12.566,55.679]]]},"properties":{"code":"1551","name":"København V"}},
{"type":"Feature","geometry":{"type":"MultiPolygon","coordinates":[[[[12.579,55.672],[12.578,55.673],[12.576,55.673],[12.575,55.674],[12.574,55.675],[12.573,55.674],[12.574,55.673],[12.575,55.673],[12.576,55.673],[12.577,55.672],[12.578,55.672],[12.579,55.672]]],[[[12.572,55.675],[12.572,55.674],[12.573,55.675],[12.572,55.675]]],[[[12.571,55.676],[12.57,55.675],[12.571,55.675],[12.572,55.675],[12.571,55.676]]],[[[12.567,55.678],[12.567,55.677],[12.568,55.677],[12.569,55.677],[12.568,55.678],[12.567,55.678]]],[[[12.567,55.679],[12.566,55.678],[12.567,55.678],[12.567,55.679]]]]},"properties":{"code":"1552","name":"København V"}},
{"type":"Feature","geometry":{"type":"MultiPolygon","coordinates":[[[[12.568,55.676],[12.567,55.674],[12.569,55.674],[12.572,55.673],[12.573,55.674],[12.572,55.674],[12.571,55.675],[12.57,55.675],[12.568,55.676]]],[[[12.564,55.68],[12.563,55.68],[12.564,55.68],[12.564,55.679],[12.565,55.68],[12.564,55.68]]],[[[12.578,55.67],[12.579,55.67],[12.58,55.671],[12.578,55.67]]],[[[12.577,55.671],[12.577,55.672],[12.576,55.672],[12.576,55.673],[12.575,55.673],[12.574,55.673],[12.573,55.673],[12.574,55.672],[12.577,55.671]]],[[[12.568,55.677],[12.567,55.677],[12.567,55.678],[12.566,55.678],[12.565,55.679],[12.564,55.678],[12.565,55.678],[12.566,55.677],[12.567,55.677],[12.568,55.677]]]]},"properties":{"code":"1553","name":"København V"}},
{"type":"Feature","geometry":{"type":"Polygon","coordinates":[[[12.565,55.678],[12.564,55.678],[12.563,55.677],[12.565,55.676],[12.566,55.677],[12.565,55.678]]]},"properties":{"code":"1554","name":"København V"}},
{"type":"Feature","geometry":{"type":"MultiPolygon","coordinates":[[[[12.576,55.676],[12.574,55.675],[12.576,55.675],[12.576,55.676]]],[[[12.573,55.675],[12.572,55.674],[12.573,55.674],[12.573,55.675]]]]},"properties":{"code":"1555","name":"København V"}},
{"type":"Feature","geometry":{"type":"Polygon","coordinates":[[[12.573,55.674],[12.572,55.673],[12.573,55.672],[12.573,55.673],[12.574,55.673],[12.573,55.674]]]},"properties":{"code":"1556","name":"København V"}},
{"type":"Feature","geometry":null,"properties":{"code":"1557","name":"København V"}},
{"type":"Feature","geometry":null,"properties":{"code":"1558","name":"København V"}},
{"type":"Feature","geometry":{"type":"Polygon","coordinates":[[[12.578,55.672],[12.577,55.672],[12.577,55.671],[12.578,55.672]]]},"properties":{"code":"1559","name":"København V"}},
{"type":"Feature","geometry":{"type":"Polygon","coordinates":[[[12.577,55.671],[12.576,55.671],[12.573,55.67],[12.573,55.669],[12.557,55.662],[12.558,55.661],[12.569,55.664],[12.578,55.67],[12.577,55.671]]]},"properties":{"code":"1560","name":"København V"}},
{"type":"Feature","geometry":{"type":"Polygon","coordinates":[[[12.558,55.661],[12.565,55.66],[12.569,55.664],[12.558,55.661]]]},"properties":{"code":"1561","name":"København V"}},
{"type":"Feature","geometry":{"type":"Polygon","coordinates":[[[12.576,55.671],[12.575,55.671],[12.574,55.671],[12.572,55.67],[12.573,55.67],[12.576,55.671]]]},"properties":{"code":"1562","name":"København V"}},
{"type":"Feature","geometry":null,"properties":{"code":"1563","name":"København V"}},
{"type":"Feature","geometry":{"type":"Polygon","coordinates":[[[12.576,55.673],[12.576,55.672],[12.577,55.672],[12.576,55.673]]]},"properties":{"code":"1564","name":"København V"}},
{"type":"Feature","geometry":{"type":"Polygon","coordinates":[[[12.572,55.67],[12.571,55.671],[12.57,55.67],[12.571,55.67],[12.572,55.67]]]},"properties":{"code":"1567","name":"København V"}},
{"type":"Feature","geometry":{"type":"MultiPolygon","coordinates":[[[[12.573,55.67],[12.572,55.67],[12.571,55.67],[12.573,55.669],[12.573,55.67]]],[[[12.571,55.671],[12.57,55.671],[12.57,55.67],[12.571,55.671]]]]},"properties":{"code":"1568","name":"København V"}},
{"type":"Feature","geometry":{"type":"Polygon","coordinates":[[[12.571,55.671],[12.572,55.671],[12.571,55.671],[12.571,55.672],[12.57,55.672],[12.57,55.671],[12.571,55.671]]]},"properties":{"code":"1569","name":"København V"}},
{"type":"Feature","geometry":{"type":"Polygon","coordinates":[[[12.563,55.674],[12.565,55.673],[12.565,55.674],[12.563,55.674]]]},"properties":{"code":"1570","name":"København V"}},
{"type":"Feature","geometry":{"type":"Polygon","coordinates":[[[12.574,55.671],[12.573,55.672],[12.572,55.671],[12.571,55.671],[12.572,55.67],[12.574,55.671]]]},"properties":{"code":"1571","name":"København V"}},
{"type":"Feature","geometry":null,"properties":{"code":"1572","name":"København V"}},
{"type":"Feature","geometry":{"type":"Polygon","coordinates":[[[12.574,55.672],[12.573,55.672],[12.574,55.671],[12.575,55.671],[12.576,55.671],[12.577,55.671],[12.574,55.672]]]},"properties":{"code":"1573","name":"København V"}},
{"type":"Feature","geometry":{"type":"MultiPolygon","coordinates":[[[[12.573,55.673],[12.573,55.672],[12.574,55.672],[12.573,55.673]]],[[[12.573,55.672],[12.572,55.672],[12.571,55.671],[12.572,55.671],[12.573,55.672]]]]},"properties":{"code":"1574","name":"København V"}},
{"type":"Feature","geometry":{"type":"Polygon","coordinates":[[[12.571,55.671],[12.572,55.672],[12.571,55.672],[12.571,55.671]]]},"properties":{"code":"1575","name":"København V"}},
{"type":"Feature","geometry":null,"properties":{"code":"1576","name":"København V"}},
{"type":"Feature","geometry":{"type":"Polygon","coordinates":[[[12.567,55.674],[12.565,55.674],[12.565,55.673],[12.565,55.671],[12.565,55.669],[12.565,55.668],[12.564,55.668],[12.563,55.667],[12.562,55.667],[12.559,55.665],[12.557,55.662],[12.573,55.669],[12.571,55.67],[12.57,55.67],[12.57,55.671],[12.569,55.671],[12.569,55.674],[12.567,55.674]]]},"properties":{"code":"1577","name":"København V"}},
{"type":"Feature","geometry":{"type":"MultiPolygon","coordinates":[[[[12.562,55.68],[12.563,55.679],[12.564,55.679],[12.564,55.68],[12.563,55.68],[12.562,55.68]]],[[[12.561,55.681],[12.56,55.681],[12.561,55.68],[12.562,55.681],[12.561,55.681]]]]},"properties":{"code":"1600","name":"København V"}},
{"type":"Feature","geometry":{"type":"MultiPolygon","coordinates":[[[[12.558,55.682],[12.558,55.681],[12.559,55.68],[12.558,55.68],[12.558,55.679],[12.558,55.678],[12.56,55.678],[12.561,55.68],[12.56,55.681],[12.558,55.682]]],[[[12.559,55.675],[12.558,55.678],[12.558,55.677],[12.557,55.676],[12.559,55.675]]]]},"properties":{"code":"1601","name":"København V"}},
{"type":"Feature","geometry":{"type":"Polygon","coordinates":[[[12.562,55.681],[12.561,55.68],[12.56,55.678],[12.558,55.678],[12.559,55.675],[12.56,55.675],[12.561,55.676],[12.562,55.677],[12.562,55.678],[12.562,55.679],[12.562,55.68],[12.562,55.681]]]},"properties":{"code":"1602","name":"København V"}},
{"type":"Feature","geometry":{"type":"Polygon","coordinates":[[[12.562,55.68],[12.562,55.679],[12.563,55.679],[12.562,55.68]]]},"properties":{"code":"1603","name":"København V"}},
{"type":"Feature","geometry":null,"properties":{"code":"1604","name":"København V"}},
{"type":"Feature","geometry":null,"properties":{"code":"1605","name":"København V"}},
{"type":"Feature","geometry":{"type":"MultiPolygon","coordinates":[[[[12.562,55.675],[12.562,55.674],[12.563,55.675],[12.562,55.675]]],[[[12.562,55.678],[12.562,55.677],[12.561,55.676],[12.563,55.678],[12.563,55.679],[12.562,55.679],[12.562,55.678]]]]},"properties":{"code":"1606","name":"København V"}},
{"type":"Feature","geometry":{"type":"Polygon","coordinates":[[[12.564,55.679],[12.564,55.68],[12.564,55.679],[12.563,55.679],[12.563,55.678],[12.563,55.677],[12.564,55.678],[12.565,55.679],[12.564,55.679]]]},"properties":{"code":"1607","name":"København V"}},
{"type":"Feature","geometry":{"type":"Polygon","coordinates":[[[12.567,55.677],[12.566,55.677],[12.565,55.676],[12.566,55.676],[12.567,55.676],[12.567,55.677]]]},"properties":{"code":"1608","name":"København V"}},
{"type":"Feature","geometry":{"type":"Polygon","coordinates":[[[12.563,55.677],[12.563,55.676],[12.563,55.675],[12.564,55.675],[12.566,55.676],[12.565,55.676],[12.563,55.677]]]},"properties":{"code":"1609","name":"København V"}},
{"type":"Feature","geometry":{"type":"MultiPolygon","coordinates":[[[[12.557,55.676],[12.555,55.674],[12.552,55.674],[12.554,55.673],[12.555,55.673],[12.557,55.673],[12.557,55.674],[12.558,55.673],[12.559,55.674],[12.56,55.674],[12.56,55.675],[12.559,55.675],[12.557,55.676]]],[[[12.551,55.674],[12.55,55.675],[12.55,55.674],[12.551,55.674]]]]},"properties":{"code":"1610","name":"København V"}},
{"type":"Feature","geometry":null,"properties":{"code":"1611","name":"København V"}},
{"type":"Feature","geometry":{"type":"Polygon","coordinates":[[[12.56,55.675],[12.561,55.675],[12.562,55.675],[12.563,55.675],[12.563,55.676],[12.563,55.677],[12.563,55.678],[12.561,55.676],[12.56,55.675]]]},"properties":{"code":"1612","name":"København V"}},
{"type":"Feature","geometry":{"type":"Polygon","coordinates":[[[12.562,55.675],[12.561,55.675],[12.561,55.674],[12.562,55.674],[12.562,55.675]]]},"properties":{"code":"1613","name":"København V"}},
{"type":"Feature","geometry":{"type":"Polygon","coordinates":[[[12.56,55.674],[12.561,55.674],[12.561,55.675],[12.56,55.675],[12.56,55.674]]]},"properties":{"code":"1614","name":"København V"}},
{"type":"Feature","geometry":null,"properties":{"code":"1615","name":"København V"}},
{"type":"Feature","geometry":{"type":"Polygon","coordinates":[[[12.557,55.673],[12.558,55.673],[12.557,55.674],[12.557,55.673]]]},"properties":{"code":"1616","name":"København V"}},
{"type":"Feature","geometry":null,"properties":{"code":"1617","name":"København V"}},
{"type":"Feature","geometry":{"type":"Polygon","coordinates":[[[12.552,55.674],[12.551,55.674],[12.55,55.674],[12.55,55.673],[12.552,55.674]]]},"properties":{"code":"1618","name":"København V"}},
{"type":"Feature","geometry":null,"properties":{"code":"1619","name":"København V"}},
{"type":"Feature","geometry":{"type":"MultiPolygon","coordinates":[[[[12.567,55.676],[12.566,55.676],[12.564,55.675],[12.563,55.675],[12.562,55.674],[12.561,55.674],[12.56,55.674],[12.559,55.674],[12.558,55.673],[12.557,55.673],[12.555,55.673],[12.554,55.673],[12.552,55.674],[12.55,55.673],[12.549,55.673],[12.547,55.673],[12.546,55.672],[12.545,55.672],[12.544,55.672],[12.543,55.672],[12.542,55.671],[12.541,55.671],[12.54,55.671],[12.54,55.67],[12.541,55.669],[12.541,55.67],[12.542,55.67],[12.544,55.671],[12.545,55.671],[12.546,55.671],[12.548,55.67],[12.549,55.672],[12.55,55.672],[12.551,55.672],[12.552,55.672],[12.552,55.673],[12.553,55.673],[12.552,55.673],[12.552,55.672],[12.553,55.672],[12.554,55.672],[12.555,55.672],[12.557,55.672],[12.558,55.672],[12.56,55.672],[12.561,55.673],[12.562,55.673],[12.563,55.674],[12.565,55.674],[12.567,55.674],[12.568,55.676],[12.567,55.676]]],[[[12.538,55.669],[12.539,55.67],[12.538,55.67],[12.538,55.669]]]]},"properties":{"code":"1620","name":"København V"}},
{"type":"Feature","geometry":null,"properties":{"code":"1621","name":"København V"}},
{"type":"Feature","geometry":null,"properties":{"code":"1622","name":"København V"}},
{"type":"Feature","geometry":null,"properties":{"code":"1623","name":"København V"}},
{"type":"Feature","geometry":null,"properties":{"code":"1624","name":"København V"}},
{"type":"Feature","geometry":{"type":"Polygon","coordinates":[[[12.555,55.683],[12.555,55.682],[12.556,55.682],[12.556,55.683],[12.555,55.683]]]},"properties":{"code":"1631","name":"København V"}},
{"type":"Feature","geometry":{"type":"Polygon","coordinates":[[[12.555,55.683],[12.556,55.683],[12.556,55.684],[12.555,55.684],[12.555,55.683],[12.554,55.682],[12.555,55.682],[12.555,55.683]]]},"properties":{"code":"1632","name":"København V"}},
{"type":"Feature","geometry":{"type":"Polygon","coordinates":[[[12.556,55.682],[12.557,55.682],[12.557,55.683],[12.556,55.683],[12.556,55.682]]]},"properties":{"code":"1633","name":"København V"}},
{"type":"Feature","geometry":null,"properties":{"code":"1634","name":"København V"}},
{"type":"Feature","geometry":{"type":"Polygon","coordinates":[[[12.557,55.682],[12.558,55.682],[12.557,55.683],[12.557,55.682]]]},"properties":{"code":"1635","name":"København V"}},
{"type":"Feature","geometry":{"type":"MultiPolygon","coordinates":[[[[12.555,55.669],[12.556,55.67],[12.557,55.671],[12.556,55.67],[12.553,55.67],[12.552,55.669],[12.55,55.669],[12.55,55.668],[12.548,55.668],[12.548,55.667],[12.55,55.668],[12.551,55.668],[12.552,55.668],[12.553,55.669],[12.555,55.669]]],[[[12.558,55.671],[12.559,55.67],[12.559,55.671],[12.56,55.671],[12.561,55.671],[12.562,55.672],[12.563,55.672],[12.562,55.672],[12.561,55.672],[12.56,55.672],[12.559,55.671],[12.558,55.671]]]]},"properties":{"code":"1650","name":"København V"}},
{"type":"Feature","geometry":{"type":"Polygon","coordinates":[[[12.563,55.674],[12.562,55.673],[12.562,55.672],[12.563,55.672],[12.564,55.672],[12.564,55.671],[12.565,55.671],[12.565,55.673],[12.563,55.674]]]},"properties":{"code":"1651","name":"København V"}},
{"type":"Feature","geometry":{"type":"MultiPolygon","coordinates":[[[[12.563,55.67],[12.564,55.671],[12.563,55.671],[12.563,55.67]]],[[[12.562,55.672],[12.562,55.671],[12.563,55.671],[12.563,55.672],[12.562,55.672]]],[[[12.561,55.673],[12.562,55.672],[12.562,55.673],[12.561,55.673]]]]},"properties":{"code":"1652","name":"København V"}},
{"type":"Feature","geometry":{"type":"MultiPolygon","coordinates":[[[[12.561,55.671],[12.562,55.671],[12.562,55.672],[12.561,55.671]]],[[[12.56,55.672],[12.561,55.672],[12.562,55.672],[12.561,55.673],[12.56,55.672]]]]},"properties":{"code":"1653","name":"København V"}},
{"type":"Feature","geometry":{"type":"Polygon","coordinates":[[[12.558,55.672],[12.559,55.671],[12.56,55.672],[12.558,55.672]]]},"properties":{"code":"1654","name":"København V"}},
{"type":"Feature","geometry":{"type":"MultiPolygon","coordinates":[[[[12.559,55.67],[12.56,55.67],[12.559,55.671],[12.559,55.67]]],[[[12.557,55.672],[12.558,55.671],[12.559,55.671],[12.558,55.672],[12.557,55.672]]]]},"properties":{"code":"1655","name":"København V"}},
{"type":"Feature","geometry":{"type":"Polygon","coordinates":[[[12.555,55.672],[12.557,55.671],[12.556,55.67],[12.557,55.67],[12.558,55.67],[12.559,55.67],[12.558,55.671],[12.557,55.672],[12.555,55.672]]]},"properties":{"code":"1656","name":"København V"}},
{"type":"Feature","geometry":{"type":"MultiPolygon","coordinates":[[[[12.556,55.67],[12.557,55.669],[12.558,55.669],[12.557,55.67],[12.556,55.67]]],[[[12.555,55.672],[12.554,55.672],[12.556,55.67],[12.557,55.671],[12.555,55.672]]]]},"properties":{"code":"1657","name":"København V"}},
{"type":"Feature","geometry":{"type":"MultiPolygon","coordinates":[[[[12.553,55.672],[12.553,55.67],[12.556,55.67],[12.554,55.672],[12.553,55.672]]],[[[12.555,55.669],[12.555,55.668],[12.556,55.668],[12.557,55.669],[12.556,55.67],[12.555,55.669]]]]},"properties":{"code":"1658","name":"København V"}},
{"type":"Feature","geometry":null,"properties":{"code":"1659","name":"København V"}},
{"type":"Feature","geometry":{"type":"MultiPolygon","coordinates":[[[[12.552,55.672],[12.552,55.67],[12.552,55.669],[12.553,55.67],[12.553,55.672],[12.552,55.672],[12.552,55.673],[12.553,55.673],[12.552,55.673],[12.552,55.672]]],[[[12.552,55.668],[12.553,55.667],[12.554,55.668],[12.553,55.669],[12.552,55.668]]]]},"properties":{"code":"1660","name":"København V"}},
{"type":"Feature","geometry":{"type":"Polygon","coordinates":[[[12.551,55.672],[12.552,55.67],[12.552,55.672],[12.551,55.672]]]},"properties":{"code":"1661","name":"København V"}},
{"type":"Feature","geometry":{"type":"MultiPolygon","coordinates":[[[[12.55,55.672],[12.55,55.67],[12.55,55.669],[12.552,55.669],[12.552,55.67],[12.551,55.672],[12.55,55.672]]],[[[12.551,55.667],[12.552,55.666],[12.552,55.667],[12.552,55.668],[12.551,55.667]]]]},"properties":{"code":"1662","name":"København V"}},
{"type":"Feature","geometry":{"type":"MultiPolygon","coordinates":[[[[12.549,55.672],[12.549,55.67],[12.55,55.668],[12.55,55.669],[12.55,55.67],[12.55,55.672],[12.549,55.672]]],[[[12.55,55.668],[12.55,55.667],[12.55,55.666],[12.551,55.666],[12.551,55.667],[12.552,55.668],[12.551,55.668],[12.55,55.668]]]]},"properties":{"code":"1663","name":"København V"}},
{"type":"Feature","geometry":null,"properties":{"code":"1664","name":"København V"}},
{"type":"Feature","geometry":{"type":"MultiPolygon","coordinates":[[[[12.548,55.67],[12.549,55.67],[12.549,55.672],[12.548,55.67]]],[[[12.55,55.668],[12.549,55.67],[12.549,55.669],[12.548,55.669],[12.548,55.668],[12.55,55.668]]],[[[12.55,55.666],[12.549,55.667],[12.549,55.666],[12.55,55.666]]],[[[12.548,55.667],[12.55,55.667],[12.55,55.668],[12.548,55.667]]]]},"properties":{"code":"1665","name":"København V"}},
{"type":"Feature","geometry":{"type":"Polygon","coordinates":[[[12.546,55.671],[12.546,55.67],[12.545,55.669],[12.547,55.669],[12.548,55.669],[12.549,55.669],[12.549,55.67],[12.548,55.67],[12.546,55.671]]]},"properties":{"code":"1666","name":"København V"}},
{"type":"Feature","geometry":null,"properties":{"code":"1667","name":"København V"}},
{"type":"Feature","geometry":{"type":"Polygon","coordinates":[[[12.548,55.668],[12.548,55.669],[12.547,55.669],[12.548,55.668]]]},"properties":{"code":"1668","name":"København V"}},
{"type":"Feature","geometry":{"type":"MultiPolygon","coordinates":[[[[12.547,55.666],[12.548,55.665],[12.548,55.667],[12.547,55.667],[12.547,55.666]]],[[[12.548,55.668],[12.547,55.669],[12.547,55.668],[12.548,55.668]]]]},"properties":{"code":"1669","name":"København V"}},
{"type":"Feature","geometry":{"type":"Polygon","coordinates":[[[12.548,55.668],[12.547,55.668],[12.545,55.668],[12.544,55.668],[12.544,55.666],[12.546,55.666],[12.547,55.667],[12.548,55.667],[12.548,55.668]]]},"properties":{"code":"1670","name":"København V"}},
{"type":"Feature","geometry":{"type":"MultiPolygon","coordinates":[[[[12.545,55.669],[12.545,55.668],[12.547,55.668],[12.546,55.668],[12.546,55.669],[12.545,55.669]]],[[[12.546,55.666],[12.547,55.666],[12.547,55.667],[12.546,55.666]]]]},"properties":{"code":"1671","name":"København V"}},
{"type":"Feature","geometry":{"type":"Polygon","coordinates":[[[12.546,55.669],[12.546,55.668],[12.547,55.668],[12.547,55.669],[12.546,55.669]]]},"properties":{"code":"1672","name":"København V"}},
{"type":"Feature","geometry":null,"properties":{"code":"1673","name":"København V"}},
{"type":"Feature","geometry":{"type":"MultiPolygon","coordinates":[[[[12.545,55.668],[12.544,55.668],[12.543,55.666],[12.542,55.665],[12.542,55.664],[12.543,55.664],[12.543,55.665],[12.544,55.666],[12.544,55.668],[12.545,55.668]]],[[[12.542,55.663],[12.542,55.664],[12.541,55.663],[12.542,55.663]]],[[[12.545,55.671],[12.545,55.67],[12.546,55.67],[12.546,55.671],[12.545,55.671]]]]},"properties":{"code":"1674","name":"København V"}},
{"type":"Feature","geometry":null,"properties":{"code":"1675","name":"København V"}},
{"type":"Feature","geometry":{"type":"Polygon","coordinates":[[[12.549,55.667],[12.548,55.667],[12.548,55.665],[12.549,55.666],[12.549,55.667]]]},"properties":{"code":"1676","name":"København V"}},
{"type":"Feature","geometry":null,"properties":{"code":"1677","name":"København V"}},
{"type":"Feature","geometry":{"type":"Polygon","coordinates":[[[12.565,55.668],[12.563,55.669],[12.561,55.669],[12.562,55.667],[12.56,55.666],[12.559,55.666],[12.562,55.667],[12.563,55.667],[12.564,55.668],[12.565,55.668]]]},"properties":{"code":"1699","name":"København V"}},
{"type":"Feature","geometry":{"type":"MultiPolygon","coordinates":[[[[12.561,55.671],[12.56,55.67],[12.561,55.669],[12.563,55.669],[12.563,55.67],[12.562,55.67],[12.562,55.671],[12.561,55.671]]],[[[12.559,55.67],[12.558,55.67],[12.558,55.669],[12.557,55.669],[12.556,55.668],[12.557,55.668],[12.558,55.669],[12.56,55.669],[12.56,55.67],[12.559,55.67]]]]},"properties":{"code":"1700","name":"København V"}},
{"type":"Feature","geometry":null,"properties":{"code":"1701","name":"København V"}},
{"type":"Feature","geometry":{"type":"Polygon","coordinates":[[[12.564,55.672],[12.563,55.672],[12.563,55.671],[12.564,55.671],[12.564,55.672]]]},"properties":{"code":"1702","name":"København V"}},
{"type":"Feature","geometry":{"type":"Polygon","coordinates":[[[12.563,55.671],[12.562,55.671],[12.562,55.67],[12.563,55.67],[12.563,55.671]]]},"properties":{"code":"1703","name":"København V"}},
{"type":"Feature","geometry":{"type":"MultiPolygon","coordinates":[[[[12.569,55.674],[12.569,55.671],[12.57,55.671],[12.57,55.672],[12.571,55.672],[12.57,55.672],[12.571,55.672],[12.572,55.672],[12.573,55.672],[12.572,55.673],[12.569,55.674]]],[[[12.565,55.671],[12.564,55.671],[12.563,55.67],[12.563,55.669],[12.565,55.668],[12.564,55.669],[12.565,55.669],[12.565,55.671]]]]},"properties":{"code":"1704","name":"København V"}},
{"type":"Feature","geometry":{"type":"MultiPolygon","coordinates":[[[[12.562,55.667],[12.559,55.666],[12.558,55.666],[12.557,55.665],[12.556,55.665],[12.555,55.665],[12.554,55.665],[12.552,55.665],[12.551,55.665],[12.55,55.665],[12.549,55.664],[12.548,55.664],[12.547,55.664],[12.546,55.664],[12.545,55.664],[12.544,55.664],[12.542,55.663],[12.559,55.665],[12.562,55.667]]],[[[12.565,55.669],[12.564,55.669],[12.565,55.668],[12.565,55.669]]]]},"properties":{"code":"1705","name":"København V"}},
{"type":"Feature","geometry":{"type":"Polygon","coordinates":[[[12.559,55.671],[12.56,55.67],[12.561,55.671],[12.56,55.671],[12.559,55.671]]]},"properties":{"code":"1706","name":"København V"}},
{"type":"Feature","geometry":null,"properties":{"code":"1707","name":"København V"}},
{"type":"Feature","geometry":{"type":"Polygon","coordinates":[[[12.557,55.67],[12.558,55.669],[12.558,55.67],[12.557,55.67]]]},"properties":{"code":"1708","name":"København V"}},
{"type":"Feature","geometry":{"type":"Polygon","coordinates":[[[12.553,55.669],[12.554,55.668],[12.555,55.668],[12.555,55.669],[12.553,55.669]]]},"properties":{"code":"1709","name":"København V"}},
{"type":"Feature","geometry":null,"properties":{"code":"1710","name":"København V"}},
{"type":"Feature","geometry":{"type":"Polygon","coordinates":[[[12.562,55.667],[12.56,55.669],[12.559,55.669],[12.557,55.668],[12.558,55.667],[12.56,55.666],[12.562,55.667]]]},"properties":{"code":"1711","name":"København V"}},
{"type":"Feature","geometry":{"type":"Polygon","coordinates":[[[12.557,55.668],[12.559,55.669],[12.558,55.669],[12.557,55.668]]]},"properties":{"code":"1712","name":"København V"}},
{"type":"Feature","geometry":{"type":"Polygon","coordinates":[[[12.559,55.666],[12.56,55.666],[12.558,55.667],[12.559,55.666]]]},"properties":{"code":"1714","name":"København V"}},
{"type":"Feature","geometry":{"type":"Polygon","coordinates":[[[12.561,55.669],[12.56,55.67],[12.56,55.669],[12.562,55.667],[12.561,55.669]]]},"properties":{"code":"1715","name":"København V"}},
{"type":"Feature","geometry":null,"properties":{"code":"1716","name":"København V"}},
{"type":"Feature","geometry":{"type":"Polygon","coordinates":[[[12.556,55.668],[12.557,55.666],[12.558,55.666],[12.559,55.666],[12.558,55.667],[12.557,55.668],[12.556,55.668]]]},"properties":{"code":"1717","name":"København V"}},
{"type":"Feature","geometry":{"type":"Polygon","coordinates":[[[12.555,55.668],[12.555,55.667],[12.556,55.666],[12.557,55.666],[12.556,55.668],[12.555,55.667],[12.555,55.668]]]},"properties":{"code":"1718","name":"København V"}},
{"type":"Feature","geometry":{"type":"MultiPolygon","coordinates":[[[[12.555,55.667],[12.554,55.667],[12.555,55.666],[12.556,55.666],[12.555,55.667]]],[[[12.557,55.665],[12.556,55.666],[12.556,55.665],[12.557,55.665]]]]},"properties":{"code":"1719","name":"København V"}},
{"type":"Feature","geometry":{"type":"MultiPolygon","coordinates":[[[[12.553,55.667],[12.552,55.667],[12.552,55.666],[12.551,55.666],[12.55,55.666],[12.549,55.666],[12.548,55.665],[12.547,55.665],[12.546,55.665],[12.545,55.665],[12.544,55.664],[12.543,55.664],[12.542,55.664],[12.541,55.664],[12.54,55.664],[12.539,55.664],[12.538,55.664],[12.537,55.663],[12.541,55.663],[12.542,55.664],[12.542,55.663],[12.544,55.664],[12.545,55.664],[12.546,55.664],[12.547,55.664],[12.548,55.664],[12.549,55.665],[12.55,55.665],[12.551,55.665],[12.551,55.666],[12.552,55.666],[12.553,55.666],[12.554,55.667],[12.555,55.667],[12.555,55.668],[12.554,55.668],[12.553,55.667]]],[[[12.555,55.668],[12.555,55.667],[12.556,55.668],[12.555,55.668]]]]},"properties":{"code":"1720","name":"København V"}},
{"type":"Feature","geometry":{"type":"MultiPolygon","coordinates":[[[[12.558,55.666],[12.557,55.666],[12.556,55.666],[12.555,55.666],[12.553,55.666],[12.554,55.666],[12.556,55.666],[12.557,55.665],[12.558,55.666]]],[[[12.551,55.667],[12.551,55.666],[12.552,55.666],[12.551,55.667]]],[[[12.548,55.667],[12.549,55.667],[12.55,55.666],[12.55,55.667],[12.548,55.667]]]]},"properties":{"code":"1721","name":"København V"}},
{"type":"Feature","geometry":{"type":"MultiPolygon","coordinates":[[[[12.556,55.665],[12.556,55.666],[12.554,55.666],[12.555,55.665],[12.556,55.665]]],[[[12.554,55.667],[12.553,55.666],[12.555,55.666],[12.554,55.667]]]]},"properties":{"code":"1722","name":"København V"}},
{"type":"Feature","geometry":{"type":"Polygon","coordinates":[[[12.552,55.668],[12.552,55.667],[12.553,55.667],[12.552,55.668]]]},"properties":{"code":"1723","name":"København V"}},
{"type":"Feature","geometry":null,"properties":{"code":"1724","name":"København V"}},
{"type":"Feature","geometry":{"type":"Polygon","coordinates":[[[12.555,55.665],[12.554,55.666],[12.553,55.666],[12.554,55.665],[12.555,55.665]]]},"properties":{"code":"1725","name":"København V"}},
{"type":"Feature","geometry":{"type":"Polygon","coordinates":[[[12.554,55.665],[12.553,55.666],[12.552,55.666],[12.552,55.665],[12.554,55.665]]]},"properties":{"code":"1726","name":"København V"}},
{"type":"Feature","geometry":{"type":"Polygon","coordinates":[[[12.552,55.665],[12.552,55.666],[12.551,55.666],[12.551,55.665],[12.552,55.665]]]},"properties":{"code":"1727","name":"København V"}},
{"type":"Feature","geometry":null,"properties":{"code":"1728","name":"København V"}},
{"type":"Feature","geometry":{"type":"Polygon","coordinates":[[[12.55,55.665],[12.549,55.665],[12.549,55.664],[12.55,55.665]]]},"properties":{"code":"1729","name":"København V"}},
{"type":"Feature","geometry":{"type":"Polygon","coordinates":[[[12.549,55.664],[12.549,55.665],[12.548,55.664],[12.549,55.664]]]},"properties":{"code":"1730","name":"København V"}},
{"type":"Feature","geometry":null,"properties":{"code":"1731","name":"København V"}},
{"type":"Feature","geometry":null,"properties":{"code":"1732","name":"København V"}},
{"type":"Feature","geometry":null,"properties":{"code":"1733","name":"København V"}},
{"type":"Feature","geometry":null,"properties":{"code":"1734","name":"København V"}},
{"type":"Feature","geometry":null,"properties":{"code":"1735","name":"København V"}},
{"type":"Feature","geometry":{"type":"Polygon","coordinates":[[[12.543,55.665],[12.544,55.665],[12.545,55.665],[12.545,55.666],[12.544,55.666],[12.543,55.665]]]},"properties":{"code":"1736","name":"København V"}},
{"type":"Feature","geometry":{"type":"Polygon","coordinates":[[[12.545,55.665],[12.544,55.665],[12.544,55.664],[12.545,55.665]]]},"properties":{"code":"1737","name":"København V"}},
{"type":"Feature","geometry":{"type":"Polygon","coordinates":[[[12.543,55.665],[12.543,55.664],[12.544,55.664],[12.544,55.665],[12.543,55.665]]]},"properties":{"code":"1738","name":"København V"}},
{"type":"Feature","geometry":null,"properties":{"code":"1739","name":"København V"}},
{"type":"Feature","geometry":{"type":"Polygon","coordinates":[[[12.538,55.67],[12.536,55.67],[12.538,55.669],[12.538,55.67]]]},"properties":{"code":"1749","name":"København V"}},
{"type":"Feature","geometry":{"type":"Polygon","coordinates":[[[12.54,55.67],[12.539,55.67],[12.538,55.669],[12.539,55.669],[12.54,55.668],[12.539,55.668],[12.538,55.665],[12.539,55.665],[12.539,55.666],[12.54,55.666],[12.54,55.667],[12.541,55.668],[12.541,55.669],[12.54,55.67]]]},"properties":{"code":"1750","name":"København V"}},
{"type":"Feature","geometry":{"type":"Polygon","coordinates":[[[12.544,55.671],[12.544,55.67],[12.545,55.669],[12.546,55.67],[12.545,55.67],[12.545,55.671],[12.544,55.671]]]},"properties":{"code":"1751","name":"København V"}},
{"type":"Feature","geometry":{"type":"Polygon","coordinates":[[[12.542,55.67],[12.543,55.67],[12.544,55.67],[12.544,55.671],[12.542,55.67]]]},"properties":{"code":"1752","name":"København V"}},
{"type":"Feature","geometry":null,"properties":{"code":"1753","name":"København V"}},
{"type":"Feature","geometry":{"type":"Polygon","coordinates":[[[12.545,55.669],[12.544,55.67],[12.543,55.67],[12.543,55.669],[12.544,55.668],[12.545,55.668],[12.545,55.669]]]},"properties":{"code":"1754","name":"København V"}},
{"type":"Feature","geometry":{"type":"Polygon","coordinates":[[[12.542,55.67],[12.543,55.669],[12.543,55.67],[12.542,55.67]]]},"properties":{"code":"1755","name":"København V"}},
{"type":"Feature","geometry":{"type":"Polygon","coordinates":[[[12.541,55.67],[12.541,55.669],[12.542,55.668],[12.543,55.669],[12.542,55.67],[12.541,55.67]]]},"properties":{"code":"1756","name":"København V"}},
{"type":"Feature","geometry":null,"properties":{"code":"1757","name":"København V"}},
{"type":"Feature","geometry":{"type":"Polygon","coordinates":[[[12.544,55.668],[12.542,55.668],[12.541,55.669],[12.541,55.668],[12.541,55.666],[12.542,55.666],[12.543,55.666],[12.544,55.668]]]},"properties":{"code":"1758","name":"København V"}},
{"type":"Feature","geometry":{"type":"Polygon","coordinates":[[[12.544,55.668],[12.543,55.669],[12.542,55.668],[12.544,55.668]]]},"properties":{"code":"1759","name":"København V"}},
{"type":"Feature","geometry":{"type":"Polygon","coordinates":[[[12.547,55.666],[12.546,55.666],[12.544,55.666],[12.545,55.666],[12.545,55.665],[12.546,55.665],[12.547,55.665],[12.548,55.665],[12.547,55.666]]]},"properties":{"code":"1760","name":"København V"}},
{"type":"Feature","geometry":{"type":"Polygon","coordinates":[[[12.539,55.666],[12.54,55.665],[12.541,55.666],[12.541,55.668],[12.54,55.667],[12.54,55.666],[12.539,55.666]]]},"properties":{"code":"1761","name":"København V"}},
{"type":"Feature","geometry":{"type":"Polygon","coordinates":[[[12.541,55.666],[12.54,55.665],[12.54,55.664],[12.541,55.664],[12.541,55.665],[12.542,55.666],[12.541,55.666]]]},"properties":{"code":"1762","name":"København V"}},
{"type":"Feature","geometry":{"type":"Polygon","coordinates":[[[12.543,55.666],[12.542,55.666],[12.541,55.665],[12.541,55.664],[12.542,55.664],[12.542,55.665],[12.543,55.666]]]},"properties":{"code":"1763","name":"København V"}},
{"type":"Feature","geometry":{"type":"Polygon","coordinates":[[[12.539,55.665],[12.54,55.665],[12.539,55.666],[12.539,55.665]]]},"properties":{"code":"1764","name":"København V"}},
{"type":"Feature","geometry":{"type":"Polygon","coordinates":[[[12.54,55.664],[12.54,55.665],[12.539,55.665],[12.538,55.665],[12.538,55.664],[12.539,55.664],[12.54,55.664]]]},"properties":{"code":"1765","name":"København V"}},
{"type":"Feature","geometry":null,"properties":{"code":"1766","name":"København V"}},
{"type":"Feature","geometry":{"type":"Polygon","coordinates":[[[12.538,55.669],[12.536,55.668],[12.537,55.668],[12.538,55.668],[12.539,55.669],[12.538,55.669]]]},"properties":{"code":"1770","name":"København V"}},
{"type":"Feature","geometry":{"type":"Polygon","coordinates":[[[12.539,55.669],[12.539,55.668],[12.54,55.668],[12.539,55.669]]]},"properties":{"code":"1771","name":"København V"}},
{"type":"Feature","geometry":{"type":"Polygon","coordinates":[[[12.538,55.668],[12.539,55.668],[12.539,55.669],[12.538,55.668]]]},"properties":{"code":"1772","name":"København V"}},
{"type":"Feature","geometry":null,"properties":{"code":"1773","name":"København V"}},
{"type":"Feature","geometry":{"type":"Polygon","coordinates":[[[12.54,55.668],[12.539,55.668],[12.538,55.668],[12.537,55.668],[12.537,55.667],[12.538,55.668],[12.539,55.668],[12.54,55.668]]]},"properties":{"code":"1774","name":"København V"}},
{"type":"Feature","geometry":null,"properties":{"code":"1775","name":"København V"}},
{"type":"Feature","geometry":{"type":"Polygon","coordinates":[[[12.537,55.667],[12.538,55.667],[12.538,55.668],[12.537,55.667]]]},"properties":{"code":"1777","name":"København V"}},
{"type":"Feature","geometry":{"type":"Polygon","coordinates":[[[12.538,55.669],[12.536,55.67],[12.532,55.668],[12.531,55.668],[12.53,55.668],[12.53,55.663],[12.537,55.663],[12.538,55.664],[12.538,55.665],[12.539,55.668],[12.538,55.668],[12.538,55.667],[12.537,55.667],[12.537,55.668],[12.536,55.668],[12.538,55.669]]]},"properties":{"code":"1799","name":"København V"}},
{"type":"Feature","geometry":{"type":"Polygon","coordinates":[[[12.539,55.67],[12.539,55.671],[12.538,55.671],[12.536,55.671],[12.535,55.671],[12.534,55.671],[12.533,55.672],[12.532,55.67],[12.533,55.67],[12.534,55.67],[12.535,55.67],[12.538,55.67],[12.539,55.67]]]},"properties":{"code":"1800","name":"Frederiksberg C"}},
{"type":"Feature","geometry":{"type":"Polygon","coordinates":[[[12.538,55.67],[12.535,55.67],[12.533,55.669],[12.531,55.669],[12.531,55.668],[12.532,55.668],[12.536,55.67],[12.538,55.67]]]},"properties":{"code":"1801","name":"Frederiksberg C"}},
{"type":"Feature","geometry":{"type":"Polygon","coordinates":[[[12.534,55.67],[12.533,55.67],[12.533,55.669],[12.535,55.67],[12.534,55.67]]]},"properties":{"code":"1802","name":"Frederiksberg C"}},
{"type":"Feature","geometry":null,"properties":{"code":"1803","name":"Frederiksberg C"}},
{"type":"Feature","geometry":{"type":"Polygon","coordinates":[[[12.532,55.67],[12.531,55.669],[12.533,55.669],[12.533,55.67],[12.532,55.67]]]},"properties":{"code":"1804","name":"Frederiksberg C"}},
{"type":"Feature","geometry":null,"properties":{"code":"1805","name":"Frederiksberg C"}},
{"type":"Feature","geometry":{"type":"Polygon","coordinates":[[[12.533,55.673],[12.533,55.672],[12.534,55.672],[12.535,55.672],[12.533,55.673]]]},"properties":{"code":"1806","name":"Frederiksberg C"}},
{"type":"Feature","geometry":{"type":"Polygon","coordinates":[[[12.534,55.671],[12.534,55.672],[12.533,55.672],[12.534,55.671]]]},"properties":{"code":"1807","name":"Frederiksberg C"}},
{"type":"Feature","geometry":{"type":"Polygon","coordinates":[[[12.535,55.671],[12.535,55.672],[12.534,55.672],[12.534,55.671],[12.535,55.671]]]},"properties":{"code":"1808","name":"Frederiksberg C"}},
{"type":"Feature","geometry":{"type":"Polygon","coordinates":[[[12.536,55.671],[12.537,55.672],[12.537,55.674],[12.535,55.672],[12.535,55.671],[12.536,55.671]]]},"properties":{"code":"1809","name":"Frederiksberg C"}},
{"type":"Feature","geometry":{"type":"Polygon","coordinates":[[[12.541,55.671],[12.541,55.673],[12.54,55.674],[12.539,55.671],[12.539,55.67],[12.54,55.67],[12.54,55.671],[12.541,55.671]]]},"properties":{"code":"1810","name":"Frederiksberg C"}},
{"type":"Feature","geometry":{"type":"Polygon","coordinates":[[[12.537,55.672],[12.538,55.674],[12.537,55.674],[12.537,55.672]]]},"properties":{"code":"1811","name":"Frederiksberg C"}},
{"type":"Feature","geometry":{"type":"Polygon","coordinates":[[[12.538,55.671],[12.539,55.673],[12.538,55.674],[12.537,55.672],[12.536,55.671],[12.538,55.671]]]},"properties":{"code":"1812","name":"Frederiksberg C"}},
{"type":"Feature","geometry":{"type":"Polygon","coordinates":[[[12.539,55.671],[12.54,55.674],[12.539,55.673],[12.538,55.671],[12.539,55.671]]]},"properties":{"code":"1813","name":"Frederiksberg C"}},
{"type":"Feature","geometry":{"type":"Polygon","coordinates":[[[12.542,55.671],[12.542,55.672],[12.542,55.673],[12.541,55.673],[12.541,55.671],[12.542,55.671]]]},"properties":{"code":"1814","name":"Frederiksberg C"}},
{"type":"Feature","geometry":{"type":"Polygon","coordinates":[[[12.542,55.672],[12.543,55.673],[12.542,55.673],[12.542,55.672]]]},"properties":{"code":"1815","name":"Frederiksberg C"}},
{"type":"Feature","geometry":null,"properties":{"code":"1816","name":"Frederiksberg C"}},
{"type":"Feature","geometry":{"type":"Polygon","coordinates":[[[12.544,55.672],[12.544,55.673],[12.543,55.673],[12.542,55.672],[12.542,55.671],[12.543,55.672],[12.544,55.672]]]},"properties":{"code":"1817","name":"Frederiksberg C"}},
{"type":"Feature","geometry":{"type":"Polygon","coordinates":[[[12.545,55.672],[12.545,55.673],[12.544,55.673],[12.544,55.672],[12.545,55.672]]]},"properties":{"code":"1818","name":"Frederiksberg C"}},
{"type":"Feature","geometry":{"type":"Polygon","coordinates":[[[12.55,55.675],[12.549,55.674],[12.55,55.673],[12.55,55.674],[12.55,55.675]]]},"properties":{"code":"1819","name":"Frederiksberg C"}},
{"type":"Feature","geometry":{"type":"Polygon","coordinates":[[[12.547,55.673],[12.549,55.673],[12.55,55.673],[12.549,55.674],[12.548,55.674],[12.546,55.674],[12.545,55.674],[12.543,55.674],[12.542,55.674],[12.541,55.674],[12.54,55.675],[12.538,55.675],[12.537,55.675],[12.535,55.675],[12.534,55.675],[12.533,55.673],[12.535,55.672],[12.537,55.674],[12.538,55.674],[12.539,55.673],[12.54,55.674],[12.541,55.673],[12.542,55.673],[12.543,55.673],[12.544,55.673],[12.545,55.673],[12.546,55.673],[12.547,55.673]]]},"properties":{"code":"1820","name":"Frederiksberg C"}},
{"type":"Feature","geometry":{"type":"Polygon","coordinates":[[[12.547,55.673],[12.546,55.673],[12.545,55.673],[12.545,55.672],[12.546,55.672],[12.547,55.673]]]},"properties":{"code":"1822","name":"Frederiksberg C"}},
{"type":"Feature","geometry":null,"properties":{"code":"1823","name":"Frederiksberg C"}},
{"type":"Feature","geometry":{"type":"Polygon","coordinates":[[[12.548,55.674],[12.547,55.675],[12.546,55.674],[12.548,55.674]]]},"properties":{"code":"1824","name":"Frederiksberg C"}},
{"type":"Feature","geometry":{"type":"Polygon","coordinates":[[[12.546,55.674],[12.547,55.675],[12.545,55.675],[12.545,55.674],[12.546,55.674]]]},"properties":{"code":"1825","name":"Frederiksberg C"}},
{"type":"Feature","geometry":{"type":"Polygon","coordinates":[[[12.545,55.674],[12.545,55.675],[12.544,55.676],[12.543,55.674],[12.545,55.674]]]},"properties":{"code":"1826","name":"Frederiksberg C"}},
{"type":"Feature","geometry":{"type":"Polygon","coordinates":[[[12.543,55.674],[12.544,55.676],[12.543,55.675],[12.542,55.674],[12.543,55.674]]]},"properties":{"code":"1827","name":"Frederiksberg C"}},
{"type":"Feature","geometry":{"type":"Polygon","coordinates":[[[12.542,55.674],[12.543,55.675],[12.542,55.676],[12.541,55.674],[12.542,55.674]]]},"properties":{"code":"1828","name":"Frederiksberg C"}},
{"type":"Feature","geometry":{"type":"Polygon","coordinates":[[[12.541,55.674],[12.542,55.676],[12.541,55.676],[12.54,55.675],[12.541,55.674]]]},"properties":{"code":"1829","name":"Frederiksberg C"}},
{"type":"Feature","geometry":{"type":"MultiPolygon","coordinates":[[[[12.544,55.676],[12.542,55.677],[12.541,55.677],[12.539,55.678],[12.538,55.678],[12.536,55.678],[12.535,55.678],[12.534,55.679],[12.534,55.678],[12.534,55.677],[12.537,55.677],[12.538,55.677],[12.539,55.676],[12.541,55.676],[12.542,55.676],[12.543,55.675],[12.544,55.676]]],[[[12.555,55.674],[12.554,55.674],[12.553,55.675],[12.551,55.675],[12.55,55.675],[12.549,55.675],[12.548,55.675],[12.547,55.676],[12.546,55.676],[12.545,55.676],[12.544,55.676],[12.545,55.675],[12.547,55.675],[12.548,55.674],[12.549,55.674],[12.55,55.675],[12.551,55.674],[12.552,55.674],[12.555,55.674]]]]},"properties":{"code":"1850","name":"Frederiksberg C"}},
{"type":"Feature","geometry":{"type":"Polygon","coordinates":[[[12.54,55.675],[12.541,55.676],[12.539,55.676],[12.538,55.675],[12.54,55.675]]]},"properties":{"code":"1851","name":"Frederiksberg C"}},
{"type":"Feature","geometry":{"type":"Polygon","coordinates":[[[12.538,55.675],[12.539,55.676],[12.538,55.677],[12.538,55.676],[12.537,55.675],[12.538,55.675]]]},"properties":{"code":"1852","name":"Frederiksberg C"}},
{"type":"Feature","geometry":{"type":"Polygon","coordinates":[[[12.537,55.675],[12.538,55.676],[12.536,55.676],[12.535,55.675],[12.537,55.675]]]},"properties":{"code":"1853","name":"Frederiksberg C"}},
{"type":"Feature","geometry":{"type":"Polygon","coordinates":[[[12.535,55.675],[12.536,55.676],[12.534,55.676],[12.534,55.675],[12.535,55.675]]]},"properties":{"code":"1854","name":"Frederiksberg C"}},
{"type":"Feature","geometry":{"type":"Polygon","coordinates":[[[12.538,55.676],[12.536,55.676],[12.534,55.677],[12.534,55.676],[12.536,55.676],[12.538,55.676]]]},"properties":{"code":"1855","name":"Frederiksberg C"}},
{"type":"Feature","geometry":{"type":"Polygon","coordinates":[[[12.537,55.677],[12.536,55.676],[12.538,55.676],[12.538,55.677],[12.537,55.677]]]},"properties":{"code":"1856","name":"Frederiksberg C"}},
{"type":"Feature","geometry":{"type":"Polygon","coordinates":[[[12.534,55.677],[12.536,55.676],[12.537,55.677],[12.534,55.677]]]},"properties":{"code":"1857","name":"Frederiksberg C"}},
{"type":"Feature","geometry":{"type":"Polygon","coordinates":[[[12.537,55.681],[12.539,55.681],[12.535,55.681],[12.535,55.68],[12.537,55.681]]]},"properties":{"code":"1860","name":"Frederiksberg C"}},
{"type":"Feature","geometry":{"type":"Polygon","coordinates":[[[12.535,55.678],[12.535,55.679],[12.535,55.68],[12.534,55.679],[12.535,55.678]]]},"properties":{"code":"1861","name":"Frederiksberg C"}},
{"type":"Feature","geometry":{"type":"Polygon","coordinates":[[[12.536,55.678],[12.536,55.679],[12.537,55.681],[12.535,55.68],[12.535,55.679],[12.535,55.678],[12.536,55.678]]]},"properties":{"code":"1862","name":"Frederiksberg C"}},
{"type":"Feature","geometry":{"type":"Polygon","coordinates":[[[12.537,55.681],[12.536,55.679],[12.538,55.679],[12.539,55.681],[12.537,55.681]]]},"properties":{"code":"1863","name":"Frederiksberg C"}},
{"type":"Feature","geometry":{"type":"Polygon","coordinates":[[[12.538,55.678],[12.539,55.678],[12.541,55.677],[12.542,55.678],[12.54,55.679],[12.54,55.678],[12.539,55.678],[12.54,55.679],[12.539,55.679],[12.538,55.679],[12.536,55.679],[12.536,55.678],[12.538,55.678]]]},"properties":{"code":"1864","name":"Frederiksberg C"}},
{"type":"Feature","geometry":null,"properties":{"code":"1865","name":"Frederiksberg C"}},
{"type":"Feature","geometry":null,"properties":{"code":"1866","name":"Frederiksberg C"}},
{"type":"Feature","geometry":{"type":"Polygon","coordinates":[[[12.54,55.679],[12.539,55.678],[12.54,55.678],[12.54,55.679]]]},"properties":{"code":"1867","name":"Frederiksberg C"}},
{"type":"Feature","geometry":null,"properties":{"code":"1868","name":"Frederiksberg C"}},
{"type":"Feature","geometry":{"type":"MultiPolygon","coordinates":[[[[12.542,55.677],[12.543,55.678],[12.542,55.678],[12.543,55.678],[12.543,55.679],[12.543,55.68],[12.544,55.68],[12.545,55.68],[12.545,55.681],[12.546,55.681],[12.546,55.682],[12.546,55.683],[12.544,55.683],[12.544,55.681],[12.541,55.682],[12.538,55.681],[12.539,55.681],[12.538,55.679],[12.539,55.679],[12.54,55.679],[12.542,55.678],[12.541,55.677],[12.542,55.677]]],[[[12.548,55.685],[12.545,55.686],[12.546,55.684],[12.548,55.685]]]]},"properties":{"code":"1870","name":"Frederiksberg C"}},
{"type":"Feature","geometry":{"type":"MultiPolygon","coordinates":[[[[12.544,55.683],[12.54,55.683],[12.539,55.683],[12.539,55.682],[12.541,55.682],[12.544,55.681],[12.544,55.683]]],[[[12.545,55.68],[12.546,55.68],[12.548,55.68],[12.548,55.681],[12.547,55.681],[12.546,55.681],[12.545,55.681],[12.545,55.68]]]]},"properties":{"code":"1871","name":"Frederiksberg C"}},
{"type":"Feature","geometry":null,"properties":{"code":"1872","name":"Frederiksberg C"}},
{"type":"Feature","geometry":null,"properties":{"code":"1873","name":"Frederiksberg C"}},
{"type":"Feature","geometry":{"type":"Polygon","coordinates":[[[12.546,55.68],[12.545,55.68],[12.547,55.679],[12.548,55.68],[12.546,55.68]]]},"properties":{"code":"1874","name":"Frederiksberg C"}},
{"type":"Feature","geometry":{"type":"Polygon","coordinates":[[[12.543,55.679],[12.546,55.678],[12.547,55.679],[12.545,55.68],[12.544,55.68],[12.543,55.68],[12.543,55.679]]]},"properties":{"code":"1875","name":"Frederiksberg C"}},
{"type":"Feature","geometry":{"type":"Polygon","coordinates":[[[12.543,55.678],[12.544,55.678],[12.546,55.677],[12.546,55.678],[12.543,55.679],[12.543,55.678],[12.542,55.678],[12.543,55.678]]]},"properties":{"code":"1876","name":"Frederiksberg C"}},
{"type":"Feature","geometry":{"type":"Polygon","coordinates":[[[12.544,55.676],[12.544,55.678],[12.543,55.678],[12.542,55.677],[12.544,55.676]]]},"properties":{"code":"1877","name":"Frederiksberg C"}},
{"type":"Feature","geometry":{"type":"Polygon","coordinates":[[[12.544,55.676],[12.545,55.676],[12.546,55.677],[12.544,55.678],[12.544,55.676]]]},"properties":{"code":"1878","name":"Frederiksberg C"}},
{"type":"Feature","geometry":{"type":"Polygon","coordinates":[[[12.546,55.676],[12.547,55.677],[12.548,55.678],[12.548,55.679],[12.549,55.68],[12.55,55.681],[12.551,55.682],[12.551,55.683],[12.552,55.684],[12.552,55.685],[12.551,55.685],[12.55,55.684],[12.55,55.683],[12.548,55.682],[12.549,55.682],[12.548,55.681],[12.548,55.68],[12.547,55.679],[12.546,55.678],[12.546,55.677],[12.545,55.676],[12.546,55.676]]]},"properties":{"code":"1879","name":"Frederiksberg C"}},
{"type":"Feature","geometry":{"type":"Polygon","coordinates":[[[12.558,55.681],[12.555,55.681],[12.554,55.68],[12.554,55.679],[12.554,55.678],[12.552,55.677],[12.554,55.676],[12.554,55.674],[12.555,55.674],[12.557,55.676],[12.558,55.677],[12.555,55.677],[12.555,55.678],[12.555,55.679],[12.556,55.68],[12.559,55.68],[12.558,55.681]]]},"properties":{"code":"1900","name":"Frederiksberg C"}},
{"type":"Feature","geometry":{"type":"Polygon","coordinates":[[[12.547,55.676],[12.547,55.677],[12.546,55.676],[12.547,55.676]]]},"properties":{"code":"1901","name":"Frederiksberg C"}},
{"type":"Feature","geometry":{"type":"MultiPolygon","coordinates":[[[[12.548,55.675],[12.549,55.678],[12.548,55.678],[12.547,55.677],[12.547,55.676],[12.548,55.675]]],[[[12.548,55.679],[12.55,55.679],[12.549,55.68],[12.548,55.679]]]]},"properties":{"code":"1902","name":"Frederiksberg C"}},
{"type":"Feature","geometry":{"type":"MultiPolygon","coordinates":[[[[12.549,55.675],[12.55,55.678],[12.549,55.678],[12.548,55.675],[12.549,55.675]]],[[[12.55,55.679],[12.551,55.678],[12.551,55.679],[12.55,55.679]]]]},"properties":{"code":"1903","name":"Frederiksberg C"}},
{"type":"Feature","geometry":{"type":"Polygon","coordinates":[[[12.55,55.675],[12.551,55.676],[12.552,55.677],[12.55,55.678],[12.549,55.675],[12.55,55.675]]]},"properties":{"code":"1904","name":"Frederiksberg C"}},
{"type":"Feature","geometry":{"type":"Polygon","coordinates":[[[12.551,55.675],[12.552,55.676],[12.551,55.676],[12.55,55.675],[12.551,55.675]]]},"properties":{"code":"1905","name":"Frederiksberg C"}},
{"type":"Feature","geometry":null,"properties":{"code":"1906","name":"Frederiksberg C"}},
{"type":"Feature","geometry":{"type":"Polygon","coordinates":[[[12.554,55.674],[12.554,55.676],[12.553,55.675],[12.554,55.674]]]},"properties":{"code":"1908","name":"Frederiksberg C"}},
{"type":"Feature","geometry":{"type":"Polygon","coordinates":[[[12.553,55.675],[12.554,55.676],[12.552,55.677],[12.551,55.676],[12.552,55.676],[12.551,55.675],[12.553,55.675]]]},"properties":{"code":"1909","name":"Frederiksberg C"}},
{"type":"Feature","geometry":{"type":"MultiPolygon","coordinates":[[[[12.549,55.68],[12.55,55.679],[12.551,55.679],[12.551,55.68],[12.549,55.68]]],[[[12.558,55.678],[12.555,55.679],[12.555,55.678],[12.558,55.678]]]]},"properties":{"code":"1910","name":"Frederiksberg C"}},
{"type":"Feature","geometry":{"type":"Polygon","coordinates":[[[12.548,55.678],[12.549,55.678],[12.55,55.678],[12.552,55.677],[12.554,55.678],[12.553,55.678],[12.551,55.678],[12.55,55.679],[12.548,55.679],[12.548,55.678]]]},"properties":{"code":"1911","name":"Frederiksberg C"}},
{"type":"Feature","geometry":{"type":"Polygon","coordinates":[[[12.551,55.678],[12.552,55.679],[12.551,55.68],[12.551,55.679],[12.551,55.678]]]},"properties":{"code":"1912","name":"Frederiksberg C"}},
{"type":"Feature","geometry":{"type":"Polygon","coordinates":[[[12.553,55.678],[12.552,55.679],[12.551,55.678],[12.553,55.678]]]},"properties":{"code":"1913","name":"Frederiksberg C"}},
{"type":"Feature","geometry":null,"properties":{"code":"1914","name":"Frederiksberg C"}},
{"type":"Feature","geometry":{"type":"Polygon","coordinates":[[[12.554,55.679],[12.553,55.679],[12.552,55.679],[12.553,55.678],[12.554,55.678],[12.554,55.679]]]},"properties":{"code":"1915","name":"Frederiksberg C"}},
{"type":"Feature","geometry":{"type":"Polygon","coordinates":[[[12.558,55.678],[12.555,55.678],[12.555,55.677],[12.558,55.677],[12.558,55.678]]]},"properties":{"code":"1916","name":"Frederiksberg C"}},
{"type":"Feature","geometry":null,"properties":{"code":"1917","name":"Frederiksberg C"}},
{"type":"Feature","geometry":{"type":"Polygon","coordinates":[[[12.549,55.68],[12.551,55.68],[12.552,55.679],[12.553,55.679],[12.554,55.679],[12.554,55.68],[12.553,55.68],[12.552,55.68],[12.551,55.681],[12.55,55.681],[12.549,55.68]]]},"properties":{"code":"1920","name":"Frederiksberg C"}},
{"type":"Feature","geometry":null,"properties":{"code":"1921","name":"Frederiksberg C"}},
{"type":"Feature","geometry":{"type":"Polygon","coordinates":[[[12.553,55.68],[12.552,55.681],[12.551,55.681],[12.552,55.68],[12.553,55.68]]]},"properties":{"code":"1922","name":"Frederiksberg C"}},
{"type":"Feature","geometry":{"type":"Polygon","coordinates":[[[12.55,55.681],[12.551,55.681],[12.551,55.682],[12.55,55.681]]]},"properties":{"code":"1923","name":"Frederiksberg C"}},
{"type":"Feature","geometry":{"type":"Polygon","coordinates":[[[12.552,55.681],[12.553,55.682],[12.551,55.681],[12.552,55.681]]]},"properties":{"code":"1924","name":"Frederiksberg C"}},
{"type":"Feature","geometry":{"type":"Polygon","coordinates":[[[12.554,55.682],[12.553,55.682],[12.552,55.681],[12.553,55.68],[12.554,55.68],[12.555,55.681],[12.554,55.682]]]},"properties":{"code":"1925","name":"Frederiksberg C"}},
{"type":"Feature","geometry":null,"properties":{"code":"1926","name":"Frederiksberg C"}},
{"type":"Feature","geometry":{"type":"Polygon","coordinates":[[[12.558,55.68],[12.556,55.68],[12.555,55.679],[12.558,55.679],[12.558,55.68]]]},"properties":{"code":"1927","name":"Frederiksberg C"}},
{"type":"Feature","geometry":{"type":"Polygon","coordinates":[[[12.558,55.679],[12.555,55.679],[12.558,55.678],[12.558,55.679]]]},"properties":{"code":"1928","name":"Frederiksberg C"}},
{"type":"Feature","geometry":{"type":"Polygon","coordinates":[[[12.539,55.681],[12.538,55.681],[12.541,55.682],[12.539,55.682],[12.538,55.682],[12.537,55.682],[12.535,55.682],[12.535,55.681],[12.539,55.681]]]},"properties":{"code":"1950","name":"Frederiksberg C"}},
{"type":"Feature","geometry":null,"properties":{"code":"1951","name":"Frederiksberg C"}},
{"type":"Feature","geometry":{"type":"Polygon","coordinates":[[[12.538,55.682],[12.536,55.683],[12.535,55.683],[12.535,55.682],[12.537,55.682],[12.538,55.682]]]},"properties":{"code":"1952","name":"Frederiksberg C"}},
{"type":"Feature","geometry":{"type":"Polygon","coordinates":[[[12.539,55.683],[12.538,55.683],[12.537,55.684],[12.536,55.683],[12.538,55.682],[12.539,55.682],[12.539,55.683]]]},"properties":{"code":"1953","name":"Frederiksberg C"}},
{"type":"Feature","geometry":{"type":"Polygon","coordinates":[[[12.539,55.683],[12.541,55.685],[12.539,55.685],[12.538,55.685],[12.538,55.684],[12.538,55.683],[12.539,55.683]]]},"properties":{"code":"1954","name":"Frederiksberg C"}},
{"type":"Feature","geometry":{"type":"Polygon","coordinates":[[[12.54,55.683],[12.541,55.684],[12.541,55.685],[12.539,55.683],[12.54,55.683]]]},"properties":{"code":"1955","name":"Frederiksberg C"}},
{"type":"Feature","geometry":{"type":"Polygon","coordinates":[[[12.54,55.683],[12.543,55.684],[12.541,55.684],[12.54,55.683]]]},"properties":{"code":"1956","name":"Frederiksberg C"}},
{"type":"Feature","geometry":{"type":"Polygon","coordinates":[[[12.544,55.683],[12.543,55.684],[12.54,55.683],[12.544,55.683]]]},"properties":{"code":"1957","name":"Frederiksberg C"}},
{"type":"Feature","geometry":{"type":"Polygon","coordinates":[[[12.546,55.683],[12.546,55.684],[12.545,55.686],[12.543,55.687],[12.54,55.685],[12.539,55.685],[12.541,55.685],[12.541,55.684],[12.543,55.684],[12.544,55.683],[12.546,55.683]]]},"properties":{"code":"1958","name":"Frederiksberg C"}},
{"type":"Feature","geometry":{"type":"Polygon","coordinates":[[[12.543,55.687],[12.542,55.687],[12.54,55.685],[12.543,55.687]]]},"properties":{"code":"1959","name":"Frederiksberg C"}},
{"type":"Feature","geometry":{"type":"MultiPolygon","coordinates":[[[[12.548,55.685],[12.549,55.685],[12.545,55.686],[12.548,55.685]]],[[[12.555,55.684],[12.554,55.685],[12.554,55.684],[12.555,55.684]]],[[[12.552,55.685],[12.553,55.684],[12.553,55.685],[12.552,55.685]]]]},"properties":{"code":"1960","name":"Frederiksberg C"}},
{"type":"Feature","geometry":{"type":"Polygon","coordinates":[[[12.546,55.681],[12.547,55.681],[12.548,55.682],[12.546,55.682],[12.546,55.681]]]},"properties":{"code":"1961","name":"Frederiksberg C"}},
{"type":"Feature","geometry":{"type":"Polygon","coordinates":[[[12.546,55.682],[12.548,55.682],[12.546,55.683],[12.546,55.682]]]},"properties":{"code":"1962","name":"Frederiksberg C"}},
{"type":"Feature","geometry":{"type":"Polygon","coordinates":[[[12.548,55.681],[12.549,55.682],[12.548,55.682],[12.547,55.681],[12.548,55.681]]]},"properties":{"code":"1963","name":"Frederiksberg C"}},
{"type":"Feature","geometry":{"type":"Polygon","coordinates":[[[12.546,55.684],[12.548,55.683],[12.548,55.684],[12.549,55.684],[12.549,55.685],[12.548,55.685],[12.546,55.684]]]},"properties":{"code":"1964","name":"Frederiksberg C"}},
{"type":"Feature","geometry":{"type":"Polygon","coordinates":[[[12.548,55.683],[12.549,55.684],[12.548,55.684],[12.548,55.683]]]},"properties":{"code":"1965","name":"Frederiksberg C"}},
{"type":"Feature","geometry":{"type":"Polygon","coordinates":[[[12.55,55.684],[12.549,55.684],[12.55,55.683],[12.55,55.684]]]},"properties":{"code":"1966","name":"Frederiksberg C"}},
{"type":"Feature","geometry":{"type":"Polygon","coordinates":[[[12.551,55.685],[12.549,55.685],[12.549,55.684],[12.55,55.684],[12.551,55.685]]]},"properties":{"code":"1967","name":"Frederiksberg C"}},
{"type":"Feature","geometry":{"type":"MultiPolygon","coordinates":[[[[12.546,55.683],[12.548,55.682],[12.55,55.683],[12.549,55.684],[12.548,55.683],[12.546,55.684],[12.546,55.683]]],[[[12.558,55.682],[12.554,55.682],[12.555,55.681],[12.558,55.681],[12.558,55.682]]],[[[12.551,55.682],[12.551,55.681],[12.553,55.682],[12.553,55.683],[12.551,55.683],[12.551,55.682]]]]},"properties":{"code":"1970","name":"Frederiksberg C"}},
{"type":"Feature","geometry":{"type":"Polygon","coordinates":[[[12.552,55.684],[12.553,55.684],[12.552,55.685],[12.552,55.684]]]},"properties":{"code":"1971","name":"Frederiksberg C"}},
{"type":"Feature","geometry":{"type":"Polygon","coordinates":[[[12.552,55.684],[12.551,55.683],[12.553,55.683],[12.554,55.684],[12.554,55.685],[12.553,55.685],[12.553,55.684],[12.552,55.684]]]},"properties":{"code":"1972","name":"Frederiksberg C"}},
{"type":"Feature","geometry":{"type":"Polygon","coordinates":[[[12.555,55.684],[12.554,55.684],[12.553,55.683],[12.555,55.683],[12.555,55.684]]]},"properties":{"code":"1973","name":"Frederiksberg C"}},
{"type":"Feature","geometry":{"type":"Polygon","coordinates":[[[12.555,55.683],[12.553,55.683],[12.553,55.682],[12.554,55.682],[12.555,55.683]]]},"properties":{"code":"1974","name":"Frederiksberg C"}},
{"type":"Feature","geometry":{"type":"Polygon","coordinates":[[[12.531,55.668],[12.531,55.669],[12.532,55.67],[12.533,55.672],[12.533,55.673],[12.534,55.675],[12.534,55.676],[12.534,55.677],[12.534,55.678],[12.534,55.679],[12.535,55.68],[12.535,55.681],[12.535,55.682],[12.535,55.683],[12.536,55.683],[12.537,55.684],[12.538,55.683],[12.538,55.684],[12.538,55.685],[12.539,55.685],[12.54,55.685],[12.542,55.687],[12.543,55.687],[12.541,55.688],[12.54,55.689],[12.539,55.689],[12.538,55.69],[12.537,55.69],[12.537,55.691],[12.535,55.695],[12.536,55.696],[12.536,55.697],[12.53,55.696],[12.528,55.696],[12.527,55.696],[12.521,55.693],[12.517,55.691],[12.516,55.691],[12.516,55.69],[12.516,55.691],[12.515,55.69],[12.51,55.689],[12.509,55.689],[12.508,55.689],[12.506,55.689],[12.503,55.688],[12.502,55.688],[12.501,55.687],[12.5,55.686],[12.498,55.685],[12.497,55.684],[12.495,55.684],[12.495,55.683],[12.494,55.683],[12.493,55.682],[12.492,55.68],[12.492,55.679],[12.491,55.679],[12.492,55.678],[12.496,55.669],[12.497,55.669],[12.499,55.669],[12.501,55.669],[12.503,55.669],[12.504,55.669],[12.505,55.669],[12.506,55.669],[12.507,55.669],[12.508,55.669],[12.509,55.669],[12.51,55.669],[12.511,55.669],[12.511,55.67],[12.512,55.669],[12.514,55.669],[12.515,55.669],[12.515,55.668],[12.516,55.668],[12.517,55.668],[12.518,55.668],[12.519,55.668],[12.52,55.668],[12.52,55.667],[12.521,55.667],[12.522,55.667],[12.523,55.667],[12.526,55.667],[12.528,55.667],[12.53,55.668],[12.531,55.668]]]},"properties":{"code":"2000","name":"Frederiksberg"}},
{"type":"Feature","geometry":{"type":"Polygon","coordinates":[[[12.609,55.707],[12.602,55.706],[12.592,55.705],[12.591,55.707],[12.592,55.71],[12.593,55.714],[12.592,55.714],[12.593,55.723],[12.583,55.722],[12.581,55.722],[12.58,55.722],[12.578,55.722],[12.571,55.723],[12.57,55.722],[12.566,55.721],[12.563,55.722],[12.562,55.722],[12.561,55.722],[12.558,55.723],[12.557,55.723],[12.555,55.723],[12.554,55.723],[12.552,55.723],[12.546,55.723],[12.543,55.72],[12.542,55.719],[12.546,55.712],[12.546,55.711],[12.546,55.71],[12.545,55.709],[12.544,55.709],[12.544,55.708],[12.548,55.709],[12.55,55.71],[12.554,55.711],[12.555,55.711],[12.555,55.71],[12.55,55.708],[12.553,55.706],[12.558,55.703],[12.559,55.703],[12.562,55.699],[12.562,55.697],[12.562,55.696],[12.568,55.692],[12.57,55.691],[12.579,55.69],[12.581,55.689],[12.581,55.69],[12.588,55.691],[12.588,55.692],[12.589,55.691],[12.593,55.689],[12.598,55.69],[12.6,55.691],[12.599,55.691],[12.602,55.692],[12.603,55.692],[12.607,55.701],[12.609,55.707]]]},"properties":{"code":"2100","name":"København Ø"}},
{"type":"Feature","geometry":{"type":"Polygon","coordinates":[[[12.636,55.713],[12.637,55.714],[12.64,55.744],[12.609,55.737],[12.593,55.723],[12.592,55.714],[12.593,55.714],[12.592,55.71],[12.591,55.707],[12.592,55.705],[12.602,55.706],[12.609,55.707],[12.636,55.713]]]},"properties":{"code":"2150","name":"Nordhavn"}},
{"type":"Feature","geometry":{"type":"Polygon","coordinates":[[[12.565,55.687],[12.565,55.688],[12.566,55.688],[12.568,55.69],[12.569,55.691],[12.57,55.691],[12.568,55.692],[12.562,55.696],[12.562,55.697],[12.562,55.699],[12.559,55.703],[12.558,55.703],[12.553,55.706],[12.55,55.708],[12.555,55.71],[12.555,55.711],[12.554,55.711],[12.55,55.71],[12.548,55.709],[12.544,55.708],[12.528,55.696],[12.53,55.696],[12.536,55.697],[12.536,55.696],[12.535,55.695],[12.537,55.691],[12.537,55.69],[12.538,55.69],[12.539,55.689],[12.54,55.689],[12.541,55.688],[12.543,55.687],[12.545,55.686],[12.549,55.685],[12.55,55.685],[12.551,55.685],[12.552,55.685],[12.553,55.685],[12.554,55.685],[12.555,55.684],[12.556,55.684],[12.556,55.683],[12.557,55.683],[12.558,55.682],[12.56,55.683],[12.561,55.684],[12.563,55.686],[12.564,55.687],[12.565,55.687]]]},"properties":{"code":"2200","name":"København N"}},
{"type":"Feature","geometry":{"type":"Polygon","coordinates":[[[12.596,55.669],[12.589,55.668],[12.579,55.67],[12.578,55.67],[12.569,55.664],[12.565,55.66],[12.549,55.639],[12.52,55.627],[12.506,55.617],[12.569,55.615],[12.592,55.638],[12.627,55.641],[12.713,55.666],[12.684,55.694],[12.658,55.701],[12.621,55.687],[12.618,55.687],[12.616,55.683],[12.614,55.682],[12.602,55.671],[12.599,55.67],[12.596,55.669]]]},"properties":{"code":"2300","name":"København S"}},
{"type":"Feature","geometry":{"type":"Polygon","coordinates":[[[12.528,55.696],[12.544,55.708],[12.544,55.709],[12.545,55.709],[12.546,55.71],[12.546,55.711],[12.546,55.712],[12.542,55.719],[12.543,55.72],[12.546,55.723],[12.539,55.726],[12.527,55.727],[12.501,55.716],[12.507,55.698],[12.521,55.693],[12.527,55.696],[12.528,55.696]]]},"properties":{"code":"2400","name":"København NV"}},
{"type":"Feature","geometry":{"type":"Polygon","coordinates":[[[12.557,55.662],[12.559,55.665],[12.542,55.663],[12.541,55.663],[12.537,55.663],[12.53,55.663],[12.501,55.642],[12.52,55.627],[12.549,55.639],[12.565,55.66],[12.558,55.661],[12.557,55.662]]]},"properties":{"code":"2450","name":"København SV"}},
{"type":"Feature","geometry":{"type":"Polygon","coordinates":[[[12.53,55.668],[12.528,55.667],[12.526,55.667],[12.523,55.667],[12.522,55.667],[12.521,55.667],[12.52,55.667],[12.52,55.668],[12.519,55.668],[12.518,55.668],[12.517,55.668],[12.516,55.668],[12.515,55.668],[12.515,55.669],[12.514,55.669],[12.512,55.669],[12.511,55.67],[12.511,55.669],[12.51,55.669],[12.509,55.669],[12.508,55.669],[12.507,55.669],[12.506,55.669],[12.505,55.669],[12.504,55.669],[12.503,55.669],[12.501,55.669],[12.499,55.669],[12.497,55.669],[12.496,55.669],[12.492,55.678],[12.491,55.679],[12.479,55.673],[12.478,55.67],[12.478,55.669],[12.478,55.665],[12.501,55.642],[12.53,55.663],[12.53,55.668]]]},"properties":{"code":"2500","name":"Valby"}},
{"type":"Feature","geometry":{"type":"Polygon","coordinates":[[[12.419,55.708],[12.414,55.709],[12.413,55.709],[12.409,55.709],[12.407,55.709],[12.407,55.708],[12.406,55.708],[12.401,55.706],[12.386,55.7],[12.387,55.699],[12.387,55.698],[12.387,55.697],[12.388,55.697],[12.387,55.696],[12.388,55.695],[12.388,55.694],[12.393,55.69],[12.394,55.689],[12.395,55.688],[12.369,55.683],[12.375,55.66],[12.378,55.66],[12.379,55.66],[12.379,55.661],[12.38,55.661],[12.381,55.661],[12.382,55.661],[12.382,55.66],[12.384,55.66],[12.385,55.661],[12.386,55.661],[12.387,55.661],[12.388,55.661],[12.389,55.661],[12.393,55.661],[12.397,55.66],[12.398,55.66],[12.401,55.659],[12.403,55.659],[12.404,55.659],[12.405,55.659],[12.406,55.658],[12.407,55.658],[12.408,55.659],[12.41,55.66],[12.411,55.66],[12.415,55.665],[12.415,55.666],[12.416,55.666],[12.419,55.668],[12.419,55.669],[12.42,55.669],[12.421,55.669],[12.422,55.669],[12.425,55.67],[12.429,55.708],[12.425,55.709],[12.424,55.709],[12.422,55.708],[12.42,55.708],[12.419,55.708]]]},"properties":{"code":"2600","name":"Glostrup"}},
{"type":"Feature","geometry":{"type":"Polygon","coordinates":[[[12.375,55.66],[12.365,55.656],[12.391,55.63],[12.393,55.629],[12.429,55.633],[12.46,55.648],[12.456,55.665],[12.434,55.671],[12.433,55.671],[12.425,55.67],[12.422,55.669],[12.421,55.669],[12.42,55.669],[12.419,55.669],[12.419,55.668],[12.416,55.666],[12.415,55.666],[12.415,55.665],[12.411,55.66],[12.41,55.66],[12.408,55.659],[12.407,55.658],[12.406,55.658],[12.405,55.659],[12.404,55.659],[12.403,55.659],[12.401,55.659],[12.398,55.66],[12.397,55.66],[12.393,55.661],[12.389,55.661],[12.388,55.661],[12.387,55.661],[12.386,55.661],[12.385,55.661],[12.384,55.66],[12.382,55.66],[12.382,55.661],[12.381,55.661],[12.38,55.661],[12.379,55.661],[12.379,55.66],[12.378,55.66],[12.375,55.66]]]},"properties":{"code":"2605","name":"Brøndby"}},
{"type":"Feature","geometry":{"type":"Polygon","coordinates":[[[12.479,55.673],[12.474,55.673],[12.472,55.677],[12.47,55.679],[12.469,55.681],[12.467,55.687],[12.467,55.688],[12.466,55.69],[12.466,55.691],[12.463,55.696],[12.464,55.699],[12.464,55.701],[12.464,55.702],[12.456,55.705],[12.453,55.712],[12.453,55.713],[12.451,55.715],[12.45,55.715],[12.448,55.715],[12.447,55.715],[12.446,55.715],[12.442,55.714],[12.44,55.714],[12.439,55.714],[12.434,55.713],[12.431,55.71],[12.43,55.709],[12.429,55.708],[12.425,55.67],[12.433,55.671],[12.434,55.671],[12.456,55.665],[12.478,55.665],[12.478,55.669],[12.478,55.67],[12.479,55.673]]]},"properties":{"code":"2610","name":"Rødovre"}},
{"type":"Feature","geometry":{"type":"Polygon","coordinates":[[[12.387,55.697],[12.371,55.703],[12.342,55.71],[12.311,55.694],[12.316,55.689],[12.322,55.679],[12.319,55.676],[12.318,55.675],[12.319,55.667],[12.319,55.666],[12.319,55.664],[12.321,55.662],[12.332,55.65],[12.334,55.65],[12.335,55.649],[12.336,55.649],[12.337,55.649],[12.341,55.642],[12.346,55.647],[12.349,55.649],[12.354,55.651],[12.354,55.652],[12.353,55.654],[12.353,55.655],[12.354,55.655],[12.355,55.655],[12.359,55.655],[12.359,55.656],[12.36,55.656],[12.364,55.656],[12.365,55.656],[12.375,55.66],[12.369,55.683],[12.395,55.688],[12.394,55.689],[12.393,55.69],[12.388,55.694],[12.388,55.695],[12.387,55.696],[12.388,55.697],[12.387,55.697]]]},"properties":{"code":"2620","name":"Albertslund"}},
{"type":"Feature","geometry":{"type":"Polygon","coordinates":[[[12.365,55.656],[12.364,55.656],[12.36,55.656],[12.359,55.656],[12.359,55.655],[12.355,55.655],[12.354,55.655],[12.353,55.655],[12.353,55.654],[12.354,55.652],[12.354,55.651],[12.349,55.649],[12.346,55.647],[12.341,55.642],[12.347,55.638],[12.362,55.626],[12.391,55.63],[12.365,55.656]]]},"properties":{"code":"2625","name":"Vallensbæk"}},
{"type":"Feature","geometry":{"type":"Polygon","coordinates":[[[12.311,55.694],[12.251,55.708],[12.237,55.701],[12.234,55.635],[12.347,55.638],[12.341,55.642],[12.337,55.649],[12.336,55.649],[12.335,55.649],[12.334,55.65],[12.332,55.65],[12.321,55.662],[12.319,55.664],[12.319,55.666],[12.319,55.667],[12.318,55.675],[12.319,55.676],[12.322,55.679],[12.316,55.689],[12.311,55.694]]]},"properties":{"code":"2630","name":"Taastrup"}},
{"type":"Feature","geometry":{"type":"Polygon","coordinates":[[[12.347,55.638],[12.234,55.635],[12.235,55.621],[12.271,55.622],[12.307,55.613],[12.333,55.608],[12.355,55.602],[12.433,55.517],[12.435,55.521],[12.418,55.592],[12.406,55.603],[12.362,55.626],[12.347,55.638]]]},"properties":{"code":"2635","name":"Ishøj"}},
{"type":"Feature","geometry":{"type":"Polygon","coordinates":[[[12.237,55.701],[12.215,55.7],[12.16,55.671],[12.16,55.613],[12.188,55.607],[12.191,55.607],[12.21,55.605],[12.235,55.621],[12.234,55.635],[12.237,55.701]]]},"properties":{"code":"2640","name":"Hedehusene"}},
{"type":"Feature","geometry":{"type":"Polygon","coordinates":[[[12.52,55.627],[12.501,55.642],[12.478,55.665],[12.456,55.665],[12.46,55.648],[12.429,55.633],[12.442,55.622],[12.418,55.592],[12.435,55.521],[12.504,55.573],[12.506,55.617],[12.52,55.627]]]},"properties":{"code":"2650","name":"Hvidovre"}},
{"type":"Feature","geometry":{"type":"Polygon","coordinates":[[[12.393,55.629],[12.406,55.603],[12.418,55.592],[12.442,55.622],[12.429,55.633],[12.393,55.629]]]},"properties":{"code":"2660","name":"Brøndby Strand"}},
{"type":"Feature","geometry":{"type":"Polygon","coordinates":[[[12.391,55.63],[12.362,55.626],[12.406,55.603],[12.393,55.629],[12.391,55.63]]]},"properties":{"code":"2665","name":"Vallensbæk Strand"}},
{"type":"Feature","geometry":{"type":"Polygon","coordinates":[[[12.235,55.621],[12.21,55.605],[12.222,55.585],[12.266,55.575],[12.316,55.52],[12.374,55.489],[12.383,55.489],[12.423,55.495],[12.433,55.517],[12.355,55.602],[12.333,55.608],[12.307,55.613],[12.271,55.622],[12.235,55.621]]]},"properties":{"code":"2670","name":"Greve"}},
{"type":"Feature","geometry":{"type":"Polygon","coordinates":[[[12.316,55.52],[12.254,55.554],[12.229,55.558],[12.206,55.543],[12.183,55.557],[12.181,55.554],[12.146,55.535],[12.15,55.522],[12.186,55.515],[12.22,55.509],[12.236,55.495],[12.326,55.476],[12.374,55.489],[12.316,55.52]]]},"properties":{"code":"2680","name":"Solrød Strand"}},
{"type":"Feature","geometry":{"type":"Polygon","coordinates":[[[12.222,55.585],[12.183,55.577],[12.183,55.557],[12.206,55.543],[12.229,55.558],[12.254,55.554],[12.316,55.52],[12.266,55.575],[12.222,55.585]]]},"properties":{"code":"2690","name":"Karlslunde"}},
{"type":"Feature","geometry":{"type":"Polygon","coordinates":[[[12.501,55.716],[12.459,55.717],[12.453,55.712],[12.456,55.705],[12.464,55.702],[12.464,55.701],[12.507,55.698],[12.501,55.716]]]},"properties":{"code":"2700","name":"Brønshøj"}},
{"type":"Feature","geometry":{"type":"Polygon","coordinates":[[[12.521,55.693],[12.507,55.698],[12.464,55.701],[12.464,55.699],[12.463,55.696],[12.466,55.691],[12.466,55.69],[12.467,55.688],[12.467,55.687],[12.469,55.681],[12.47,55.679],[12.472,55.677],[12.474,55.673],[12.479,55.673],[12.491,55.679],[12.492,55.679],[12.492,55.68],[12.493,55.682],[12.494,55.683],[12.495,55.683],[12.495,55.684],[12.497,55.684],[12.498,55.685],[12.5,55.686],[12.501,55.687],[12.502,55.688],[12.503,55.688],[12.506,55.689],[12.508,55.689],[12.509,55.689],[12.51,55.689],[12.515,55.69],[12.516,55.691],[12.516,55.69],[12.516,55.691],[12.517,55.691],[12.521,55.693]]]},"properties":{"code":"2720","name":"Vanløse"}},
{"type":"Feature","geometry":{"type":"Polygon","coordinates":[[[12.429,55.708],[12.43,55.709],[12.431,55.71],[12.434,55.713],[12.439,55.714],[12.44,55.714],[12.442,55.714],[12.446,55.715],[12.447,55.715],[12.448,55.715],[12.45,55.715],[12.451,55.715],[12.453,55.713],[12.453,55.712],[12.459,55.717],[12.446,55.748],[12.416,55.753],[12.392,55.757],[12.407,55.729],[12.425,55.709],[12.429,55.708]]]},"properties":{"code":"2730","name":"Herlev"}},
{"type":"Feature","geometry":{"type":"Polygon","coordinates":[[[12.425,55.709],[12.407,55.729],[12.376,55.72],[12.371,55.703],[12.387,55.697],[12.387,55.698],[12.387,55.699],[12.386,55.7],[12.401,55.706],[12.406,55.708],[12.407,55.708],[12.407,55.709],[12.409,55.709],[12.413,55.709],[12.414,55.709],[12.419,55.708],[12.42,55.708],[12.422,55.708],[12.424,55.709],[12.425,55.709]]]},"properties":{"code":"2740","name":"Skovlunde"}},
{"type":"Feature","geometry":{"type":"Polygon","coordinates":[[[12.371,55.703],[12.376,55.72],[12.407,55.729],[12.392,55.757],[12.338,55.757],[12.328,55.742],[12.323,55.717],[12.342,55.71],[12.371,55.703]]]},"properties":{"code":"2750","name":"Ballerup"}},
{"type":"Feature","geometry":{"type":"Polygon","coordinates":[[[12.338,55.757],[12.3,55.763],[12.275,55.76],[12.264,55.748],[12.288,55.752],[12.328,55.742],[12.338,55.757]]]},"properties":{"code":"2760","name":"Måløv"}},
{"type":"Feature","geometry":{"type":"Polygon","coordinates":[[[12.342,55.71],[12.323,55.717],[12.328,55.742],[12.288,55.752],[12.264,55.748],[12.214,55.727],[12.251,55.708],[12.311,55.694],[12.342,55.71]]]},"properties":{"code":"2765","name":"Smørum"}},
{"type":"Feature","geometry":{"type":"Polygon","coordinates":[[[12.713,55.666],[12.627,55.641],[12.592,55.638],[12.569,55.615],[12.506,55.617],[12.504,55.573],[12.528,55.559],[12.563,55.576],[12.572,55.594],[12.621,55.595],[12.633,55.615],[12.658,55.618],[12.795,55.572],[12.88,55.614],[12.894,55.644],[12.846,55.699],[12.826,55.691],[12.759,55.682],[12.713,55.666]]]},"properties":{"code":"2770","name":"Kastrup"}},
{"type":"Feature","geometry":{"type":"Polygon","coordinates":[[[12.433,55.517],[12.423,55.495],[12.543,55.452],[12.609,55.431],[12.714,55.489],[12.728,55.54],[12.795,55.572],[12.658,55.618],[12.633,55.615],[12.621,55.595],[12.572,55.594],[12.563,55.576],[12.528,55.559],[12.504,55.573],[12.435,55.521],[12.433,55.517]]]},"properties":{"code":"2791","name":"Dragør"}},
{"type":"Feature","geometry":{"type":"Polygon","coordinates":[[[12.5,55.756],[12.547,55.774],[12.578,55.808],[12.564,55.81],[12.524,55.804],[12.505,55.801],[12.484,55.779],[12.415,55.784],[12.427,55.775],[12.472,55.765],[12.48,55.751],[12.5,55.756]]]},"properties":{"code":"2800","name":"Kongens Lyngby"}},
{"type":"Feature","geometry":{"type":"Polygon","coordinates":[[[12.5,55.756],[12.518,55.741],[12.531,55.737],[12.557,55.747],[12.557,55.771],[12.547,55.774],[12.5,55.756]]]},"properties":{"code":"2820","name":"Gentofte"}},
{"type":"Feature","geometry":{"type":"Polygon","coordinates":[[[12.505,55.801],[12.43,55.8],[12.416,55.795],[12.415,55.784],[12.484,55.779],[12.505,55.801]]]},"properties":{"code":"2830","name":"Virum"}},
{"type":"Feature","geometry":{"type":"Polygon","coordinates":[[[12.524,55.804],[12.523,55.833],[12.508,55.846],[12.487,55.85],[12.467,55.826],[12.421,55.81],[12.412,55.802],[12.416,55.795],[12.43,55.8],[12.505,55.801],[12.524,55.804]]]},"properties":{"code":"2840","name":"Holte"}},
{"type":"Feature","geometry":{"type":"Polygon","coordinates":[[[12.564,55.81],[12.558,55.831],[12.523,55.833],[12.524,55.804],[12.564,55.81]]]},"properties":{"code":"2850","name":"Nærum"}},
{"type":"Feature","geometry":{"type":"Polygon","coordinates":[[[12.527,55.727],[12.518,55.741],[12.5,55.756],[12.48,55.751],[12.446,55.748],[12.459,55.717],[12.501,55.716],[12.527,55.727]]]},"properties":{"code":"2860","name":"Søborg"}},
{"type":"Feature","geometry":{"type":"Polygon","coordinates":[[[12.539,55.726],[12.531,55.737],[12.518,55.741],[12.527,55.727],[12.539,55.726]]]},"properties":{"code":"2870","name":"Dyssegård"}},
{"type":"Feature","geometry":{"type":"Polygon","coordinates":[[[12.446,55.748],[12.48,55.751],[12.472,55.765],[12.427,55.775],[12.416,55.753],[12.446,55.748]]]},"properties":{"code":"2880","name":"Bagsværd"}},
{"type":"Feature","geometry":{"type":"Polygon","coordinates":[[[12.593,55.723],[12.609,55.737],[12.557,55.747],[12.531,55.737],[12.539,55.726],[12.546,55.723],[12.552,55.723],[12.554,55.723],[12.555,55.723],[12.557,55.723],[12.558,55.723],[12.561,55.722],[12.562,55.722],[12.563,55.722],[12.566,55.721],[12.57,55.722],[12.571,55.723],[12.578,55.722],[12.58,55.722],[12.581,55.722],[12.583,55.722],[12.593,55.723]]]},"properties":{"code":"2900","name":"Hellerup"}},
{"type":"Feature","geometry":{"type":"Polygon","coordinates":[[[12.745,55.792],[12.655,55.779],[12.609,55.769],[12.557,55.771],[12.557,55.747],[12.609,55.737],[12.64,55.744],[12.721,55.784],[12.745,55.792]]]},"properties":{"code":"2920","name":"Charlottenlund"}},
{"type":"Feature","geometry":{"type":"Polygon","coordinates":[[[12.547,55.774],[12.557,55.771],[12.609,55.769],[12.655,55.779],[12.745,55.792],[12.707,55.827],[12.601,55.817],[12.578,55.808],[12.547,55.774]]]},"properties":{"code":"2930","name":"Klampenborg"}},
{"type":"Feature","geometry":{"type":"Polygon","coordinates":[[[12.578,55.808],[12.601,55.817],[12.707,55.827],[12.698,55.839],[12.568,55.841],[12.558,55.831],[12.564,55.81],[12.578,55.808]]]},"properties":{"code":"2942","name":"Skodsborg"}},
{"type":"Feature","geometry":{"type":"Polygon","coordinates":[[[12.523,55.833],[12.558,55.831],[12.568,55.841],[12.698,55.839],[12.675,55.897],[12.615,55.887],[12.523,55.863],[12.508,55.846],[12.523,55.833]]]},"properties":{"code":"2950","name":"Vedbæk"}},
{"type":"Feature","geometry":{"type":"Polygon","coordinates":[[[12.675,55.897],[12.647,55.925],[12.51,55.896],[12.523,55.863],[12.615,55.887],[12.675,55.897]]]},"properties":{"code":"2960","name":"Rungsted Kyst"}},
{"type":"Feature","geometry":{"type":"Polygon","coordinates":[[[12.508,55.846],[12.523,55.863],[12.51,55.896],[12.647,55.925],[12.534,55.916],[12.494,55.902],[12.436,55.897],[12.409,55.905],[12.388,55.899],[12.398,55.877],[12.427,55.867],[12.467,55.867],[12.487,55.85],[12.508,55.846]]]},"properties":{"code":"2970","name":"Hørsholm"}},
{"type":"Feature","geometry":{"type":"Polygon","coordinates":[[[12.647,55.925],[12.645,55.935],[12.536,55.923],[12.508,55.914],[12.478,55.941],[12.472,55.933],[12.367,55.94],[12.396,55.911],[12.409,55.905],[12.436,55.897],[12.494,55.902],[12.534,55.916],[12.647,55.925]]]},"properties":{"code":"2980","name":"Kokkedal"}},
{"type":"Feature","geometry":{"type":"Polygon","coordinates":[[[12.645,55.935],[12.559,55.942],[12.478,55.941],[12.508,55.914],[12.536,55.923],[12.645,55.935]]]},"properties":{"code":"2990","name":"Nivå"}},
{"type":"Feature","geometry":{"type":"Polygon","coordinates":[[[12.526,56.061],[12.494,56.062],[12.477,56.043],[12.484,56.031],[12.524,56.017],[12.541,56.022],[12.595,56.018],[12.617,56.009],[12.653,56.013],[12.656,56.041],[12.643,56.057],[12.608,56.077],[12.569,56.042],[12.538,56.045],[12.526,56.061]]]},"properties":{"code":"3000","name":"Helsingør"}},
{"type":"Feature","geometry":{"type":"Polygon","coordinates":[[[12.645,55.935],[12.651,55.963],[12.593,55.968],[12.537,55.98],[12.519,55.977],[12.493,55.967],[12.478,55.941],[12.559,55.942],[12.645,55.935]]]},"properties":{"code":"3050","name":"Humlebæk"}},
{"type":"Feature","geometry":{"type":"Polygon","coordinates":[[[12.524,56.017],[12.519,55.977],[12.537,55.98],[12.593,55.968],[12.651,55.963],[12.653,55.987],[12.571,55.996],[12.541,56.022],[12.524,56.017]]]},"properties":{"code":"3060","name":"Espergærde"}},
{"type":"Feature","geometry":{"type":"Polygon","coordinates":[[[12.541,56.022],[12.571,55.996],[12.653,55.987],[12.653,56.013],[12.617,56.009],[12.595,56.018],[12.541,56.022]]]},"properties":{"code":"3070","name":"Snekkersten"}},
{"type":"Feature","geometry":{"type":"Polygon","coordinates":[[[12.477,56.043],[12.423,56.047],[12.39,56.014],[12.445,56.004],[12.49,56.012],[12.484,56.031],[12.477,56.043]]]},"properties":{"code":"3080","name":"Tikøb"}},
{"type":"Feature","geometry":{"type":"Polygon","coordinates":[[[12.494,56.062],[12.511,56.078],[12.501,56.1],[12.506,56.131],[12.446,56.16],[12.421,56.143],[12.4,56.064],[12.423,56.047],[12.477,56.043],[12.494,56.062]]]},"properties":{"code":"3100","name":"Hornbæk"}},
{"type":"Feature","geometry":{"type":"Polygon","coordinates":[[[12.421,56.143],[12.364,56.11],[12.38,56.085],[12.371,56.071],[12.4,56.064],[12.421,56.143]]]},"properties":{"code":"3120","name":"Dronningmølle"}},
{"type":"Feature","geometry":{"type":"Polygon","coordinates":[[[12.526,56.061],[12.552,56.072],[12.58,56.095],[12.506,56.131],[12.501,56.1],[12.511,56.078],[12.494,56.062],[12.526,56.061]]]},"properties":{"code":"3140","name":"Ålsgårde"}},
{"type":"Feature","geometry":{"type":"Polygon","coordinates":[[[12.608,56.077],[12.58,56.095],[12.552,56.072],[12.526,56.061],[12.538,56.045],[12.569,56.042],[12.608,56.077]]]},"properties":{"code":"3150","name":"Hellebæk"}},
{"type":"Feature","geometry":{"type":"Polygon","coordinates":[[[12.287,55.996],[12.314,56.002],[12.262,56.01],[12.283,56.043],[12.249,56.047],[12.234,56.07],[12.189,56.079],[12.173,56.074],[12.184,56.052],[12.157,56.052],[12.118,56.036],[12.08,56.02],[12.088,56.001],[12.128,55.987],[12.126,55.973],[12.17,55.968],[12.218,55.98],[12.222,55.991],[12.274,55.988],[12.287,55.996]]]},"properties":{"code":"3200","name":"Helsinge"}},
{"type":"Feature","geometry":{"type":"Polygon","coordinates":[[[12.189,56.079],[12.185,56.104],[12.158,56.117],[11.989,56.225],[11.957,56.184],[12.097,56.075],[12.118,56.036],[12.157,56.052],[12.184,56.052],[12.173,56.074],[12.189,56.079]]]},"properties":{"code":"3210","name":"Vejby"}},
{"type":"Feature","geometry":{"type":"Polygon","coordinates":[[[12.118,56.036],[12.097,56.075],[11.957,56.184],[11.886,56.126],[11.904,56.112],[11.995,56.065],[12.026,56.037],[12.082,56.028],[12.08,56.02],[12.118,56.036]]]},"properties":{"code":"3220","name":"Tisvildeleje"}},
{"type":"Feature","geometry":{"type":"Polygon","coordinates":[[[12.423,56.047],[12.4,56.064],[12.371,56.071],[12.336,56.066],[12.307,56.086],[12.301,56.102],[12.243,56.107],[12.201,56.126],[12.165,56.19],[12.085,56.302],[11.989,56.225],[12.158,56.117],[12.185,56.104],[12.189,56.079],[12.234,56.07],[12.249,56.047],[12.283,56.043],[12.262,56.01],[12.314,56.002],[12.378,56.002],[12.39,56.014],[12.423,56.047]]]},"properties":{"code":"3230","name":"Græsted"}},
{"type":"Feature","geometry":{"type":"Polygon","coordinates":[[[12.446,56.16],[12.43,56.174],[12.366,56.212],[12.085,56.302],[12.165,56.19],[12.201,56.126],[12.243,56.107],[12.301,56.102],[12.307,56.086],[12.336,56.066],[12.371,56.071],[12.38,56.085],[12.364,56.11],[12.421,56.143],[12.446,56.16]]]},"properties":{"code":"3250","name":"Gilleleje"}},
{"type":"Feature","geometry":{"type":"Polygon","coordinates":[[[12.08,56.02],[12.082,56.028],[12.026,56.037],[11.995,56.065],[11.904,56.112],[11.959,56.053],[12.009,56.031],[12.024,56.013],[11.992,56],[12.006,55.987],[11.984,55.971],[11.974,55.949],[12.015,55.925],[12.067,55.934],[12.086,55.949],[12.126,55.973],[12.128,55.987],[12.088,56.001],[12.08,56.02]]]},"properties":{"code":"3300","name":"Frederiksværk"}},
{"type":"Feature","geometry":{"type":"Polygon","coordinates":[[[12.015,55.925],[12.036,55.913],[12.035,55.883],[12.068,55.879],[12.088,55.895],[12.115,55.91],[12.086,55.949],[12.067,55.934],[12.015,55.925]]]},"properties":{"code":"3310","name":"Ølsted"}},
{"type":"Feature","geometry":{"type":"Polygon","coordinates":[[[12.126,55.973],[12.086,55.949],[12.115,55.91],[12.088,55.895],[12.145,55.885],[12.177,55.879],[12.174,55.896],[12.202,55.903],[12.185,55.921],[12.211,55.935],[12.174,55.953],[12.17,55.968],[12.126,55.973]]]},"properties":{"code":"3320","name":"Skævinge"}},
{"type":"Feature","geometry":{"type":"Polygon","coordinates":[[[12.177,55.879],[12.226,55.866],[12.238,55.877],[12.234,55.901],[12.202,55.903],[12.174,55.896],[12.177,55.879]]]},"properties":{"code":"3330","name":"Gørløse"}},
{"type":"Feature","geometry":{"type":"Polygon","coordinates":[[[11.886,56.126],[11.819,56.098],[11.899,56.033],[11.932,56],[11.965,56.007],[11.992,56],[12.024,56.013],[12.009,56.031],[11.959,56.053],[11.904,56.112],[11.886,56.126]]]},"properties":{"code":"3360","name":"Liseleje"}},
{"type":"Feature","geometry":{"type":"Polygon","coordinates":[[[11.992,56],[11.965,56.007],[11.932,56],[11.953,55.987],[11.95,55.973],[11.974,55.949],[11.984,55.971],[12.006,55.987],[11.992,56]]]},"properties":{"code":"3370","name":"Melby"}},
{"type":"Feature","geometry":{"type":"Polygon","coordinates":[[[11.989,56.225],[12.085,56.302],[12.145,56.507],[11.985,56.475],[11.446,56.423],[11.339,56.322],[11.316,56.292],[11.292,56.245],[11.478,56.113],[11.528,56.098],[11.651,56.078],[11.736,56.084],[11.805,55.953],[11.811,55.919],[11.828,55.918],[11.891,55.938],[11.974,55.949],[11.95,55.973],[11.953,55.987],[11.932,56],[11.899,56.033],[11.819,56.098],[11.886,56.126],[11.957,56.184],[11.989,56.225]]]},"properties":{"code":"3390","name":"Hundested"}},
{"type":"Feature","geometry":{"type":"Polygon","coordinates":[[[12.367,55.94],[12.287,55.996],[12.274,55.988],[12.222,55.991],[12.218,55.98],[12.17,55.968],[12.174,55.953],[12.211,55.935],[12.185,55.921],[12.202,55.903],[12.234,55.901],[12.238,55.877],[12.274,55.883],[12.275,55.882],[12.324,55.881],[12.361,55.892],[12.396,55.911],[12.367,55.94]]]},"properties":{"code":"3400","name":"Hillerød"}},
{"type":"Feature","geometry":{"type":"Polygon","coordinates":[[[12.409,55.905],[12.396,55.911],[12.361,55.892],[12.324,55.881],[12.275,55.882],[12.278,55.866],[12.32,55.853],[12.332,55.84],[12.356,55.84],[12.388,55.858],[12.398,55.877],[12.388,55.899],[12.409,55.905]]]},"properties":{"code":"3450","name":"Allerød"}},
{"type":"Feature","geometry":{"type":"Polygon","coordinates":[[[12.487,55.85],[12.467,55.867],[12.427,55.867],[12.398,55.877],[12.388,55.858],[12.356,55.84],[12.421,55.81],[12.467,55.826],[12.487,55.85]]]},"properties":{"code":"3460","name":"Birkerød"}},
{"type":"Feature","geometry":{"type":"Polygon","coordinates":[[[12.478,55.941],[12.493,55.967],[12.48,55.982],[12.445,56.004],[12.39,56.014],[12.378,56.002],[12.314,56.002],[12.287,55.996],[12.367,55.94],[12.472,55.933],[12.478,55.941]]]},"properties":{"code":"3480","name":"Fredensborg"}},
{"type":"Feature","geometry":{"type":"Polygon","coordinates":[[[12.484,56.031],[12.49,56.012],[12.445,56.004],[12.48,55.982],[12.493,55.967],[12.519,55.977],[12.524,56.017],[12.484,56.031]]]},"properties":{"code":"3490","name":"Kvistgård"}},
{"type":"Feature","geometry":{"type":"Polygon","coordinates":[[[12.416,55.753],[12.427,55.775],[12.415,55.784],[12.416,55.795],[12.412,55.802],[12.388,55.805],[12.333,55.8],[12.3,55.763],[12.338,55.757],[12.392,55.757],[12.416,55.753]]]},"properties":{"code":"3500","name":"Værløse"}},
{"type":"Feature","geometry":{"type":"Polygon","coordinates":[[[12.421,55.81],[12.356,55.84],[12.332,55.84],[12.312,55.817],[12.333,55.8],[12.388,55.805],[12.412,55.802],[12.421,55.81]]]},"properties":{"code":"3520","name":"Farum"}},
{"type":"Feature","geometry":{"type":"Polygon","coordinates":[[[12.274,55.883],[12.21,55.828],[12.24,55.819],[12.312,55.817],[12.332,55.84],[12.32,55.853],[12.278,55.866],[12.275,55.882],[12.274,55.883]]]},"properties":{"code":"3540","name":"Lynge"}},
{"type":"Feature","geometry":{"type":"Polygon","coordinates":[[[12.145,55.885],[12.124,55.867],[12.135,55.845],[12.128,55.818],[12.173,55.827],[12.192,55.81],[12.238,55.808],[12.24,55.819],[12.21,55.828],[12.274,55.883],[12.238,55.877],[12.226,55.866],[12.177,55.879],[12.145,55.885]]]},"properties":{"code":"3550","name":"Slangerup"}},
{"type":"Feature","geometry":{"type":"Polygon","coordinates":[[[12.035,55.883],[12.037,55.848],[12.065,55.802],[12.073,55.776],[12.109,55.775],[12.136,55.811],[12.128,55.818],[12.135,55.845],[12.124,55.867],[12.145,55.885],[12.088,55.895],[12.068,55.879],[12.035,55.883]]]},"properties":{"code":"3600","name":"Frederikssund"}},
{"type":"Feature","geometry":{"type":"Polygon","coordinates":[[[11.974,55.949],[11.891,55.938],[11.828,55.918],[11.811,55.919],[11.793,55.852],[11.799,55.839],[11.853,55.809],[11.888,55.805],[11.932,55.79],[11.976,55.788],[11.999,55.798],[12.065,55.802],[12.037,55.848],[12.035,55.883],[12.036,55.913],[12.015,55.925],[11.974,55.949]]]},"properties":{"code":"3630","name":"Jægerspris"}},
{"type":"Feature","geometry":{"type":"Polygon","coordinates":[[[12.128,55.818],[12.136,55.811],[12.109,55.775],[12.135,55.759],[12.149,55.756],[12.18,55.768],[12.199,55.795],[12.192,55.81],[12.173,55.827],[12.128,55.818]]]},"properties":{"code":"3650","name":"Ølstykke"}},
{"type":"Feature","geometry":{"type":"Polygon","coordinates":[[[12.3,55.763],[12.333,55.8],[12.312,55.817],[12.24,55.819],[12.238,55.808],[12.192,55.81],[12.199,55.795],[12.18,55.768],[12.149,55.756],[12.17,55.748],[12.209,55.751],[12.216,55.783],[12.233,55.797],[12.275,55.76],[12.3,55.763]]]},"properties":{"code":"3660","name":"Stenløse"}},
{"type":"Feature","geometry":{"type":"Polygon","coordinates":[[[12.275,55.76],[12.233,55.797],[12.216,55.783],[12.209,55.751],[12.17,55.748],[12.186,55.723],[12.214,55.727],[12.264,55.748],[12.275,55.76]]]},"properties":{"code":"3670","name":"Veksø Sjælland"}},
{"type":"Feature","geometry":{"type":"Polygon","coordinates":[[[14.904,55.138],[14.89,55.152],[14.898,55.169],[14.871,55.18],[14.85,55.175],[14.829,55.154],[14.794,55.17],[14.775,55.17],[14.697,55.153],[14.606,55.143],[14.552,55.145],[14.413,55.16],[14.268,55.169],[13.992,54.962],[14.172,54.812],[14.413,54.812],[14.413,54.658],[14.528,54.595],[14.539,54.609],[14.776,55.001],[14.793,55.054],[14.812,55.061],[14.808,55.079],[14.818,55.098],[14.869,55.115],[14.902,55.121],[14.904,55.138]]]},"properties":{"code":"3700","name":"Rønne"}},
{"type":"Feature","geometry":{"type":"Polygon","coordinates":[[[14.528,54.595],[14.636,54.536],[14.69,54.614],[14.799,54.593],[14.874,54.582],[14.882,54.676],[15.009,54.987],[15.017,54.996],[15.012,55.057],[15.021,55.079],[15.016,55.098],[14.975,55.109],[14.983,55.122],[14.953,55.134],[14.904,55.138],[14.902,55.121],[14.869,55.115],[14.818,55.098],[14.808,55.079],[14.812,55.061],[14.793,55.054],[14.776,55.001],[14.539,54.609],[14.528,54.595]]]},"properties":{"code":"3720","name":"Aakirkeby"}},
{"type":"Feature","geometry":{"type":"Polygon","coordinates":[[[14.874,54.582],[15.016,54.567],[15.117,54.567],[15.227,54.574],[15.314,54.589],[15.484,54.622],[15.708,54.698],[15.768,54.743],[15.911,54.866],[15.958,54.948],[15.978,54.998],[15.99,55.049],[15.517,55.114],[15.255,55.111],[15.166,55.102],[15.103,55.086],[15.071,55.089],[15.054,55.101],[15.016,55.098],[15.021,55.079],[15.012,55.057],[15.017,54.996],[15.009,54.987],[14.882,54.676],[14.874,54.582]]]},"properties":{"code":"3730","name":"Nexø"}},
{"type":"Feature","geometry":{"type":"Polygon","coordinates":[[[15.99,55.049],[15.997,55.167],[16.014,55.208],[16.025,55.252],[16.511,55.354],[15.809,55.515],[15.577,55.569],[15.242,55.316],[15.147,55.222],[15.097,55.177],[15.073,55.163],[15.067,55.11],[15.071,55.089],[15.103,55.086],[15.166,55.102],[15.255,55.111],[15.517,55.114],[15.99,55.049]]]},"properties":{"code":"3740","name":"Svaneke"}},
{"type":"Feature","geometry":{"type":"Polygon","coordinates":[[[15.016,55.098],[15.054,55.101],[15.071,55.089],[15.067,55.11],[15.073,55.163],[15.097,55.177],[15.147,55.222],[15.242,55.316],[15.108,55.242],[15.022,55.176],[14.982,55.158],[14.953,55.134],[14.983,55.122],[14.975,55.109],[15.016,55.098]]]},"properties":{"code":"3751","name":"Østermarie"}},
{"type":"Feature","geometry":{"type":"Polygon","coordinates":[[[14.904,55.138],[14.953,55.134],[14.982,55.158],[15.022,55.176],[15.108,55.242],[15.242,55.316],[15.577,55.569],[15.042,55.691],[14.978,55.496],[14.917,55.302],[14.861,55.247],[14.838,55.209],[14.886,55.191],[14.871,55.18],[14.898,55.169],[14.89,55.152],[14.904,55.138]]]},"properties":{"code":"3760","name":"Gudhjem"}},
{"type":"Feature","geometry":{"type":"Polygon","coordinates":[[[15.042,55.691],[14.476,55.322],[14.689,55.276],[14.722,55.266],[14.774,55.232],[14.778,55.218],[14.801,55.223],[14.838,55.209],[14.861,55.247],[14.917,55.302],[14.978,55.496],[15.042,55.691]]]},"properties":{"code":"3770","name":"Allinge"}},
{"type":"Feature","geometry":{"type":"Polygon","coordinates":[[[14.871,55.18],[14.886,55.191],[14.838,55.209],[14.801,55.223],[14.778,55.218],[14.764,55.18],[14.775,55.17],[14.794,55.17],[14.829,55.154],[14.85,55.175],[14.871,55.18]]]},"properties":{"code":"3782","name":"Klemensker"}},
{"type":"Feature","geometry":{"type":"Polygon","coordinates":[[[14.775,55.17],[14.764,55.18],[14.778,55.218],[14.774,55.232],[14.722,55.266],[14.689,55.276],[14.476,55.322],[14.457,55.31],[14.268,55.169],[14.413,55.16],[14.552,55.145],[14.606,55.143],[14.697,55.153],[14.775,55.17]]]},"properties":{"code":"3790","name":"Hasle"}},
{"type":"Feature","geometry":{"type":"Polygon","coordinates":[[[12.251,55.708],[12.214,55.727],[12.186,55.723],[12.17,55.748],[12.149,55.756],[12.135,55.759],[12.124,55.736],[12.104,55.723],[12.064,55.709],[12.006,55.708],[11.976,55.702],[11.975,55.686],[11.936,55.662],[11.921,55.624],[11.974,55.614],[12.009,55.583],[12.044,55.582],[12.103,55.593],[12.138,55.586],[12.16,55.613],[12.16,55.671],[12.215,55.7],[12.237,55.701],[12.251,55.708]]]},"properties":{"code":"4000","name":"Roskilde"}},
{"type":"Feature","geometry":{"type":"Polygon","coordinates":[[[12.16,55.613],[12.138,55.586],[12.183,55.577],[12.222,55.585],[12.21,55.605],[12.191,55.607],[12.188,55.607],[12.16,55.613]]]},"properties":{"code":"4030","name":"Tune"}},
{"type":"Feature","geometry":{"type":"Polygon","coordinates":[[[12.073,55.776],[12.073,55.761],[12.104,55.723],[12.124,55.736],[12.135,55.759],[12.109,55.775],[12.073,55.776]]]},"properties":{"code":"4040","name":"Jyllinge"}},
{"type":"Feature","geometry":{"type":"Polygon","coordinates":[[[12.065,55.802],[11.999,55.798],[11.976,55.788],[11.932,55.79],[11.888,55.805],[11.853,55.809],[11.854,55.782],[11.844,55.741],[11.823,55.734],[11.876,55.738],[11.899,55.732],[11.936,55.744],[11.994,55.727],[12.006,55.708],[12.064,55.709],[12.104,55.723],[12.073,55.761],[12.073,55.776],[12.065,55.802]]]},"properties":{"code":"4050","name":"Skibby"}},
{"type":"Feature","geometry":{"type":"Polygon","coordinates":[[[11.936,55.662],[11.93,55.672],[11.863,55.683],[11.838,55.67],[11.817,55.681],[11.81,55.672],[11.778,55.663],[11.779,55.649],[11.816,55.628],[11.921,55.624],[11.936,55.662]]]},"properties":{"code":"4060","name":"Kirke Såby"}},
{"type":"Feature","geometry":{"type":"Polygon","coordinates":[[[12.006,55.708],[11.994,55.727],[11.936,55.744],[11.899,55.732],[11.876,55.738],[11.823,55.734],[11.812,55.692],[11.817,55.681],[11.838,55.67],[11.863,55.683],[11.93,55.672],[11.936,55.662],[11.975,55.686],[11.976,55.702],[12.006,55.708]]]},"properties":{"code":"4070","name":"Kirke Hyllinge"}},
{"type":"Feature","geometry":{"type":"Polygon","coordinates":[[[11.654,55.48],[11.688,55.474],[11.7,55.45],[11.718,55.44],[11.705,55.405],[11.732,55.409],[11.775,55.378],[11.787,55.368],[11.83,55.357],[11.858,55.357],[11.877,55.37],[11.929,55.367],[11.974,55.394],[12.024,55.396],[12.056,55.418],[12.018,55.427],[11.986,55.442],[12,55.462],[11.959,55.465],[11.917,55.46],[11.88,55.485],[11.885,55.505],[11.836,55.495],[11.804,55.524],[11.701,55.517],[11.681,55.532],[11.653,55.527],[11.676,55.501],[11.65,55.494],[11.654,55.48]]]},"properties":{"code":"4100","name":"Ringsted"}},
{"type":"Feature","geometry":{"type":"Polygon","coordinates":[[[12.009,55.583],[11.981,55.567],[11.975,55.54],[11.983,55.529],[12.024,55.526],[12.019,55.505],[12.053,55.49],[12.057,55.527],[12.07,55.528],[12.059,55.548],[12.043,55.556],[12.044,55.582],[12.009,55.583]]]},"properties":{"code":"4130","name":"Viby Sjælland"}},
{"type":"Feature","geometry":{"type":"Polygon","coordinates":[[[12,55.462],[12.05,55.481],[12.053,55.49],[12.019,55.505],[12.024,55.526],[11.983,55.529],[11.924,55.53],[11.885,55.505],[11.88,55.485],[11.917,55.46],[11.959,55.465],[12,55.462]]]},"properties":{"code":"4140","name":"Borup"}},
{"type":"Feature","geometry":{"type":"Polygon","coordinates":[[[11.775,55.378],[11.758,55.362],[11.656,55.327],[11.639,55.305],[11.694,55.289],[11.74,55.292],[11.78,55.286],[11.819,55.302],[11.85,55.295],[11.853,55.321],[11.824,55.333],[11.83,55.357],[11.787,55.368],[11.775,55.378]]]},"properties":{"code":"4160","name":"Herlufmagle"}},
{"type":"Feature","geometry":{"type":"Polygon","coordinates":[[[11.705,55.405],[11.654,55.388],[11.623,55.375],[11.565,55.371],[11.601,55.355],[11.596,55.342],[11.656,55.327],[11.758,55.362],[11.775,55.378],[11.732,55.409],[11.705,55.405]]]},"properties":{"code":"4171","name":"Glumsø"}},
{"type":"Feature","geometry":{"type":"Polygon","coordinates":[[[11.654,55.48],[11.618,55.442],[11.623,55.407],[11.654,55.388],[11.705,55.405],[11.718,55.44],[11.7,55.45],[11.688,55.474],[11.654,55.48]]]},"properties":{"code":"4173","name":"Fjenneslev"}},
{"type":"Feature","geometry":{"type":"Polygon","coordinates":[[[11.885,55.505],[11.924,55.53],[11.914,55.531],[11.904,55.542],[11.863,55.554],[11.822,55.548],[11.805,55.544],[11.804,55.524],[11.836,55.495],[11.885,55.505]]]},"properties":{"code":"4174","name":"Jystrup Midtsj"}},
{"type":"Feature","geometry":{"type":"Polygon","coordinates":[[[11.653,55.527],[11.629,55.526],[11.601,55.521],[11.584,55.505],[11.553,55.508],[11.54,55.491],[11.502,55.473],[11.514,55.437],[11.484,55.425],[11.475,55.407],[11.478,55.375],[11.52,55.364],[11.565,55.371],[11.623,55.375],[11.654,55.388],[11.623,55.407],[11.618,55.442],[11.654,55.48],[11.65,55.494],[11.676,55.501],[11.653,55.527]]]},"properties":{"code":"4180","name":"Sorø"}},
{"type":"Feature","geometry":{"type":"Polygon","coordinates":[[[11.553,55.508],[11.535,55.521],[11.499,55.517],[11.486,55.501],[11.449,55.51],[11.423,55.496],[11.428,55.482],[11.502,55.473],[11.54,55.491],[11.553,55.508]]]},"properties":{"code":"4190","name":"Munke Bjergby"}},
{"type":"Feature","geometry":{"type":"Polygon","coordinates":[[[11.502,55.473],[11.428,55.482],[11.423,55.496],[11.422,55.496],[11.398,55.489],[11.358,55.498],[11.357,55.463],[11.309,55.468],[11.27,55.462],[11.235,55.479],[11.246,55.502],[11.174,55.497],[11.126,55.484],[11.05,55.434],[11.121,55.409],[11.22,55.389],[11.227,55.378],[11.259,55.395],[11.293,55.377],[11.3,55.361],[11.293,55.328],[11.336,55.301],[11.351,55.293],[11.381,55.304],[11.406,55.3],[11.421,55.318],[11.464,55.312],[11.481,55.335],[11.51,55.347],[11.52,55.364],[11.478,55.375],[11.475,55.407],[11.484,55.425],[11.514,55.437],[11.502,55.473]]]},"properties":{"code":"4200","name":"Slagelse"}},
{"type":"Feature","geometry":{"type":"Polygon","coordinates":[[[11.05,55.434],[10.981,55.434],[10.953,55.442],[10.932,55.436],[10.911,55.41],[10.886,55.359],[10.885,55.334],[10.957,55.263],[11.019,55.248],[11.042,55.267],[11.096,55.276],[11.169,55.277],[11.2,55.269],[11.225,55.28],[11.239,55.326],[11.223,55.356],[11.227,55.378],[11.22,55.389],[11.121,55.409],[11.05,55.434]]]},"properties":{"code":"4220","name":"Korsør"}},
{"type":"Feature","geometry":{"type":"Polygon","coordinates":[[[11.336,55.301],[11.321,55.287],[11.254,55.287],[11.225,55.28],[11.2,55.269],[11.235,55.181],[11.276,55.101],[11.291,55.111],[11.339,55.116],[11.396,55.113],[11.487,55.099],[11.514,55.114],[11.507,55.158],[11.489,55.2],[11.443,55.213],[11.428,55.241],[11.396,55.244],[11.372,55.267],[11.386,55.276],[11.351,55.293],[11.336,55.301]]]},"properties":{"code":"4230","name":"Skælskør"}},
{"type":"Feature","geometry":{"type":"Polygon","coordinates":[[[11.227,55.378],[11.223,55.356],[11.239,55.326],[11.293,55.328],[11.3,55.361],[11.293,55.377],[11.259,55.395],[11.227,55.378]]]},"properties":{"code":"4241","name":"Vemmelev"}},
{"type":"Feature","geometry":{"type":"Polygon","coordinates":[[[11.293,55.328],[11.239,55.326],[11.225,55.28],[11.254,55.287],[11.321,55.287],[11.336,55.301],[11.293,55.328]]]},"properties":{"code":"4242","name":"Boeslunde"}},
{"type":"Feature","geometry":{"type":"Polygon","coordinates":[[[11.507,55.158],[11.538,55.198],[11.509,55.202],[11.508,55.22],[11.478,55.261],[11.444,55.261],[11.428,55.241],[11.443,55.213],[11.489,55.2],[11.507,55.158]]]},"properties":{"code":"4243","name":"Rude"}},
{"type":"Feature","geometry":{"type":"Polygon","coordinates":[[[11.019,55.248],[11.022,55.235],[11.042,55.214],[11.043,55.176],[11.235,55.181],[11.2,55.269],[11.169,55.277],[11.096,55.276],[11.042,55.267],[11.019,55.248]]]},"properties":{"code":"4244","name":"Agersø"}},
{"type":"Feature","geometry":{"type":"Polygon","coordinates":[[[11.235,55.181],[11.043,55.176],[11.05,55.121],[11.062,55.091],[11.094,55.05],[11.192,55.052],[11.276,55.101],[11.235,55.181]]]},"properties":{"code":"4245","name":"Omø"}},
{"type":"Feature","geometry":{"type":"Polygon","coordinates":[[[11.656,55.327],[11.596,55.342],[11.601,55.355],[11.565,55.371],[11.52,55.364],[11.51,55.347],[11.481,55.335],[11.464,55.312],[11.478,55.291],[11.502,55.28],[11.537,55.284],[11.576,55.27],[11.639,55.305],[11.656,55.327]]]},"properties":{"code":"4250","name":"Fuglebjerg"}},
{"type":"Feature","geometry":{"type":"Polygon","coordinates":[[[11.351,55.293],[11.386,55.276],[11.372,55.267],[11.396,55.244],[11.428,55.241],[11.444,55.261],[11.478,55.261],[11.478,55.291],[11.464,55.312],[11.421,55.318],[11.406,55.3],[11.381,55.304],[11.351,55.293]]]},"properties":{"code":"4261","name":"Dalmose"}},
{"type":"Feature","geometry":{"type":"Polygon","coordinates":[[[11.538,55.198],[11.557,55.237],[11.576,55.242],[11.576,55.27],[11.537,55.284],[11.502,55.28],[11.478,55.291],[11.478,55.261],[11.508,55.22],[11.509,55.202],[11.538,55.198]]]},"properties":{"code":"4262","name":"Sandved"}},
{"type":"Feature","geometry":{"type":"Polygon","coordinates":[[[11.358,55.498],[11.368,55.512],[11.336,55.537],[11.332,55.556],[11.291,55.573],[11.26,55.567],[11.291,55.55],[11.293,55.535],[11.246,55.502],[11.235,55.479],[11.27,55.462],[11.309,55.468],[11.357,55.463],[11.358,55.498]]]},"properties":{"code":"4270","name":"Høng"}},
{"type":"Feature","geometry":{"type":"Polygon","coordinates":[[[11.246,55.502],[11.293,55.535],[11.291,55.55],[11.26,55.567],[11.2,55.568],[11.164,55.55],[11.12,55.558],[11.075,55.577],[11.045,55.583],[11,55.583],[10.935,55.566],[10.948,55.511],[10.953,55.442],[10.981,55.434],[11.05,55.434],[11.126,55.484],[11.174,55.497],[11.246,55.502]]]},"properties":{"code":"4281","name":"Gørlev"}},
{"type":"Feature","geometry":{"type":"Polygon","coordinates":[[[11.422,55.496],[11.413,55.53],[11.437,55.533],[11.441,55.55],[11.42,55.583],[11.409,55.586],[11.338,55.583],[11.32,55.595],[11.291,55.573],[11.332,55.556],[11.336,55.537],[11.368,55.512],[11.358,55.498],[11.398,55.489],[11.422,55.496]]]},"properties":{"code":"4291","name":"Ruds Vedby"}},
{"type":"Feature","geometry":{"type":"Polygon","coordinates":[[[11.535,55.521],[11.539,55.545],[11.51,55.55],[11.525,55.588],[11.45,55.577],[11.42,55.583],[11.441,55.55],[11.437,55.533],[11.413,55.53],[11.422,55.496],[11.423,55.496],[11.449,55.51],[11.486,55.501],[11.499,55.517],[11.535,55.521]]]},"properties":{"code":"4293","name":"Dianalund"}},
{"type":"Feature","geometry":{"type":"Polygon","coordinates":[[[11.629,55.526],[11.621,55.553],[11.628,55.566],[11.572,55.583],[11.541,55.591],[11.525,55.588],[11.51,55.55],[11.539,55.545],[11.535,55.521],[11.553,55.508],[11.584,55.505],[11.601,55.521],[11.629,55.526]]]},"properties":{"code":"4295","name":"Stenlille"}},
{"type":"Feature","geometry":{"type":"Polygon","coordinates":[[[11.681,55.532],[11.65,55.565],[11.628,55.566],[11.621,55.553],[11.629,55.526],[11.653,55.527],[11.681,55.532]]]},"properties":{"code":"4296","name":"Nyrup"}},
{"type":"Feature","geometry":{"type":"Polygon","coordinates":[[[11.817,55.681],[11.812,55.692],[11.823,55.734],[11.792,55.738],[11.766,55.775],[11.77,55.81],[11.746,55.809],[11.714,55.798],[11.681,55.801],[11.661,55.785],[11.627,55.781],[11.602,55.769],[11.598,55.756],[11.613,55.739],[11.598,55.712],[11.643,55.702],[11.631,55.689],[11.642,55.665],[11.66,55.663],[11.646,55.624],[11.699,55.626],[11.699,55.638],[11.692,55.665],[11.737,55.677],[11.759,55.695],[11.795,55.688],[11.81,55.672],[11.817,55.681]]]},"properties":{"code":"4300","name":"Holbæk"}},
{"type":"Feature","geometry":{"type":"Polygon","coordinates":[[[11.799,55.839],[11.77,55.81],[11.766,55.775],[11.792,55.738],[11.823,55.734],[11.844,55.741],[11.854,55.782],[11.853,55.809],[11.799,55.839]]]},"properties":{"code":"4305","name":"Orø"}},
{"type":"Feature","geometry":{"type":"Polygon","coordinates":[[[11.921,55.624],[11.919,55.57],[11.927,55.546],[11.914,55.531],[11.924,55.53],[11.983,55.529],[11.975,55.54],[11.981,55.567],[12.009,55.583],[11.974,55.614],[11.921,55.624]]]},"properties":{"code":"4320","name":"Lejre"}},
{"type":"Feature","geometry":{"type":"Polygon","coordinates":[[[11.816,55.628],[11.803,55.614],[11.824,55.596],[11.809,55.584],[11.822,55.548],[11.863,55.554],[11.904,55.542],[11.914,55.531],[11.927,55.546],[11.919,55.57],[11.921,55.624],[11.816,55.628]]]},"properties":{"code":"4330","name":"Hvalsø"}},
{"type":"Feature","geometry":{"type":"Polygon","coordinates":[[[11.779,55.649],[11.752,55.644],[11.714,55.649],[11.699,55.638],[11.699,55.626],[11.646,55.624],[11.629,55.619],[11.579,55.632],[11.557,55.614],[11.541,55.591],[11.572,55.583],[11.573,55.593],[11.639,55.61],[11.655,55.621],[11.683,55.622],[11.684,55.596],[11.698,55.587],[11.724,55.575],[11.761,55.593],[11.785,55.58],[11.809,55.584],[11.824,55.596],[11.803,55.614],[11.816,55.628],[11.779,55.649]]]},"properties":{"code":"4340","name":"Tølløse"}},
{"type":"Feature","geometry":{"type":"Polygon","coordinates":[[[11.628,55.566],[11.65,55.565],[11.698,55.587],[11.684,55.596],[11.683,55.622],[11.655,55.621],[11.639,55.61],[11.573,55.593],[11.572,55.583],[11.628,55.566]]]},"properties":{"code":"4350","name":"Ugerløse"}},
{"type":"Feature","geometry":{"type":"Polygon","coordinates":[[[11.822,55.548],[11.809,55.584],[11.785,55.58],[11.761,55.593],[11.724,55.575],[11.724,55.562],[11.805,55.544],[11.822,55.548]]]},"properties":{"code":"4360","name":"Kirke Eskilstrup"}},
{"type":"Feature","geometry":{"type":"Polygon","coordinates":[[[11.804,55.524],[11.805,55.544],[11.724,55.562],[11.724,55.575],[11.698,55.587],[11.65,55.565],[11.681,55.532],[11.701,55.517],[11.804,55.524]]]},"properties":{"code":"4370","name":"Store Merløse"}},
{"type":"Feature","geometry":{"type":"Polygon","coordinates":[[[11.81,55.672],[11.795,55.688],[11.759,55.695],[11.737,55.677],[11.692,55.665],[11.699,55.638],[11.714,55.649],[11.752,55.644],[11.779,55.649],[11.778,55.663],[11.81,55.672]]]},"properties":{"code":"4390","name":"Vipperød"}},
{"type":"Feature","geometry":{"type":"Polygon","coordinates":[[[11.075,55.577],[11.143,55.595],[11.183,55.592],[11.209,55.601],[11.184,55.61],[11.181,55.626],[11.209,55.63],[11.232,55.659],[11.258,55.677],[11.213,55.71],[11.191,55.719],[11.207,55.786],[11.186,55.806],[11.151,55.811],[11.05,55.817],[10.887,55.865],[10.793,55.818],[10.771,55.793],[10.723,55.72],[10.717,55.698],[10.781,55.658],[10.796,55.63],[10.819,55.607],[10.935,55.566],[11,55.583],[11.045,55.583],[11.075,55.577]]]},"properties":{"code":"4400","name":"Kalundborg"}},
{"type":"Feature","geometry":{"type":"Polygon","coordinates":[[[11.598,55.712],[11.542,55.71],[11.543,55.687],[11.575,55.686],[11.571,55.659],[11.554,55.658],[11.543,55.634],[11.557,55.614],[11.579,55.632],[11.629,55.619],[11.646,55.624],[11.66,55.663],[11.642,55.665],[11.631,55.689],[11.643,55.702],[11.598,55.712]]]},"properties":{"code":"4420","name":"Regstrup"}},
{"type":"Feature","geometry":{"type":"Polygon","coordinates":[[[11.42,55.583],[11.45,55.577],[11.525,55.588],[11.541,55.591],[11.557,55.614],[11.543,55.634],[11.554,55.658],[11.571,55.659],[11.575,55.686],[11.543,55.687],[11.509,55.695],[11.472,55.692],[11.447,55.699],[11.463,55.685],[11.464,55.651],[11.441,55.639],[11.435,55.618],[11.448,55.595],[11.409,55.586],[11.42,55.583]]]},"properties":{"code":"4440","name":"Mørkøv"}},
{"type":"Feature","geometry":{"type":"Polygon","coordinates":[[[11.409,55.586],[11.448,55.595],[11.435,55.618],[11.441,55.639],[11.464,55.651],[11.463,55.685],[11.447,55.699],[11.427,55.714],[11.395,55.706],[11.395,55.693],[11.36,55.686],[11.319,55.678],[11.345,55.674],[11.352,55.642],[11.314,55.599],[11.32,55.595],[11.338,55.583],[11.409,55.586]]]},"properties":{"code":"4450","name":"Jyderup"}},
{"type":"Feature","geometry":{"type":"Polygon","coordinates":[[[11.427,55.714],[11.409,55.724],[11.389,55.732],[11.369,55.708],[11.344,55.693],[11.36,55.686],[11.395,55.693],[11.395,55.706],[11.427,55.714]]]},"properties":{"code":"4460","name":"Snertinge"}},
{"type":"Feature","geometry":{"type":"Polygon","coordinates":[[[11.232,55.659],[11.267,55.639],[11.27,55.617],[11.314,55.599],[11.352,55.642],[11.345,55.674],[11.319,55.678],[11.285,55.686],[11.258,55.677],[11.232,55.659]]]},"properties":{"code":"4470","name":"Svebølle"}},
{"type":"Feature","geometry":{"type":"Polygon","coordinates":[[[11.291,55.573],[11.248,55.598],[11.209,55.601],[11.183,55.592],[11.143,55.595],[11.075,55.577],[11.12,55.558],[11.164,55.55],[11.2,55.568],[11.26,55.567],[11.291,55.573]]]},"properties":{"code":"4480","name":"Store Fuglede"}},
{"type":"Feature","geometry":{"type":"Polygon","coordinates":[[[11.32,55.595],[11.314,55.599],[11.27,55.617],[11.267,55.639],[11.232,55.659],[11.209,55.63],[11.181,55.626],[11.184,55.61],[11.209,55.601],[11.248,55.598],[11.291,55.573],[11.32,55.595]]]},"properties":{"code":"4490","name":"Jerslev Sjælland"}},
{"type":"Feature","geometry":{"type":"Polygon","coordinates":[[[11.478,56.113],[11.461,56.081],[11.464,55.96],[11.466,55.958],[11.466,55.957],[11.464,55.956],[11.462,55.953],[11.462,55.952],[11.437,55.899],[11.438,55.899],[11.544,55.934],[11.567,55.936],[11.619,55.922],[11.633,55.897],[11.662,55.878],[11.651,55.871],[11.649,55.871],[11.639,55.865],[11.655,55.84],[11.686,55.833],[11.699,55.817],[11.746,55.809],[11.77,55.81],[11.799,55.839],[11.793,55.852],[11.811,55.919],[11.776,55.919],[11.7,55.948],[11.693,55.977],[11.664,56.001],[11.651,56.078],[11.528,56.098],[11.478,56.113]]]},"properties":{"code":"4500","name":"Nykøbing Sj"}},
{"type":"Feature","geometry":{"type":"Polygon","coordinates":[[[11.602,55.769],[11.534,55.772],[11.475,55.738],[11.413,55.733],[11.409,55.724],[11.427,55.714],[11.447,55.699],[11.472,55.692],[11.509,55.695],[11.543,55.687],[11.542,55.71],[11.53,55.716],[11.527,55.761],[11.598,55.756],[11.602,55.769]]]},"properties":{"code":"4520","name":"Svinninge"}},
{"type":"Feature","geometry":{"type":"Polygon","coordinates":[[[11.598,55.756],[11.527,55.761],[11.53,55.716],[11.542,55.71],[11.598,55.712],[11.613,55.739],[11.598,55.756]]]},"properties":{"code":"4532","name":"Gislinge"}},
{"type":"Feature","geometry":{"type":"Polygon","coordinates":[[[11.409,55.724],[11.413,55.733],[11.475,55.738],[11.534,55.772],[11.532,55.777],[11.456,55.773],[11.424,55.789],[11.407,55.785],[11.34,55.788],[11.33,55.769],[11.385,55.743],[11.389,55.732],[11.409,55.724]]]},"properties":{"code":"4534","name":"Hørve"}},
{"type":"Feature","geometry":{"type":"Polygon","coordinates":[[[11.437,55.899],[11.399,55.896],[11.307,55.901],[11.282,55.836],[11.316,55.821],[11.34,55.788],[11.407,55.785],[11.424,55.789],[11.456,55.773],[11.532,55.777],[11.533,55.779],[11.504,55.792],[11.479,55.793],[11.455,55.812],[11.477,55.827],[11.455,55.852],[11.461,55.887],[11.455,55.891],[11.438,55.899],[11.437,55.899]]]},"properties":{"code":"4540","name":"Fårevejle"}},
{"type":"Feature","geometry":{"type":"Polygon","coordinates":[[[11.533,55.779],[11.543,55.823],[11.523,55.845],[11.482,55.865],[11.461,55.887],[11.455,55.852],[11.477,55.827],[11.455,55.812],[11.479,55.793],[11.504,55.792],[11.533,55.779]]]},"properties":{"code":"4550","name":"Asnæs"}},
{"type":"Feature","geometry":{"type":"Polygon","coordinates":[[[11.746,55.809],[11.699,55.817],[11.686,55.833],[11.655,55.84],[11.639,55.865],[11.558,55.875],[11.548,55.884],[11.455,55.891],[11.461,55.887],[11.482,55.865],[11.523,55.845],[11.543,55.823],[11.571,55.821],[11.602,55.836],[11.646,55.825],[11.681,55.801],[11.714,55.798],[11.746,55.809]]]},"properties":{"code":"4560","name":"Vig"}},
{"type":"Feature","geometry":{"type":"Polygon","coordinates":[[[11.681,55.801],[11.646,55.825],[11.602,55.836],[11.571,55.821],[11.543,55.823],[11.533,55.779],[11.532,55.777],[11.534,55.772],[11.602,55.769],[11.627,55.781],[11.661,55.785],[11.681,55.801]]]},"properties":{"code":"4571","name":"Grevinge"}},
{"type":"Feature","geometry":{"type":"Polygon","coordinates":[[[11.633,55.897],[11.601,55.898],[11.596,55.884],[11.558,55.875],[11.639,55.865],[11.649,55.871],[11.651,55.871],[11.662,55.878],[11.633,55.897]]]},"properties":{"code":"4572","name":"Nørre Asmindrup"}},
{"type":"Feature","geometry":{"type":"Polygon","coordinates":[[[11.438,55.899],[11.455,55.891],[11.548,55.884],[11.558,55.875],[11.596,55.884],[11.601,55.898],[11.633,55.897],[11.619,55.922],[11.567,55.936],[11.544,55.934],[11.438,55.899]]]},"properties":{"code":"4573","name":"Højby"}},
{"type":"Feature","geometry":{"type":"Polygon","coordinates":[[[11.651,56.078],[11.664,56.001],[11.693,55.977],[11.7,55.948],[11.776,55.919],[11.811,55.919],[11.805,55.953],[11.736,56.084],[11.651,56.078]]]},"properties":{"code":"4581","name":"Rørvig"}},
{"type":"Feature","geometry":{"type":"Polygon","coordinates":[[[11.292,56.245],[11.194,56.208],[11.111,56.171],[11.055,56.138],[11.008,56.087],[11.192,55.953],[11.252,55.921],[11.307,55.901],[11.399,55.896],[11.437,55.899],[11.462,55.952],[11.462,55.953],[11.464,55.956],[11.466,55.957],[11.466,55.958],[11.464,55.96],[11.461,56.081],[11.478,56.113],[11.292,56.245]]]},"properties":{"code":"4583","name":"Sjællands Odde"}},
{"type":"Feature","geometry":{"type":"Polygon","coordinates":[[[11.207,55.786],[11.248,55.768],[11.276,55.734],[11.341,55.716],[11.322,55.702],[11.344,55.693],[11.369,55.708],[11.389,55.732],[11.385,55.743],[11.33,55.769],[11.34,55.788],[11.316,55.821],[11.282,55.836],[11.186,55.806],[11.207,55.786]]]},"properties":{"code":"4591","name":"Føllenslev"}},
{"type":"Feature","geometry":{"type":"Polygon","coordinates":[[[11.186,55.806],[11.282,55.836],[11.307,55.901],[11.252,55.921],[11.192,55.953],[11.008,56.087],[10.88,56.022],[10.879,55.946],[10.887,55.865],[11.05,55.817],[11.151,55.811],[11.186,55.806]]]},"properties":{"code":"4592","name":"Sejerø"}},
{"type":"Feature","geometry":{"type":"Polygon","coordinates":[[[11.258,55.677],[11.285,55.686],[11.319,55.678],[11.36,55.686],[11.344,55.693],[11.322,55.702],[11.341,55.716],[11.276,55.734],[11.248,55.768],[11.207,55.786],[11.191,55.719],[11.213,55.71],[11.258,55.677]]]},"properties":{"code":"4593","name":"Eskebjerg"}},
{"type":"Feature","geometry":{"type":"Polygon","coordinates":[[[12.186,55.515],[12.149,55.514],[12.144,55.492],[12.096,55.49],[12.076,55.481],[12.064,55.449],[12.081,55.438],[12.089,55.43],[12.147,55.435],[12.166,55.428],[12.158,55.387],[12.146,55.382],[12.171,55.374],[12.21,55.386],[12.267,55.389],[12.276,55.428],[12.326,55.476],[12.236,55.495],[12.22,55.509],[12.186,55.515]]]},"properties":{"code":"4600","name":"Køge"}},
{"type":"Feature","geometry":{"type":"Polygon","coordinates":[[[12.183,55.557],[12.183,55.577],[12.138,55.586],[12.103,55.593],[12.044,55.582],[12.043,55.556],[12.059,55.548],[12.078,55.56],[12.149,55.565],[12.181,55.554],[12.183,55.557]]]},"properties":{"code":"4621","name":"Gadstrup"}},
{"type":"Feature","geometry":{"type":"Polygon","coordinates":[[[12.181,55.554],[12.149,55.565],[12.078,55.56],[12.059,55.548],[12.07,55.528],[12.15,55.522],[12.146,55.535],[12.181,55.554]]]},"properties":{"code":"4622","name":"Havdrup"}},
{"type":"Feature","geometry":{"type":"Polygon","coordinates":[[[12.15,55.522],[12.07,55.528],[12.057,55.527],[12.053,55.49],[12.05,55.481],[12.076,55.481],[12.096,55.49],[12.144,55.492],[12.149,55.514],[12.186,55.515],[12.15,55.522]]]},"properties":{"code":"4623","name":"Lille Skensved"}},
{"type":"Feature","geometry":{"type":"Polygon","coordinates":[[[12.056,55.418],[12.064,55.416],[12.081,55.438],[12.064,55.449],[12.076,55.481],[12.05,55.481],[12,55.462],[11.986,55.442],[12.018,55.427],[12.056,55.418]]]},"properties":{"code":"4632","name":"Bjæverskov"}},
{"type":"Feature","geometry":{"type":"Polygon","coordinates":[[[12.095,55.308],[12.069,55.307],[12.059,55.283],[12.042,55.258],[12.071,55.251],[12.056,55.204],[12.047,55.192],[12.056,55.15],[12.076,55.134],[12.122,55.137],[12.138,55.156],[12.185,55.164],[12.111,55.213],[12.124,55.232],[12.197,55.24],[12.192,55.224],[12.229,55.213],[12.265,55.165],[12.279,55.162],[12.275,55.2],[12.282,55.252],[12.268,55.279],[12.221,55.265],[12.188,55.268],[12.171,55.299],[12.11,55.3],[12.1,55.307],[12.095,55.308]]]},"properties":{"code":"4640","name":"Faxe"}},
{"type":"Feature","geometry":{"type":"Polygon","coordinates":[[[12.146,55.382],[12.139,55.376],[12.14,55.346],[12.151,55.34],[12.19,55.331],[12.213,55.333],[12.269,55.306],[12.281,55.332],[12.3,55.34],[12.305,55.36],[12.281,55.365],[12.267,55.389],[12.21,55.386],[12.171,55.374],[12.146,55.382]]]},"properties":{"code":"4652","name":"Hårlev"}},
{"type":"Feature","geometry":{"type":"Polygon","coordinates":[[[12.268,55.279],[12.269,55.306],[12.213,55.333],[12.19,55.331],[12.151,55.34],[12.129,55.318],[12.1,55.307],[12.11,55.3],[12.171,55.299],[12.188,55.268],[12.221,55.265],[12.268,55.279]]]},"properties":{"code":"4653","name":"Karise"}},
{"type":"Feature","geometry":{"type":"Polygon","coordinates":[[[12.185,55.164],[12.265,55.165],[12.229,55.213],[12.192,55.224],[12.197,55.24],[12.124,55.232],[12.111,55.213],[12.185,55.164]]]},"properties":{"code":"4654","name":"Faxe Ladeplads"}},
{"type":"Feature","geometry":{"type":"Polygon","coordinates":[[[12.543,55.452],[12.406,55.38],[12.365,55.364],[12.341,55.325],[12.281,55.332],[12.269,55.306],[12.268,55.279],[12.282,55.252],[12.335,55.259],[12.354,55.288],[12.416,55.276],[12.438,55.277],[12.458,55.251],[12.624,55.154],[12.792,55.164],[12.675,55.248],[12.636,55.306],[12.639,55.335],[12.609,55.431],[12.543,55.452]]]},"properties":{"code":"4660","name":"Store Heddinge"}},
{"type":"Feature","geometry":{"type":"Polygon","coordinates":[[[12.374,55.489],[12.326,55.476],[12.276,55.428],[12.267,55.389],[12.281,55.365],[12.305,55.36],[12.327,55.378],[12.339,55.406],[12.361,55.43],[12.383,55.489],[12.374,55.489]]]},"properties":{"code":"4671","name":"Strøby"}},
{"type":"Feature","geometry":{"type":"Polygon","coordinates":[[[12.383,55.489],[12.361,55.43],[12.339,55.406],[12.327,55.378],[12.305,55.36],[12.3,55.34],[12.281,55.332],[12.341,55.325],[12.365,55.364],[12.406,55.38],[12.543,55.452],[12.423,55.495],[12.383,55.489]]]},"properties":{"code":"4672","name":"Klippinge"}},
{"type":"Feature","geometry":{"type":"Polygon","coordinates":[[[12.279,55.162],[12.338,55.142],[12.404,55.133],[12.426,55.134],[12.487,55.144],[12.624,55.154],[12.458,55.251],[12.438,55.277],[12.416,55.276],[12.354,55.288],[12.335,55.259],[12.282,55.252],[12.275,55.2],[12.279,55.162]]]},"properties":{"code":"4673","name":"Rødvig Stevns"}},
{"type":"Feature","geometry":{"type":"Polygon","coordinates":[[[12.081,55.438],[12.064,55.416],[12.079,55.406],[12.125,55.407],[12.12,55.378],[12.139,55.376],[12.146,55.382],[12.158,55.387],[12.166,55.428],[12.147,55.435],[12.089,55.43],[12.081,55.438]]]},"properties":{"code":"4681","name":"Herfølge"}},
{"type":"Feature","geometry":{"type":"Polygon","coordinates":[[[12.024,55.396],[12.022,55.377],[12.074,55.374],[12.087,55.357],[12.085,55.319],[12.095,55.308],[12.1,55.307],[12.129,55.318],[12.151,55.34],[12.14,55.346],[12.139,55.376],[12.12,55.378],[12.125,55.407],[12.079,55.406],[12.064,55.416],[12.056,55.418],[12.024,55.396]]]},"properties":{"code":"4682","name":"Tureby"}},
{"type":"Feature","geometry":{"type":"Polygon","coordinates":[[[12.059,55.283],[12.015,55.285],[11.986,55.268],[11.973,55.249],[11.973,55.225],[12.056,55.204],[12.071,55.251],[12.042,55.258],[12.059,55.283]]]},"properties":{"code":"4683","name":"Rønnede"}},
{"type":"Feature","geometry":{"type":"Polygon","coordinates":[[[11.78,55.286],[11.793,55.266],[11.818,55.259],[11.817,55.235],[11.846,55.234],[11.903,55.215],[11.938,55.214],[11.973,55.225],[11.973,55.249],[11.944,55.255],[11.903,55.277],[11.85,55.295],[11.819,55.302],[11.78,55.286]]]},"properties":{"code":"4684","name":"Holmegaard"}},
{"type":"Feature","geometry":{"type":"Polygon","coordinates":[[[11.83,55.357],[11.824,55.333],[11.853,55.321],[11.85,55.295],[11.903,55.277],[11.944,55.255],[11.973,55.249],[11.986,55.268],[12.015,55.285],[12.059,55.283],[12.069,55.307],[12.095,55.308],[12.085,55.319],[12.087,55.357],[12.074,55.374],[12.022,55.377],[12.024,55.396],[11.974,55.394],[11.929,55.367],[11.877,55.37],[11.858,55.357],[11.83,55.357]]]},"properties":{"code":"4690","name":"Haslev"}},
{"type":"Feature","geometry":{"type":"Polygon","coordinates":[[[11.639,55.305],[11.576,55.27],[11.576,55.242],[11.557,55.237],[11.538,55.198],[11.507,55.158],[11.514,55.114],[11.565,55.127],[11.595,55.187],[11.587,55.202],[11.659,55.214],[11.692,55.192],[11.683,55.174],[11.715,55.148],[11.753,55.149],[11.77,55.142],[11.826,55.137],[11.836,55.147],[11.901,55.137],[11.919,55.151],[11.9,55.178],[11.926,55.194],[11.938,55.214],[11.903,55.215],[11.846,55.234],[11.817,55.235],[11.818,55.259],[11.793,55.266],[11.78,55.286],[11.74,55.292],[11.694,55.289],[11.639,55.305]]]},"properties":{"code":"4700","name":"Næstved"}},
{"type":"Feature","geometry":{"type":"Polygon","coordinates":[[[12.265,55.165],[12.185,55.164],[12.138,55.156],[12.122,55.137],[12.076,55.134],[12.056,55.15],[12.002,55.144],[11.953,55.148],[11.96,55.136],[11.921,55.124],[11.962,55.071],[11.993,55.056],[12.025,55.067],[12.138,55.069],[12.163,55.057],[12.21,55.072],[12.338,55.142],[12.279,55.162],[12.265,55.165]]]},"properties":{"code":"4720","name":"Præstø"}},
{"type":"Feature","geometry":{"type":"Polygon","coordinates":[[[12.056,55.204],[11.973,55.225],[11.938,55.214],[11.926,55.194],[11.9,55.178],[11.919,55.151],[11.953,55.148],[12.002,55.144],[12.056,55.15],[12.047,55.192],[12.056,55.204]]]},"properties":{"code":"4733","name":"Tappernøje"}},
{"type":"Feature","geometry":{"type":"Polygon","coordinates":[[[11.993,55.056],[11.985,55.015],[12.008,55.022],[12.04,55.018],[12.104,55.022],[12.167,55.037],[12.163,55.057],[12.138,55.069],[12.025,55.067],[11.993,55.056]]]},"properties":{"code":"4735","name":"Mern"}},
{"type":"Feature","geometry":{"type":"Polygon","coordinates":[[[11.565,55.127],[11.648,55.121],[11.712,55.14],[11.715,55.148],[11.683,55.174],[11.692,55.192],[11.659,55.214],[11.587,55.202],[11.595,55.187],[11.565,55.127]]]},"properties":{"code":"4736","name":"Karrebæksminde"}},
{"type":"Feature","geometry":{"type":"Polygon","coordinates":[[[11.715,55.148],[11.712,55.14],[11.648,55.121],[11.688,55.092],[11.738,55.085],[11.784,55.064],[11.812,55.079],[11.909,55.085],[11.924,55.073],[11.962,55.071],[11.921,55.124],[11.96,55.136],[11.953,55.148],[11.919,55.151],[11.901,55.137],[11.836,55.147],[11.826,55.137],[11.77,55.142],[11.753,55.149],[11.715,55.148]]]},"properties":{"code":"4750","name":"Lundby"}},
{"type":"Feature","geometry":{"type":"Polygon","coordinates":[[[11.487,55.099],[11.503,55.068],[11.54,55.051],[11.629,55.022],[11.664,55.002],[11.691,55.005],[11.77,55.001],[11.84,54.985],[11.877,54.963],[11.916,54.956],[11.957,54.96],[12.001,54.959],[12.013,55],[11.985,55.015],[11.993,55.056],[11.962,55.071],[11.924,55.073],[11.909,55.085],[11.812,55.079],[11.784,55.064],[11.738,55.085],[11.688,55.092],[11.648,55.121],[11.565,55.127],[11.514,55.114],[11.487,55.099]]]},"properties":{"code":"4760","name":"Vordingborg"}},
{"type":"Feature","geometry":{"type":"Polygon","coordinates":[[[12.104,55.022],[12.121,55.012],[12.121,54.995],[12.143,54.981],[12.198,54.996],[12.244,54.993],[12.253,55.017],[12.225,55.028],[12.194,55.019],[12.167,55.037],[12.104,55.022]]]},"properties":{"code":"4771","name":"Kalvehave"}},
{"type":"Feature","geometry":{"type":"Polygon","coordinates":[[[12.04,55.018],[12.072,54.973],[12.057,54.953],[12.098,54.939],[12.105,54.943],[12.112,54.96],[12.143,54.981],[12.121,54.995],[12.121,55.012],[12.104,55.022],[12.04,55.018]]]},"properties":{"code":"4772","name":"Langebæk"}},
{"type":"Feature","geometry":{"type":"Polygon","coordinates":[[[11.985,55.015],[12.013,55],[12.001,54.959],[12.021,54.951],[12.057,54.953],[12.072,54.973],[12.04,55.018],[12.008,55.022],[11.985,55.015]]]},"properties":{"code":"4773","name":"Stensved"}},
{"type":"Feature","geometry":{"type":"Polygon","coordinates":[[[12.338,55.142],[12.21,55.072],[12.163,55.057],[12.167,55.037],[12.194,55.019],[12.225,55.028],[12.253,55.017],[12.244,54.993],[12.198,54.996],[12.143,54.981],[12.112,54.96],[12.105,54.943],[12.151,54.943],[12.202,54.937],[12.204,54.915],[12.234,54.894],[12.427,54.813],[12.424,54.942],[12.406,54.968],[12.417,54.996],[12.405,55.007],[12.421,55.021],[12.415,55.036],[12.425,55.093],[12.426,55.134],[12.404,55.133],[12.338,55.142]]]},"properties":{"code":"4780","name":"Stege"}},
{"type":"Feature","geometry":{"type":"Polygon","coordinates":[[[12.624,55.154],[12.487,55.144],[12.426,55.134],[12.425,55.093],[12.415,55.036],[12.421,55.021],[12.405,55.007],[12.417,54.996],[12.406,54.968],[12.424,54.942],[12.427,54.813],[12.626,54.731],[12.747,54.761],[12.931,54.831],[13.145,55.006],[13.053,55.063],[12.792,55.164],[12.624,55.154]]]},"properties":{"code":"4791","name":"Borre"}},
{"type":"Feature","geometry":{"type":"Polygon","coordinates":[[[12.098,54.939],[12.086,54.904],[12.117,54.895],[12.134,54.872],[12.206,54.852],[12.517,54.704],[12.626,54.731],[12.427,54.813],[12.234,54.894],[12.204,54.915],[12.202,54.937],[12.151,54.943],[12.105,54.943],[12.098,54.939]]]},"properties":{"code":"4792","name":"Askeby"}},
{"type":"Feature","geometry":{"type":"Polygon","coordinates":[[[11.957,54.96],[11.984,54.941],[12.008,54.908],[12.063,54.901],[12.086,54.904],[12.098,54.939],[12.057,54.953],[12.021,54.951],[12.001,54.959],[11.957,54.96]]]},"properties":{"code":"4793","name":"Bogø By"}},
{"type":"Feature","geometry":{"type":"Polygon","coordinates":[[[11.947,54.719],[11.961,54.749],[11.983,54.757],[12.131,54.729],[12.203,54.71],[12.273,54.684],[12.199,54.733],[12.119,54.777],[12.073,54.794],[12.036,54.801],[12.026,54.814],[11.988,54.825],[11.958,54.824],[11.883,54.84],[11.797,54.831],[11.792,54.806],[11.831,54.787],[11.826,54.753],[11.816,54.733],[11.84,54.721],[11.891,54.742],[11.919,54.719],[11.947,54.719]]]},"properties":{"code":"4800","name":"Nykøbing F"}},
{"type":"Feature","geometry":{"type":"Polygon","coordinates":[[[11.664,55.002],[11.653,54.971],[11.634,54.948],[11.674,54.919],[11.706,54.907],[11.72,54.883],[11.795,54.878],[11.808,54.864],[11.775,54.844],[11.793,54.838],[11.831,54.854],[11.844,54.869],[11.875,54.881],[11.926,54.881],[11.959,54.89],[11.957,54.913],[11.984,54.941],[11.957,54.96],[11.916,54.956],[11.877,54.963],[11.84,54.985],[11.77,55.001],[11.691,55.005],[11.664,55.002]]]},"properties":{"code":"4840","name":"Nørre Alslev"}},
{"type":"Feature","geometry":{"type":"Polygon","coordinates":[[[12.086,54.904],[12.063,54.901],[12.008,54.908],[11.984,54.941],[11.957,54.913],[11.959,54.89],[11.926,54.881],[11.942,54.878],[11.937,54.842],[11.99,54.842],[12.019,54.834],[12.092,54.842],[12.125,54.854],[12.124,54.83],[12.416,54.665],[12.441,54.685],[12.517,54.704],[12.206,54.852],[12.134,54.872],[12.117,54.895],[12.086,54.904]]]},"properties":{"code":"4850","name":"Stubbekøbing"}},
{"type":"Feature","geometry":{"type":"Polygon","coordinates":[[[11.634,54.948],[11.573,54.919],[11.576,54.889],[11.629,54.866],[11.687,54.866],[11.712,54.828],[11.741,54.82],[11.757,54.829],[11.797,54.831],[11.793,54.838],[11.775,54.844],[11.808,54.864],[11.795,54.878],[11.72,54.883],[11.706,54.907],[11.674,54.919],[11.634,54.948]]]},"properties":{"code":"4862","name":"Guldborg"}},
{"type":"Feature","geometry":{"type":"Polygon","coordinates":[[[11.988,54.825],[11.99,54.842],[11.937,54.842],[11.942,54.878],[11.926,54.881],[11.875,54.881],[11.844,54.869],[11.831,54.854],[11.793,54.838],[11.797,54.831],[11.883,54.84],[11.958,54.824],[11.988,54.825]]]},"properties":{"code":"4863","name":"Eskilstrup"}},
{"type":"Feature","geometry":{"type":"Polygon","coordinates":[[[12.273,54.684],[12.38,54.635],[12.416,54.665],[12.124,54.83],[12.125,54.854],[12.092,54.842],[12.019,54.834],[11.99,54.842],[11.988,54.825],[12.026,54.814],[12.036,54.801],[12.073,54.794],[12.119,54.777],[12.199,54.733],[12.273,54.684]]]},"properties":{"code":"4871","name":"Horbelev"}},
{"type":"Feature","geometry":{"type":"Polygon","coordinates":[[[11.947,54.719],[11.989,54.699],[12.356,54.615],[12.38,54.635],[12.273,54.684],[12.203,54.71],[12.131,54.729],[11.983,54.757],[11.961,54.749],[11.947,54.719]]]},"properties":{"code":"4872","name":"Idestrup"}},
{"type":"Feature","geometry":{"type":"Polygon","coordinates":[[[11.84,54.721],[11.842,54.712],[11.871,54.707],[11.865,54.679],[11.858,54.666],[11.915,54.663],[11.946,54.633],[11.975,54.63],[12.356,54.615],[11.989,54.699],[11.947,54.719],[11.919,54.719],[11.891,54.742],[11.84,54.721]]]},"properties":{"code":"4873","name":"Væggerløse"}},
{"type":"Feature","geometry":{"type":"Polygon","coordinates":[[[11.858,54.666],[11.852,54.634],[11.793,54.582],[11.784,54.563],[11.738,54.534],[11.67,54.363],[11.938,54.364],[12.11,54.409],[12.356,54.615],[11.975,54.63],[11.946,54.633],[11.915,54.663],[11.858,54.666]]]},"properties":{"code":"4874","name":"Gedser"}},
{"type":"Feature","geometry":{"type":"Polygon","coordinates":[[[11.865,54.679],[11.827,54.683],[11.759,54.679],[11.698,54.685],[11.669,54.705],[11.694,54.722],[11.67,54.738],[11.647,54.739],[11.632,54.718],[11.65,54.689],[11.64,54.654],[11.652,54.61],[11.674,54.601],[11.738,54.534],[11.784,54.563],[11.793,54.582],[11.852,54.634],[11.858,54.666],[11.865,54.679]]]},"properties":{"code":"4880","name":"Nysted"}},
{"type":"Feature","geometry":{"type":"Polygon","coordinates":[[[11.792,54.806],[11.758,54.799],[11.748,54.78],[11.712,54.753],[11.725,54.735],[11.759,54.733],[11.819,54.711],[11.842,54.712],[11.84,54.721],[11.816,54.733],[11.826,54.753],[11.831,54.787],[11.792,54.806]]]},"properties":{"code":"4891","name":"Toreby L"}},
{"type":"Feature","geometry":{"type":"Polygon","coordinates":[[[11.842,54.712],[11.819,54.711],[11.759,54.733],[11.725,54.735],[11.694,54.722],[11.669,54.705],[11.698,54.685],[11.759,54.679],[11.827,54.683],[11.865,54.679],[11.871,54.707],[11.842,54.712]]]},"properties":{"code":"4892","name":"Kettinge"}},
{"type":"Feature","geometry":{"type":"Polygon","coordinates":[[[11.632,54.718],[11.596,54.743],[11.569,54.726],[11.574,54.714],[11.554,54.673],[11.564,54.657],[11.599,54.626],[11.652,54.61],[11.64,54.654],[11.65,54.689],[11.632,54.718]]]},"properties":{"code":"4894","name":"Øster Ulslev"}},
{"type":"Feature","geometry":{"type":"Polygon","coordinates":[[[11.564,54.657],[11.509,54.671],[11.513,54.687],[11.468,54.688],[11.472,54.662],[11.487,54.655],[11.503,54.616],[11.535,54.614],[11.599,54.626],[11.564,54.657]]]},"properties":{"code":"4895","name":"Errindlev"}},
{"type":"Feature","geometry":{"type":"Polygon","coordinates":[[[11.24,54.849],[11.244,54.882],[11.201,54.885],[11.187,54.878],[11.117,54.937],[11.076,54.957],[11.031,55.006],[10.988,54.971],[11.029,54.943],[11.053,54.903],[11.105,54.891],[11.098,54.861],[11.08,54.85],[11.065,54.817],[11.027,54.827],[11.048,54.844],[11.036,54.858],[10.983,54.862],[10.921,54.891],[10.874,54.842],[10.869,54.802],[10.868,54.754],[10.88,54.72],[10.902,54.635],[11.003,54.639],[11.072,54.635],[11.104,54.74],[11.125,54.778],[11.151,54.798],[11.183,54.804],[11.208,54.793],[11.235,54.825],[11.253,54.831],[11.24,54.849]]]},"properties":{"code":"4900","name":"Nakskov"}},
{"type":"Feature","geometry":{"type":"Polygon","coordinates":[[[10.988,54.971],[10.945,54.941],[10.928,54.915],[10.921,54.891],[10.983,54.862],[11.036,54.858],[11.048,54.844],[11.027,54.827],[11.065,54.817],[11.08,54.85],[11.098,54.861],[11.105,54.891],[11.053,54.903],[11.029,54.943],[10.988,54.971]]]},"properties":{"code":"4912","name":"Harpelunde"}},
{"type":"Feature","geometry":{"type":"Polygon","coordinates":[[[11.094,55.05],[11.031,55.006],[11.076,54.957],[11.117,54.937],[11.187,54.878],[11.201,54.885],[11.244,54.882],[11.262,54.885],[11.244,54.895],[11.249,54.911],[11.294,54.909],[11.303,54.923],[11.338,54.939],[11.329,54.948],[11.349,54.998],[11.22,55.034],[11.192,55.052],[11.094,55.05]]]},"properties":{"code":"4913","name":"Horslunde"}},
{"type":"Feature","geometry":{"type":"Polygon","coordinates":[[[11.208,54.793],[11.252,54.772],[11.242,54.748],[11.286,54.734],[11.342,54.772],[11.367,54.776],[11.376,54.807],[11.342,54.816],[11.341,54.84],[11.315,54.838],[11.24,54.849],[11.253,54.831],[11.235,54.825],[11.208,54.793]]]},"properties":{"code":"4920","name":"Søllested"}},
{"type":"Feature","geometry":{"type":"Polygon","coordinates":[[[11.596,54.743],[11.592,54.767],[11.55,54.797],[11.54,54.847],[11.529,54.813],[11.457,54.81],[11.459,54.797],[11.419,54.796],[11.403,54.807],[11.376,54.807],[11.367,54.776],[11.342,54.772],[11.342,54.75],[11.395,54.742],[11.421,54.746],[11.439,54.732],[11.494,54.728],[11.53,54.732],[11.569,54.726],[11.596,54.743]]]},"properties":{"code":"4930","name":"Maribo"}},
{"type":"Feature","geometry":{"type":"Polygon","coordinates":[[[11.54,54.847],[11.524,54.862],[11.426,54.882],[11.407,54.866],[11.424,54.841],[11.457,54.81],[11.529,54.813],[11.54,54.847]]]},"properties":{"code":"4941","name":"Bandholm"}},
{"type":"Feature","geometry":{"type":"Polygon","coordinates":[[[11.573,54.919],[11.507,54.936],[11.452,54.925],[11.416,54.9],[11.426,54.882],[11.524,54.862],[11.576,54.889],[11.573,54.919]]]},"properties":{"code":"4942","name":"Askø"}},
{"type":"Feature","geometry":{"type":"MultiPolygon","coordinates":[[[[11.276,55.101],[11.192,55.052],[11.22,55.034],[11.349,54.998],[11.389,54.999],[11.441,55.01],[11.503,55.068],[11.487,55.099],[11.396,55.113],[11.339,55.116],[11.291,55.111],[11.276,55.101]]],[[[11.262,54.885],[11.279,54.882],[11.352,54.885],[11.397,54.904],[11.381,54.919],[11.338,54.939],[11.303,54.923],[11.294,54.909],[11.249,54.911],[11.244,54.895],[11.262,54.885]]]]},"properties":{"code":"4943","name":"Torrig L"}},
{"type":"Feature","geometry":{"type":"Polygon","coordinates":[[[11.338,54.939],[11.381,54.919],[11.397,54.904],[11.412,54.9],[11.416,54.9],[11.452,54.925],[11.507,54.936],[11.498,54.956],[11.464,54.981],[11.441,55.01],[11.389,54.999],[11.349,54.998],[11.329,54.948],[11.338,54.939]]]},"properties":{"code":"4944","name":"Fejø"}},
{"type":"Feature","geometry":{"type":"Polygon","coordinates":[[[11.503,55.068],[11.441,55.01],[11.464,54.981],[11.498,54.956],[11.507,54.936],[11.573,54.919],[11.634,54.948],[11.653,54.971],[11.664,55.002],[11.629,55.022],[11.54,55.051],[11.503,55.068]]]},"properties":{"code":"4945","name":"Femø"}},
{"type":"Feature","geometry":{"type":"Polygon","coordinates":[[[11.457,54.81],[11.424,54.841],[11.403,54.807],[11.419,54.796],[11.459,54.797],[11.457,54.81]]]},"properties":{"code":"4951","name":"Nørreballe"}},
{"type":"Feature","geometry":{"type":"Polygon","coordinates":[[[11.376,54.807],[11.403,54.807],[11.424,54.841],[11.407,54.866],[11.426,54.882],[11.416,54.9],[11.412,54.9],[11.335,54.867],[11.315,54.838],[11.341,54.84],[11.342,54.816],[11.376,54.807]]]},"properties":{"code":"4952","name":"Stokkemarke"}},
{"type":"Feature","geometry":{"type":"Polygon","coordinates":[[[11.24,54.849],[11.315,54.838],[11.335,54.867],[11.412,54.9],[11.397,54.904],[11.352,54.885],[11.279,54.882],[11.262,54.885],[11.244,54.882],[11.24,54.849]]]},"properties":{"code":"4953","name":"Vesterborg"}},
{"type":"Feature","geometry":{"type":"Polygon","coordinates":[[[11.569,54.726],[11.53,54.732],[11.494,54.728],[11.439,54.732],[11.426,54.703],[11.467,54.7],[11.468,54.688],[11.513,54.687],[11.509,54.671],[11.564,54.657],[11.554,54.673],[11.574,54.714],[11.569,54.726]]]},"properties":{"code":"4960","name":"Holeby"}},
{"type":"Feature","geometry":{"type":"Polygon","coordinates":[[[11.738,54.534],[11.674,54.601],[11.652,54.61],[11.599,54.626],[11.535,54.614],[11.503,54.616],[11.487,54.655],[11.472,54.662],[11.468,54.688],[11.467,54.7],[11.426,54.703],[11.439,54.732],[11.421,54.746],[11.395,54.742],[11.342,54.75],[11.342,54.772],[11.286,54.734],[11.284,54.72],[11.257,54.716],[11.237,54.697],[11.222,54.663],[11.206,54.607],[11.258,54.584],[11.319,54.567],[11.441,54.496],[11.579,54.427],[11.67,54.363],[11.738,54.534]]]},"properties":{"code":"4970","name":"Rødby"}},
{"type":"Feature","geometry":{"type":"Polygon","coordinates":[[[11.072,54.635],[11.155,54.62],[11.206,54.607],[11.222,54.663],[11.237,54.697],[11.257,54.716],[11.284,54.72],[11.286,54.734],[11.242,54.748],[11.252,54.772],[11.208,54.793],[11.183,54.804],[11.151,54.798],[11.125,54.778],[11.104,54.74],[11.072,54.635]]]},"properties":{"code":"4983","name":"Dannemare"}},
{"type":"Feature","geometry":{"type":"Polygon","coordinates":[[[11.797,54.831],[11.757,54.829],[11.741,54.82],[11.712,54.828],[11.687,54.866],[11.629,54.866],[11.576,54.889],[11.524,54.862],[11.54,54.847],[11.55,54.797],[11.592,54.767],[11.596,54.743],[11.632,54.718],[11.647,54.739],[11.67,54.738],[11.694,54.722],[11.725,54.735],[11.712,54.753],[11.748,54.78],[11.758,54.799],[11.792,54.806],[11.797,54.831]]]},"properties":{"code":"4990","name":"Sakskøbing"}},
{"type":"Feature","geometry":{"type":"Polygon","coordinates":[[[10.359,55.413],[10.354,55.399],[10.352,55.386],[10.375,55.374],[10.379,55.388],[10.416,55.393],[10.42,55.4],[10.423,55.437],[10.452,55.458],[10.441,55.469],[10.42,55.436],[10.373,55.424],[10.359,55.413]]]},"properties":{"code":"5000","name":"Odense C"}},
{"type":"Feature","geometry":{"type":"Polygon","coordinates":[[[10.354,55.399],[10.311,55.401],[10.266,55.412],[10.256,55.412],[10.253,55.413],[10.251,55.414],[10.249,55.415],[10.23,55.413],[10.242,55.401],[10.291,55.396],[10.291,55.395],[10.296,55.386],[10.317,55.377],[10.352,55.386],[10.354,55.399]]]},"properties":{"code":"5200","name":"Odense V"}},
{"type":"Feature","geometry":{"type":"Polygon","coordinates":[[[10.359,55.413],[10.355,55.414],[10.319,55.431],[10.258,55.443],[10.221,55.419],[10.23,55.413],[10.249,55.415],[10.251,55.414],[10.253,55.413],[10.256,55.412],[10.266,55.412],[10.311,55.401],[10.354,55.399],[10.359,55.413]]]},"properties":{"code":"5210","name":"Odense NV"}},
{"type":"Feature","geometry":{"type":"Polygon","coordinates":[[[10.416,55.393],[10.431,55.365],[10.454,55.343],[10.457,55.311],[10.495,55.323],[10.545,55.323],[10.556,55.326],[10.576,55.344],[10.545,55.361],[10.503,55.392],[10.459,55.39],[10.42,55.4],[10.416,55.393]]]},"properties":{"code":"5220","name":"Odense SØ"}},
{"type":"Feature","geometry":{"type":"Polygon","coordinates":[[[10.375,55.374],[10.384,55.369],[10.431,55.365],[10.416,55.393],[10.379,55.388],[10.375,55.374]]]},"properties":{"code":"5230","name":"Odense M"}},
{"type":"Feature","geometry":{"type":"Polygon","coordinates":[[[10.42,55.4],[10.459,55.39],[10.503,55.392],[10.484,55.415],[10.459,55.414],[10.468,55.45],[10.455,55.457],[10.452,55.458],[10.423,55.437],[10.42,55.4]]]},"properties":{"code":"5240","name":"Odense NØ"}},
{"type":"Feature","geometry":{"type":"Polygon","coordinates":[[[10.352,55.386],[10.317,55.377],[10.296,55.386],[10.231,55.358],[10.259,55.348],[10.262,55.317],[10.292,55.317],[10.363,55.35],[10.384,55.369],[10.375,55.374],[10.352,55.386]]]},"properties":{"code":"5250","name":"Odense SV"}},
{"type":"Feature","geometry":{"type":"Polygon","coordinates":[[[10.431,55.365],[10.384,55.369],[10.363,55.35],[10.292,55.317],[10.279,55.298],[10.287,55.29],[10.341,55.292],[10.334,55.308],[10.355,55.322],[10.407,55.334],[10.426,55.309],[10.457,55.311],[10.454,55.343],[10.431,55.365]]]},"properties":{"code":"5260","name":"Odense S"}},
{"type":"Feature","geometry":{"type":"Polygon","coordinates":[[[10.441,55.469],[10.422,55.468],[10.368,55.482],[10.309,55.479],[10.277,55.454],[10.259,55.454],[10.258,55.443],[10.319,55.431],[10.355,55.414],[10.359,55.413],[10.373,55.424],[10.42,55.436],[10.441,55.469]]]},"properties":{"code":"5270","name":"Odense N"}},
{"type":"Feature","geometry":{"type":"Polygon","coordinates":[[[10.545,55.361],[10.557,55.387],[10.578,55.393],[10.544,55.416],[10.52,55.42],[10.484,55.415],[10.503,55.392],[10.545,55.361]]]},"properties":{"code":"5290","name":"Marslev"}},
{"type":"Feature","geometry":{"type":"Polygon","coordinates":[[[10.953,55.442],[10.948,55.511],[10.935,55.566],[10.819,55.607],[10.759,55.537],[10.757,55.513],[10.705,55.5],[10.667,55.474],[10.612,55.476],[10.615,55.491],[10.578,55.497],[10.57,55.476],[10.592,55.47],[10.544,55.416],[10.578,55.393],[10.58,55.391],[10.614,55.413],[10.645,55.412],[10.685,55.409],[10.706,55.434],[10.737,55.446],[10.825,55.44],[10.858,55.443],[10.932,55.436],[10.953,55.442]]]},"properties":{"code":"5300","name":"Kerteminde"}},
{"type":"Feature","geometry":{"type":"Polygon","coordinates":[[[10.484,55.415],[10.52,55.42],[10.524,55.434],[10.491,55.455],[10.468,55.45],[10.459,55.414],[10.484,55.415]]]},"properties":{"code":"5320","name":"Agedrup"}},
{"type":"Feature","geometry":{"type":"Polygon","coordinates":[[[10.468,55.45],[10.491,55.455],[10.524,55.434],[10.52,55.42],[10.544,55.416],[10.592,55.47],[10.57,55.476],[10.578,55.497],[10.567,55.5],[10.529,55.502],[10.509,55.494],[10.479,55.466],[10.455,55.457],[10.468,55.45]]]},"properties":{"code":"5330","name":"Munkebo"}},
{"type":"Feature","geometry":{"type":"Polygon","coordinates":[[[10.58,55.391],[10.625,55.386],[10.645,55.412],[10.614,55.413],[10.58,55.391]]]},"properties":{"code":"5350","name":"Rynkeby"}},
{"type":"Feature","geometry":{"type":"Polygon","coordinates":[[[10.705,55.5],[10.634,55.511],[10.62,55.523],[10.593,55.545],[10.563,55.553],[10.55,55.527],[10.567,55.5],[10.578,55.497],[10.615,55.491],[10.612,55.476],[10.667,55.474],[10.705,55.5]]]},"properties":{"code":"5370","name":"Mesinge"}},
{"type":"Feature","geometry":{"type":"Polygon","coordinates":[[[10.759,55.537],[10.673,55.524],[10.62,55.523],[10.634,55.511],[10.705,55.5],[10.757,55.513],[10.759,55.537]]]},"properties":{"code":"5380","name":"Dalby"}},
{"type":"Feature","geometry":{"type":"Polygon","coordinates":[[[10.717,55.698],[10.571,55.691],[10.483,55.68],[10.504,55.618],[10.548,55.563],[10.563,55.553],[10.593,55.545],[10.62,55.523],[10.673,55.524],[10.759,55.537],[10.819,55.607],[10.796,55.63],[10.781,55.658],[10.717,55.698]]]},"properties":{"code":"5390","name":"Martofte"}},
{"type":"Feature","geometry":{"type":"Polygon","coordinates":[[[10.249,55.541],[10.252,55.565],[10.297,55.593],[10.297,55.606],[10.243,55.648],[10.261,55.683],[10.147,55.712],[10.055,55.637],[9.988,55.624],[9.931,55.583],[9.923,55.562],[9.987,55.525],[10.004,55.508],[10.03,55.504],[10.096,55.518],[10.137,55.521],[10.158,55.549],[10.206,55.54],[10.246,55.538],[10.249,55.541]]]},"properties":{"code":"5400","name":"Bogense"}},
{"type":"Feature","geometry":{"type":"Polygon","coordinates":[[[10.452,55.458],[10.455,55.457],[10.479,55.466],[10.509,55.494],[10.529,55.502],[10.567,55.5],[10.55,55.527],[10.563,55.553],[10.548,55.563],[10.504,55.618],[10.483,55.68],[10.456,55.688],[10.403,55.682],[10.261,55.683],[10.243,55.648],[10.297,55.606],[10.297,55.593],[10.252,55.565],[10.249,55.541],[10.316,55.522],[10.309,55.491],[10.309,55.479],[10.368,55.482],[10.422,55.468],[10.441,55.469],[10.452,55.458]]]},"properties":{"code":"5450","name":"Otterup"}},
{"type":"Feature","geometry":{"type":"Polygon","coordinates":[[[10.258,55.443],[10.259,55.454],[10.18,55.461],[10.167,55.457],[10.137,55.448],[10.129,55.426],[10.203,55.406],[10.205,55.412],[10.206,55.412],[10.207,55.412],[10.209,55.412],[10.21,55.411],[10.221,55.419],[10.258,55.443]]]},"properties":{"code":"5462","name":"Morud"}},
{"type":"Feature","geometry":{"type":"Polygon","coordinates":[[[10.03,55.485],[9.975,55.456],[9.978,55.437],[9.979,55.436],[9.98,55.436],[9.989,55.431],[10.012,55.429],[10.079,55.441],[10.043,55.481],[10.03,55.485]]]},"properties":{"code":"5463","name":"Harndrup"}},
{"type":"Feature","geometry":{"type":"Polygon","coordinates":[[[9.923,55.562],[9.912,55.546],[9.951,55.503],[9.943,55.473],[9.943,55.472],[9.975,55.456],[10.03,55.485],[10.03,55.504],[10.004,55.508],[9.987,55.525],[9.923,55.562]]]},"properties":{"code":"5464","name":"Brenderup Fyn"}},
{"type":"Feature","geometry":{"type":"Polygon","coordinates":[[[9.912,55.546],[9.882,55.53],[9.85,55.484],[9.89,55.475],[9.943,55.473],[9.951,55.503],[9.912,55.546]]]},"properties":{"code":"5466","name":"Asperup"}},
{"type":"Feature","geometry":{"type":"Polygon","coordinates":[[[10.309,55.479],[10.309,55.491],[10.28,55.493],[10.27,55.506],[10.234,55.502],[10.246,55.538],[10.206,55.54],[10.158,55.549],[10.137,55.521],[10.096,55.518],[10.03,55.504],[10.03,55.485],[10.043,55.481],[10.079,55.441],[10.093,55.445],[10.108,55.45],[10.142,55.489],[10.168,55.48],[10.167,55.457],[10.18,55.461],[10.259,55.454],[10.277,55.454],[10.309,55.479]]]},"properties":{"code":"5471","name":"Søndersø"}},
{"type":"Feature","geometry":{"type":"Polygon","coordinates":[[[10.167,55.457],[10.168,55.48],[10.142,55.489],[10.108,55.45],[10.093,55.445],[10.094,55.442],[10.096,55.431],[10.129,55.426],[10.137,55.448],[10.167,55.457]]]},"properties":{"code":"5474","name":"Veflinge"}},
{"type":"Feature","geometry":{"type":"Polygon","coordinates":[[[10.246,55.538],[10.234,55.502],[10.27,55.506],[10.28,55.493],[10.309,55.491],[10.316,55.522],[10.249,55.541],[10.246,55.538]]]},"properties":{"code":"5485","name":"Skamby"}},
{"type":"Feature","geometry":{"type":"Polygon","coordinates":[[[10.23,55.413],[10.221,55.419],[10.21,55.411],[10.209,55.412],[10.207,55.412],[10.206,55.412],[10.205,55.412],[10.203,55.406],[10.197,55.377],[10.183,55.361],[10.212,55.367],[10.231,55.358],[10.296,55.386],[10.291,55.395],[10.291,55.396],[10.242,55.401],[10.23,55.413]]]},"properties":{"code":"5491","name":"Blommenslyst"}},
{"type":"Feature","geometry":{"type":"Polygon","coordinates":[[[10.129,55.426],[10.096,55.431],[10.066,55.412],[10.1,55.362],[10.14,55.363],[10.157,55.356],[10.168,55.361],[10.169,55.361],[10.183,55.361],[10.197,55.377],[10.203,55.406],[10.129,55.426]]]},"properties":{"code":"5492","name":"Vissenbjerg"}},
{"type":"Feature","geometry":{"type":"Polygon","coordinates":[[[9.931,55.583],[9.855,55.587],[9.751,55.551],[9.744,55.513],[9.671,55.52],[9.654,55.494],[9.703,55.466],[9.719,55.478],[9.799,55.442],[9.85,55.484],[9.882,55.53],[9.912,55.546],[9.923,55.562],[9.931,55.583]]]},"properties":{"code":"5500","name":"Middelfart"}},
{"type":"Feature","geometry":{"type":"Polygon","coordinates":[[[10.645,55.412],[10.625,55.386],[10.645,55.372],[10.627,55.363],[10.615,55.324],[10.605,55.323],[10.614,55.301],[10.67,55.309],[10.718,55.329],[10.694,55.337],[10.713,55.37],[10.708,55.383],[10.731,55.407],[10.825,55.44],[10.737,55.446],[10.706,55.434],[10.685,55.409],[10.645,55.412]]]},"properties":{"code":"5540","name":"Ullerslev"}},
{"type":"Feature","geometry":{"type":"Polygon","coordinates":[[[10.556,55.326],[10.605,55.323],[10.615,55.324],[10.627,55.363],[10.645,55.372],[10.625,55.386],[10.58,55.391],[10.578,55.393],[10.557,55.387],[10.545,55.361],[10.576,55.344],[10.556,55.326]]]},"properties":{"code":"5550","name":"Langeskov"}},
{"type":"Feature","geometry":{"type":"Polygon","coordinates":[[[9.989,55.431],[10.003,55.392],[9.975,55.377],[9.942,55.38],[9.924,55.355],[9.947,55.344],[10.007,55.347],[10.024,55.346],[10.05,55.346],[10.051,55.346],[10.074,55.334],[10.127,55.329],[10.154,55.345],[10.155,55.345],[10.156,55.346],[10.157,55.356],[10.14,55.363],[10.1,55.362],[10.066,55.412],[10.096,55.431],[10.094,55.442],[10.093,55.445],[10.079,55.441],[10.012,55.429],[9.989,55.431]]]},"properties":{"code":"5560","name":"Aarup"}},
{"type":"Feature","geometry":{"type":"Polygon","coordinates":[[[9.943,55.473],[9.89,55.475],[9.85,55.484],[9.799,55.442],[9.719,55.478],[9.703,55.466],[9.713,55.438],[9.699,55.406],[9.725,55.401],[9.761,55.382],[9.831,55.396],[9.846,55.417],[9.899,55.44],[9.924,55.442],[9.943,55.472],[9.943,55.473]]]},"properties":{"code":"5580","name":"Nørre Aaby"}},
{"type":"Feature","geometry":{"type":"Polygon","coordinates":[[[9.978,55.437],[9.944,55.43],[9.93,55.408],[9.906,55.397],[9.881,55.368],[9.922,55.354],[9.923,55.355],[9.924,55.355],[9.942,55.38],[9.975,55.377],[10.003,55.392],[9.989,55.431],[9.98,55.436],[9.979,55.436],[9.978,55.437]]]},"properties":{"code":"5591","name":"Gelsted"}},
{"type":"Feature","geometry":{"type":"Polygon","coordinates":[[[9.975,55.456],[9.943,55.472],[9.924,55.442],[9.899,55.44],[9.846,55.417],[9.831,55.396],[9.761,55.382],[9.765,55.342],[9.836,55.337],[9.876,55.348],[9.9,55.339],[9.922,55.354],[9.881,55.368],[9.906,55.397],[9.93,55.408],[9.944,55.43],[9.978,55.437],[9.975,55.456]]]},"properties":{"code":"5592","name":"Ejby"}},
{"type":"Feature","geometry":{"type":"Polygon","coordinates":[[[10.325,55.199],[10.246,55.164],[10.235,55.184],[10.199,55.194],[10.154,55.175],[10.153,55.164],[10.199,55.152],[10.219,55.153],[10.219,55.125],[10.141,55.13],[10.061,55.116],[10.026,55.094],[9.97,55.073],[9.998,55.053],[10.045,55.029],[10.094,55.06],[10.15,55.071],[10.19,55.054],[10.24,55.053],[10.227,55.066],[10.244,55.079],[10.29,55.061],[10.271,55.046],[10.319,55.029],[10.369,55.029],[10.375,55.053],[10.403,55.097],[10.405,55.116],[10.395,55.123],[10.405,55.172],[10.385,55.187],[10.325,55.199]]]},"properties":{"code":"5600","name":"Faaborg"}},
{"type":"Feature","geometry":{"type":"Polygon","coordinates":[[[10.045,55.029],[10.109,54.982],[10.198,55.005],[10.24,55.053],[10.19,55.054],[10.15,55.071],[10.094,55.06],[10.045,55.029]]]},"properties":{"code":"5601","name":"Lyø"}},
{"type":"Feature","geometry":{"type":"Polygon","coordinates":[[[10.271,55.046],[10.24,55.053],[10.198,55.005],[10.297,54.974],[10.349,54.99],[10.376,55.024],[10.369,55.029],[10.319,55.029],[10.271,55.046]]]},"properties":{"code":"5602","name":"Avernakø"}},
{"type":"Feature","geometry":{"type":"Polygon","coordinates":[[[10.24,55.053],[10.271,55.046],[10.29,55.061],[10.244,55.079],[10.227,55.066],[10.24,55.053]]]},"properties":{"code":"5603","name":"Bjørnø"}},
{"type":"Feature","geometry":{"type":"Polygon","coordinates":[[[9.924,55.355],[9.923,55.355],[9.922,55.354],[9.9,55.339],[9.876,55.348],[9.836,55.337],[9.765,55.342],[9.761,55.382],[9.725,55.401],[9.699,55.406],[9.687,55.402],[9.662,55.371],[9.682,55.336],[9.728,55.314],[9.759,55.284],[9.824,55.265],[9.81,55.186],[9.817,55.177],[9.867,55.209],[9.921,55.229],[9.965,55.263],[10.019,55.257],[10.021,55.244],[10.054,55.276],[10.024,55.295],[10.013,55.328],[10.024,55.346],[10.007,55.347],[9.947,55.344],[9.924,55.355]]]},"properties":{"code":"5610","name":"Assens"}},
{"type":"Feature","geometry":{"type":"Polygon","coordinates":[[[10.024,55.346],[10.013,55.328],[10.024,55.295],[10.054,55.276],[10.021,55.244],[10.009,55.228],[10.083,55.223],[10.111,55.242],[10.15,55.246],[10.171,55.238],[10.176,55.265],[10.156,55.275],[10.133,55.308],[10.127,55.329],[10.074,55.334],[10.051,55.346],[10.05,55.346],[10.024,55.346]]]},"properties":{"code":"5620","name":"Glamsbjerg"}},
{"type":"Feature","geometry":{"type":"Polygon","coordinates":[[[10.061,55.116],[10.055,55.131],[10.066,55.153],[10.016,55.173],[10.012,55.192],[9.978,55.214],[10.009,55.228],[10.021,55.244],[10.019,55.257],[9.965,55.263],[9.921,55.229],[9.867,55.209],[9.817,55.177],[9.823,55.16],[9.898,55.098],[9.942,55.076],[9.97,55.073],[10.026,55.094],[10.061,55.116]]]},"properties":{"code":"5631","name":"Ebberup"}},
{"type":"Feature","geometry":{"type":"Polygon","coordinates":[[[10.154,55.175],[10.066,55.153],[10.055,55.131],[10.061,55.116],[10.141,55.13],[10.219,55.125],[10.219,55.153],[10.199,55.152],[10.153,55.164],[10.154,55.175]]]},"properties":{"code":"5642","name":"Millinge"}},
{"type":"Feature","geometry":{"type":"Polygon","coordinates":[[[10.279,55.298],[10.239,55.273],[10.176,55.265],[10.171,55.238],[10.219,55.213],[10.199,55.194],[10.235,55.184],[10.246,55.164],[10.325,55.199],[10.289,55.225],[10.332,55.242],[10.358,55.262],[10.341,55.292],[10.287,55.29],[10.279,55.298]]]},"properties":{"code":"5672","name":"Broby"}},
{"type":"Feature","geometry":{"type":"Polygon","coordinates":[[[10.199,55.194],[10.219,55.213],[10.171,55.238],[10.15,55.246],[10.111,55.242],[10.083,55.223],[10.009,55.228],[9.978,55.214],[10.012,55.192],[10.016,55.173],[10.066,55.153],[10.154,55.175],[10.199,55.194]]]},"properties":{"code":"5683","name":"Haarby"}},
{"type":"Feature","geometry":{"type":"Polygon","coordinates":[[[10.231,55.358],[10.212,55.367],[10.183,55.361],[10.169,55.361],[10.168,55.361],[10.157,55.356],[10.156,55.346],[10.155,55.345],[10.154,55.345],[10.127,55.329],[10.133,55.308],[10.156,55.275],[10.176,55.265],[10.239,55.273],[10.279,55.298],[10.292,55.317],[10.262,55.317],[10.259,55.348],[10.231,55.358]]]},"properties":{"code":"5690","name":"Tommerup"}},
{"type":"Feature","geometry":{"type":"Polygon","coordinates":[[[10.297,54.974],[10.332,54.95],[10.359,54.941],[10.38,54.944],[10.441,54.932],[10.474,54.943],[10.504,54.949],[10.55,54.935],[10.59,54.94],[10.618,54.934],[10.649,54.934],[10.671,54.962],[10.707,54.968],[10.723,54.979],[10.743,55.007],[10.776,55.038],[10.699,55.059],[10.653,55.075],[10.639,55.11],[10.622,55.131],[10.603,55.134],[10.579,55.104],[10.539,55.084],[10.516,55.069],[10.493,55.036],[10.461,55.025],[10.397,55.011],[10.376,55.024],[10.349,54.99],[10.297,54.974]]]},"properties":{"code":"5700","name":"Svendborg"}},
{"type":"Feature","geometry":{"type":"Polygon","coordinates":[[[10.405,55.116],[10.409,55.116],[10.428,55.139],[10.455,55.15],[10.46,55.163],[10.461,55.167],[10.464,55.172],[10.465,55.173],[10.466,55.173],[10.467,55.174],[10.468,55.173],[10.488,55.185],[10.489,55.185],[10.491,55.183],[10.492,55.182],[10.528,55.211],[10.545,55.218],[10.548,55.226],[10.525,55.235],[10.533,55.259],[10.549,55.258],[10.588,55.275],[10.588,55.291],[10.555,55.311],[10.517,55.285],[10.458,55.291],[10.414,55.262],[10.358,55.262],[10.332,55.242],[10.289,55.225],[10.325,55.199],[10.385,55.187],[10.405,55.172],[10.395,55.123],[10.405,55.116]]]},"properties":{"code":"5750","name":"Ringe"}},
{"type":"Feature","geometry":{"type":"Polygon","coordinates":[[[10.369,55.029],[10.376,55.024],[10.397,55.011],[10.461,55.025],[10.493,55.036],[10.516,55.069],[10.539,55.084],[10.501,55.096],[10.477,55.092],[10.463,55.107],[10.429,55.118],[10.409,55.116],[10.405,55.116],[10.403,55.097],[10.375,55.053],[10.369,55.029]]]},"properties":{"code":"5762","name":"Vester Skerninge"}},
{"type":"Feature","geometry":{"type":"Polygon","coordinates":[[[10.603,55.134],[10.588,55.15],[10.589,55.158],[10.551,55.156],[10.537,55.165],[10.49,55.161],[10.455,55.15],[10.428,55.139],[10.409,55.116],[10.429,55.118],[10.463,55.107],[10.477,55.092],[10.501,55.096],[10.539,55.084],[10.579,55.104],[10.603,55.134]]]},"properties":{"code":"5771","name":"Stenstrup"}},
{"type":"Feature","geometry":{"type":"Polygon","coordinates":[[[10.455,55.15],[10.49,55.161],[10.537,55.165],[10.551,55.156],[10.589,55.158],[10.619,55.194],[10.587,55.193],[10.545,55.218],[10.528,55.211],[10.492,55.182],[10.491,55.183],[10.489,55.185],[10.488,55.185],[10.468,55.173],[10.467,55.174],[10.466,55.173],[10.465,55.173],[10.464,55.172],[10.461,55.167],[10.46,55.163],[10.455,55.15]]]},"properties":{"code":"5772","name":"Kværndrup"}},
{"type":"Feature","geometry":{"type":"Polygon","coordinates":[[[10.457,55.311],[10.426,55.309],[10.407,55.334],[10.355,55.322],[10.334,55.308],[10.341,55.292],[10.358,55.262],[10.414,55.262],[10.458,55.291],[10.517,55.285],[10.555,55.311],[10.545,55.323],[10.495,55.323],[10.457,55.311]]]},"properties":{"code":"5792","name":"Årslev"}},
{"type":"Feature","geometry":{"type":"Polygon","coordinates":[[[10.932,55.436],[10.858,55.443],[10.825,55.44],[10.731,55.407],[10.708,55.383],[10.713,55.37],[10.694,55.337],[10.718,55.329],[10.696,55.299],[10.705,55.282],[10.73,55.274],[10.751,55.259],[10.776,55.257],[10.826,55.266],[10.873,55.254],[10.957,55.263],[10.885,55.334],[10.886,55.359],[10.911,55.41],[10.932,55.436]]]},"properties":{"code":"5800","name":"Nyborg"}},
{"type":"Feature","geometry":{"type":"Polygon","coordinates":[[[10.614,55.301],[10.588,55.291],[10.588,55.275],[10.549,55.258],[10.533,55.259],[10.599,55.232],[10.644,55.238],[10.661,55.217],[10.652,55.192],[10.682,55.184],[10.693,55.199],[10.722,55.213],[10.715,55.232],[10.693,55.24],[10.7,55.255],[10.73,55.274],[10.705,55.282],[10.696,55.299],[10.718,55.329],[10.67,55.309],[10.614,55.301]]]},"properties":{"code":"5853","name":"Ørbæk"}},
{"type":"Feature","geometry":{"type":"Polygon","coordinates":[[[10.545,55.218],[10.587,55.193],[10.619,55.194],[10.652,55.192],[10.661,55.217],[10.644,55.238],[10.599,55.232],[10.548,55.226],[10.545,55.218]]]},"properties":{"code":"5854","name":"Gislev"}},
{"type":"Feature","geometry":{"type":"Polygon","coordinates":[[[10.548,55.226],[10.599,55.232],[10.533,55.259],[10.525,55.235],[10.548,55.226]]]},"properties":{"code":"5856","name":"Ryslinge"}},
{"type":"Feature","geometry":{"type":"Polygon","coordinates":[[[10.545,55.323],[10.555,55.311],[10.588,55.291],[10.614,55.301],[10.605,55.323],[10.556,55.326],[10.545,55.323]]]},"properties":{"code":"5863","name":"Ferritslev Fyn"}},
{"type":"Feature","geometry":{"type":"Polygon","coordinates":[[[10.73,55.274],[10.7,55.255],[10.693,55.24],[10.715,55.232],[10.722,55.213],[10.755,55.201],[10.806,55.214],[10.843,55.215],[10.873,55.254],[10.826,55.266],[10.776,55.257],[10.751,55.259],[10.73,55.274]]]},"properties":{"code":"5871","name":"Frørup"}},
{"type":"Feature","geometry":{"type":"Polygon","coordinates":[[[10.957,55.263],[10.873,55.254],[10.843,55.215],[10.806,55.214],[10.755,55.201],[10.722,55.213],[10.693,55.199],[10.682,55.184],[10.688,55.183],[10.743,55.153],[10.739,55.139],[10.802,55.123],[10.833,55.121],[10.848,55.151],[10.872,55.177],[10.925,55.195],[11.022,55.235],[11.019,55.248],[10.957,55.263]]]},"properties":{"code":"5874","name":"Hesselager"}},
{"type":"Feature","geometry":{"type":"Polygon","coordinates":[[[10.776,55.038],[10.801,55.057],[10.809,55.075],[10.773,55.089],[10.741,55.089],[10.688,55.114],[10.639,55.11],[10.653,55.075],[10.699,55.059],[10.776,55.038]]]},"properties":{"code":"5881","name":"Skårup Fyn"}},
{"type":"Feature","geometry":{"type":"Polygon","coordinates":[[[10.639,55.11],[10.688,55.114],[10.741,55.089],[10.773,55.089],[10.809,55.075],[10.828,55.109],[10.772,55.106],[10.719,55.114],[10.7,55.126],[10.662,55.129],[10.622,55.131],[10.639,55.11]]]},"properties":{"code":"5882","name":"Vejstrup"}},
{"type":"Feature","geometry":{"type":"Polygon","coordinates":[[[10.739,55.139],[10.698,55.132],[10.674,55.14],[10.662,55.129],[10.7,55.126],[10.719,55.114],[10.772,55.106],[10.828,55.109],[10.833,55.121],[10.802,55.123],[10.739,55.139]]]},"properties":{"code":"5883","name":"Oure"}},
{"type":"Feature","geometry":{"type":"Polygon","coordinates":[[[10.688,55.183],[10.685,55.17],[10.685,55.169],[10.682,55.147],[10.682,55.146],[10.679,55.145],[10.673,55.145],[10.674,55.14],[10.698,55.132],[10.739,55.139],[10.743,55.153],[10.688,55.183]]]},"properties":{"code":"5884","name":"Gudme"}},
{"type":"Feature","geometry":{"type":"Polygon","coordinates":[[[10.622,55.131],[10.662,55.129],[10.674,55.14],[10.673,55.145],[10.679,55.145],[10.682,55.146],[10.682,55.147],[10.685,55.169],[10.685,55.17],[10.688,55.183],[10.682,55.184],[10.652,55.192],[10.619,55.194],[10.589,55.158],[10.588,55.15],[10.603,55.134],[10.622,55.131]]]},"properties":{"code":"5892","name":"Gudbjerg Sydfyn"}},
{"type":"Feature","geometry":{"type":"Polygon","coordinates":[[[10.921,54.891],[10.928,54.915],[10.834,54.939],[10.804,54.937],[10.768,54.952],[10.75,54.97],[10.723,54.979],[10.707,54.968],[10.671,54.962],[10.649,54.934],[10.618,54.934],[10.647,54.91],[10.627,54.87],[10.654,54.868],[10.72,54.848],[10.723,54.833],[10.781,54.837],[10.81,54.819],[10.869,54.802],[10.874,54.842],[10.921,54.891]]]},"properties":{"code":"5900","name":"Rudkøbing"}},
{"type":"Feature","geometry":{"type":"Polygon","coordinates":[[[10.869,54.802],[10.81,54.819],[10.781,54.837],[10.723,54.833],[10.72,54.848],[10.654,54.868],[10.627,54.87],[10.568,54.869],[10.567,54.857],[10.537,54.772],[10.525,54.763],[10.522,54.756],[10.604,54.762],[10.705,54.778],[10.721,54.772],[10.777,54.772],[10.868,54.754],[10.869,54.802]]]},"properties":{"code":"5932","name":"Humble"}},
{"type":"Feature","geometry":{"type":"Polygon","coordinates":[[[10.868,54.754],[10.777,54.772],[10.721,54.772],[10.705,54.778],[10.604,54.762],[10.522,54.756],[10.43,54.663],[10.372,54.618],[10.53,54.574],[10.611,54.549],[10.658,54.542],[10.731,54.545],[10.871,54.617],[10.902,54.635],[10.88,54.72],[10.868,54.754]]]},"properties":{"code":"5935","name":"Bagenkop"}},
{"type":"Feature","geometry":{"type":"Polygon","coordinates":[[[10.55,54.935],[10.546,54.919],[10.53,54.907],[10.541,54.883],[10.568,54.869],[10.627,54.87],[10.647,54.91],[10.618,54.934],[10.59,54.94],[10.55,54.935]]]},"properties":{"code":"5943","name":"Strynø"}},
{"type":"Feature","geometry":{"type":"Polygon","coordinates":[[[11.022,55.235],[10.925,55.195],[10.872,55.177],[10.848,55.151],[10.833,55.121],[10.828,55.109],[10.809,55.075],[10.801,55.057],[10.776,55.038],[10.743,55.007],[10.723,54.979],[10.75,54.97],[10.768,54.952],[10.804,54.937],[10.834,54.939],[10.928,54.915],[10.945,54.941],[10.988,54.971],[11.031,55.006],[11.094,55.05],[11.062,55.091],[11.05,55.121],[11.043,55.176],[11.042,55.214],[11.022,55.235]]]},"properties":{"code":"5953","name":"Tranekær"}},
{"type":"Feature","geometry":{"type":"Polygon","coordinates":[[[10.441,54.932],[10.448,54.923],[10.433,54.897],[10.437,54.882],[10.459,54.871],[10.452,54.855],[10.471,54.841],[10.474,54.815],[10.502,54.793],[10.525,54.763],[10.537,54.772],[10.567,54.857],[10.568,54.869],[10.541,54.883],[10.53,54.907],[10.546,54.919],[10.496,54.923],[10.474,54.943],[10.441,54.932]]]},"properties":{"code":"5960","name":"Marstal"}},
{"type":"Feature","geometry":{"type":"Polygon","coordinates":[[[10.474,54.943],[10.496,54.923],[10.546,54.919],[10.55,54.935],[10.504,54.949],[10.474,54.943]]]},"properties":{"code":"5965","name":"Birkholm"}},
{"type":"Feature","geometry":{"type":"Polygon","coordinates":[[[10.359,54.941],[10.357,54.915],[10.295,54.898],[10.28,54.905],[10.244,54.899],[10.182,54.867],[10.191,54.843],[10.195,54.797],[10.182,54.758],[10.216,54.754],[10.266,54.711],[10.353,54.631],[10.372,54.618],[10.43,54.663],[10.522,54.756],[10.525,54.763],[10.502,54.793],[10.474,54.815],[10.471,54.841],[10.452,54.855],[10.459,54.871],[10.437,54.882],[10.433,54.897],[10.448,54.923],[10.441,54.932],[10.38,54.944],[10.359,54.941]]]},"properties":{"code":"5970","name":"Ærøskøbing"}},
{"type":"Feature","geometry":{"type":"Polygon","coordinates":[[[10.109,54.982],[10.112,54.97],[10.182,54.867],[10.244,54.899],[10.28,54.905],[10.295,54.898],[10.357,54.915],[10.359,54.941],[10.332,54.95],[10.297,54.974],[10.198,55.005],[10.109,54.982]]]},"properties":{"code":"5985","name":"Søby Ærø"}},
{"type":"Feature","geometry":{"type":"Polygon","coordinates":[[[9.57,55.568],[9.559,55.574],[9.509,55.544],[9.483,55.55],[9.426,55.542],[9.419,55.539],[9.417,55.539],[9.4,55.536],[9.368,55.513],[9.364,55.491],[9.398,55.485],[9.399,55.46],[9.411,55.456],[9.454,55.413],[9.498,55.423],[9.526,55.43],[9.521,55.471],[9.544,55.474],[9.549,55.494],[9.584,55.491],[9.603,55.501],[9.576,55.529],[9.596,55.545],[9.571,55.568],[9.57,55.568]]]},"properties":{"code":"6000","name":"Kolding"}},
{"type":"Feature","geometry":{"type":"Polygon","coordinates":[[[9.426,55.542],[9.427,55.573],[9.429,55.574],[9.434,55.575],[9.45,55.576],[9.452,55.576],[9.453,55.576],[9.453,55.577],[9.455,55.581],[9.457,55.583],[9.465,55.586],[9.466,55.586],[9.472,55.593],[9.482,55.598],[9.483,55.599],[9.484,55.6],[9.489,55.604],[9.49,55.604],[9.491,55.605],[9.491,55.606],[9.491,55.605],[9.491,55.606],[9.491,55.607],[9.492,55.607],[9.492,55.608],[9.493,55.608],[9.493,55.609],[9.494,55.609],[9.494,55.61],[9.495,55.61],[9.495,55.611],[9.496,55.611],[9.496,55.612],[9.494,55.623],[9.494,55.624],[9.494,55.626],[9.494,55.627],[9.494,55.628],[9.494,55.63],[9.48,55.634],[9.475,55.634],[9.469,55.633],[9.468,55.633],[9.454,55.628],[9.446,55.628],[9.446,55.627],[9.444,55.624],[9.444,55.623],[9.444,55.622],[9.433,55.619],[9.43,55.621],[9.409,55.621],[9.41,55.621],[9.411,55.62],[9.41,55.619],[9.409,55.618],[9.407,55.617],[9.406,55.617],[9.4,55.616],[9.397,55.614],[9.397,55.615],[9.396,55.615],[9.395,55.615],[9.391,55.616],[9.39,55.616],[9.378,55.614],[9.376,55.613],[9.369,55.616],[9.346,55.627],[9.346,55.628],[9.346,55.635],[9.347,55.635],[9.352,55.638],[9.349,55.668],[9.349,55.671],[9.32,55.662],[9.309,55.651],[9.27,55.645],[9.235,55.66],[9.233,55.66],[9.221,55.656],[9.22,55.656],[9.221,55.655],[9.189,55.628],[9.185,55.618],[9.223,55.615],[9.232,55.594],[9.278,55.585],[9.321,55.584],[9.357,55.562],[9.364,55.56],[9.378,55.556],[9.379,55.555],[9.385,55.554],[9.402,55.548],[9.404,55.548],[9.4,55.536],[9.417,55.539],[9.419,55.539],[9.426,55.542]]]},"properties":{"code":"6040","name":"Egtved"}},
{"type":"Feature","geometry":{"type":"Polygon","coordinates":[[[9.559,55.574],[9.536,55.581],[9.532,55.57],[9.472,55.571],[9.452,55.571],[9.449,55.572],[9.45,55.576],[9.434,55.575],[9.429,55.574],[9.427,55.573],[9.426,55.542],[9.483,55.55],[9.509,55.544],[9.559,55.574]]]},"properties":{"code":"6051","name":"Almind"}},
{"type":"Feature","geometry":{"type":"Polygon","coordinates":[[[9.45,55.576],[9.449,55.572],[9.452,55.571],[9.472,55.571],[9.532,55.57],[9.536,55.581],[9.525,55.587],[9.511,55.621],[9.517,55.641],[9.516,55.641],[9.507,55.639],[9.506,55.639],[9.505,55.639],[9.499,55.63],[9.499,55.629],[9.496,55.628],[9.496,55.629],[9.495,55.629],[9.494,55.63],[9.494,55.628],[9.494,55.627],[9.494,55.626],[9.494,55.624],[9.494,55.623],[9.496,55.612],[9.496,55.611],[9.495,55.611],[9.495,55.61],[9.494,55.61],[9.494,55.609],[9.493,55.609],[9.493,55.608],[9.492,55.608],[9.492,55.607],[9.491,55.607],[9.491,55.606],[9.491,55.605],[9.491,55.606],[9.491,55.605],[9.49,55.604],[9.489,55.604],[9.484,55.6],[9.483,55.599],[9.482,55.598],[9.472,55.593],[9.466,55.586],[9.465,55.586],[9.457,55.583],[9.455,55.581],[9.453,55.577],[9.453,55.576],[9.452,55.576],[9.45,55.576]]]},"properties":{"code":"6052","name":"Viuf"}},
{"type":"Feature","geometry":{"type":"Polygon","coordinates":[[[9.278,55.585],[9.278,55.552],[9.262,55.536],[9.317,55.515],[9.364,55.515],[9.353,55.543],[9.357,55.562],[9.321,55.584],[9.278,55.585]]]},"properties":{"code":"6064","name":"Jordrup"}},
{"type":"Feature","geometry":{"type":"Polygon","coordinates":[[[9.454,55.413],[9.437,55.401],[9.403,55.396],[9.367,55.371],[9.366,55.371],[9.316,55.381],[9.322,55.348],[9.309,55.335],[9.351,55.33],[9.365,55.312],[9.415,55.31],[9.453,55.307],[9.493,55.316],[9.53,55.317],[9.549,55.336],[9.587,55.354],[9.588,55.366],[9.543,55.378],[9.504,55.383],[9.508,55.416],[9.498,55.423],[9.454,55.413]]]},"properties":{"code":"6070","name":"Christiansfeld"}},
{"type":"Feature","geometry":{"type":"Polygon","coordinates":[[[9.526,55.43],[9.554,55.421],[9.617,55.417],[9.595,55.44],[9.592,55.472],[9.609,55.484],[9.606,55.501],[9.603,55.501],[9.584,55.491],[9.549,55.494],[9.544,55.474],[9.521,55.471],[9.526,55.43]]]},"properties":{"code":"6091","name":"Bjert"}},
{"type":"Feature","geometry":{"type":"Polygon","coordinates":[[[9.654,55.494],[9.629,55.505],[9.606,55.501],[9.609,55.484],[9.592,55.472],[9.595,55.44],[9.617,55.417],[9.621,55.416],[9.687,55.402],[9.699,55.406],[9.713,55.438],[9.703,55.466],[9.654,55.494]]]},"properties":{"code":"6092","name":"Sønder Stenderup"}},
{"type":"Feature","geometry":{"type":"Polygon","coordinates":[[[9.498,55.423],[9.508,55.416],[9.504,55.383],[9.543,55.378],[9.553,55.392],[9.621,55.416],[9.617,55.417],[9.554,55.421],[9.526,55.43],[9.498,55.423]]]},"properties":{"code":"6093","name":"Sjølund"}},
{"type":"Feature","geometry":{"type":"Polygon","coordinates":[[[9.687,55.402],[9.621,55.416],[9.553,55.392],[9.543,55.378],[9.588,55.366],[9.587,55.354],[9.662,55.371],[9.687,55.402]]]},"properties":{"code":"6094","name":"Hejls"}},
{"type":"Feature","geometry":{"type":"Polygon","coordinates":[[[9.662,55.371],[9.587,55.354],[9.549,55.336],[9.53,55.317],[9.493,55.316],[9.453,55.307],[9.415,55.31],[9.4,55.288],[9.42,55.268],[9.411,55.208],[9.423,55.175],[9.41,55.154],[9.456,55.146],[9.479,55.124],[9.529,55.119],[9.542,55.144],[9.604,55.151],[9.657,55.126],[9.823,55.16],[9.817,55.177],[9.81,55.186],[9.824,55.265],[9.759,55.284],[9.728,55.314],[9.682,55.336],[9.662,55.371]]]},"properties":{"code":"6100","name":"Haderslev"}},
{"type":"Feature","geometry":{"type":"Polygon","coordinates":[[[9.479,55.124],[9.453,55.11],[9.372,55.088],[9.355,55.056],[9.358,55.031],[9.385,55.022],[9.365,55.005],[9.349,54.997],[9.368,54.968],[9.344,54.95],[9.328,54.957],[9.284,54.93],[9.324,54.91],[9.35,54.909],[9.376,54.921],[9.425,54.925],[9.436,54.909],[9.468,54.908],[9.471,54.926],[9.496,54.95],[9.52,54.96],[9.551,54.942],[9.583,54.956],[9.609,54.977],[9.631,55.006],[9.638,55.022],[9.606,55.055],[9.598,55.073],[9.613,55.091],[9.565,55.099],[9.529,55.119],[9.479,55.124]]]},"properties":{"code":"6200","name":"Aabenraa"}},
{"type":"Feature","geometry":{"type":"Polygon","coordinates":[[[9.529,55.119],[9.565,55.099],[9.613,55.091],[9.657,55.126],[9.604,55.151],[9.542,55.144],[9.529,55.119]]]},"properties":{"code":"6210","name":"Barsø"}},
{"type":"Feature","geometry":{"type":"Polygon","coordinates":[[[9.41,55.154],[9.39,55.15],[9.299,55.166],[9.293,55.143],[9.272,55.131],[9.249,55.139],[9.247,55.122],[9.192,55.092],[9.145,55.098],[9.112,55.083],[9.135,55.08],[9.141,55.057],[9.172,55.041],[9.21,55.032],[9.215,55.019],[9.338,55.011],[9.365,55.005],[9.385,55.022],[9.358,55.031],[9.355,55.056],[9.372,55.088],[9.453,55.11],[9.479,55.124],[9.456,55.146],[9.41,55.154]]]},"properties":{"code":"6230","name":"Rødekro"}},
{"type":"Feature","geometry":{"type":"Polygon","coordinates":[[[9.112,55.083],[9.033,55.097],[9.034,55.111],[8.99,55.119],[8.983,55.128],[8.908,55.136],[8.908,55.108],[8.883,55.103],[8.867,55.081],[8.871,55.033],[8.889,55.018],[8.94,55.012],[8.956,55.003],[8.973,54.971],[9.041,54.967],[9.094,54.981],[9.076,54.999],[9.073,55.02],[9.088,55.033],[9.141,55.057],[9.135,55.08],[9.112,55.083]]]},"properties":{"code":"6240","name":"Løgumkloster"}},
{"type":"Feature","geometry":{"type":"Polygon","coordinates":[[[8.867,55.081],[8.74,55.108],[8.702,55.109],[8.705,55.154],[8.695,55.161],[8.633,55.16],[8.61,55.076],[8.589,55.055],[8.675,55.036],[8.734,55.042],[8.771,54.989],[8.825,54.992],[8.812,55.031],[8.836,55.037],[8.871,55.033],[8.867,55.081]]]},"properties":{"code":"6261","name":"Bredebro"}},
{"type":"Feature","geometry":{"type":"Polygon","coordinates":[[[8.871,55.033],[8.836,55.037],[8.812,55.031],[8.825,54.992],[8.827,54.98],[8.742,54.937],[8.769,54.925],[8.761,54.909],[8.776,54.895],[8.799,54.905],[8.837,54.905],[8.849,54.897],[8.892,54.905],[8.948,54.903],[9.027,54.881],[9.037,54.907],[9.015,54.915],[9.007,54.939],[9.028,54.944],[9.041,54.967],[8.973,54.971],[8.956,55.003],[8.94,55.012],[8.889,55.018],[8.871,55.033]]]},"properties":{"code":"6270","name":"Tønder"}},
{"type":"Feature","geometry":{"type":"Polygon","coordinates":[[[8.589,55.055],[8.502,55],[8.557,54.993],[8.555,54.921],[8.66,54.909],[8.687,54.909],[8.728,54.893],[8.776,54.895],[8.761,54.909],[8.769,54.925],[8.742,54.937],[8.827,54.98],[8.825,54.992],[8.771,54.989],[8.734,55.042],[8.675,55.036],[8.589,55.055]]]},"properties":{"code":"6280","name":"Højer"}},
{"type":"Feature","geometry":{"type":"Polygon","coordinates":[[[9.468,54.908],[9.502,54.904],[9.54,54.863],[9.584,54.886],[9.603,54.885],[9.591,54.898],[9.627,54.921],[9.634,54.924],[9.632,54.945],[9.583,54.956],[9.551,54.942],[9.52,54.96],[9.496,54.95],[9.471,54.926],[9.468,54.908]]]},"properties":{"code":"6300","name":"Gråsten"}},
{"type":"Feature","geometry":{"type":"Polygon","coordinates":[[[9.627,54.921],[9.638,54.911],[9.617,54.882],[9.606,54.855],[9.741,54.823],[9.833,54.835],[9.821,54.857],[9.771,54.883],[9.718,54.895],[9.701,54.905],[9.634,54.924],[9.627,54.921]]]},"properties":{"code":"6310","name":"Broager"}},
{"type":"Feature","geometry":{"type":"Polygon","coordinates":[[[9.603,54.885],[9.617,54.882],[9.638,54.911],[9.627,54.921],[9.591,54.898],[9.603,54.885]]]},"properties":{"code":"6320","name":"Egernsund"}},
{"type":"Feature","geometry":{"type":"Polygon","coordinates":[[[9.35,54.909],[9.318,54.886],[9.287,54.887],[9.232,54.861],[9.24,54.85],[9.235,54.835],[9.25,54.81],[9.27,54.812],[9.342,54.804],[9.371,54.82],[9.383,54.839],[9.372,54.856],[9.378,54.89],[9.42,54.893],[9.436,54.909],[9.425,54.925],[9.376,54.921],[9.35,54.909]]]},"properties":{"code":"6330","name":"Padborg"}},
{"type":"Feature","geometry":{"type":"Polygon","coordinates":[[[9.436,54.909],[9.42,54.893],[9.378,54.89],[9.372,54.856],[9.383,54.839],[9.411,54.842],[9.437,54.827],[9.499,54.842],[9.54,54.863],[9.502,54.904],[9.468,54.908],[9.436,54.909]]]},"properties":{"code":"6340","name":"Kruså"}},
{"type":"Feature","geometry":{"type":"Polygon","coordinates":[[[9.349,54.997],[9.309,54.987],[9.291,54.974],[9.244,54.98],[9.212,54.955],[9.167,54.975],[9.123,54.953],[9.14,54.921],[9.112,54.918],[9.114,54.874],[9.155,54.871],[9.24,54.85],[9.232,54.861],[9.287,54.887],[9.318,54.886],[9.35,54.909],[9.324,54.91],[9.284,54.93],[9.328,54.957],[9.344,54.95],[9.368,54.968],[9.349,54.997]]]},"properties":{"code":"6360","name":"Tinglev"}},
{"type":"Feature","geometry":{"type":"Polygon","coordinates":[[[9.141,55.057],[9.088,55.033],[9.073,55.02],[9.076,54.999],[9.094,54.981],[9.041,54.967],[9.028,54.944],[9.007,54.939],[9.015,54.915],[9.037,54.907],[9.027,54.881],[9.048,54.872],[9.114,54.874],[9.112,54.918],[9.14,54.921],[9.123,54.953],[9.167,54.975],[9.18,54.998],[9.215,55.019],[9.21,55.032],[9.172,55.041],[9.141,55.057]]]},"properties":{"code":"6372","name":"Bylderup-Bov"}},
{"type":"Feature","geometry":{"type":"Polygon","coordinates":[[[9.365,55.005],[9.338,55.011],[9.215,55.019],[9.18,54.998],[9.167,54.975],[9.212,54.955],[9.244,54.98],[9.291,54.974],[9.309,54.987],[9.349,54.997],[9.365,55.005]]]},"properties":{"code":"6392","name":"Bolderslev"}},
{"type":"Feature","geometry":{"type":"Polygon","coordinates":[[[9.583,54.956],[9.632,54.945],[9.634,54.924],[9.701,54.905],[9.718,54.895],[9.771,54.883],[9.821,54.857],[9.841,54.877],[9.874,54.892],[9.865,54.901],[9.874,54.935],[9.838,54.942],[9.815,54.969],[9.784,54.975],[9.75,54.996],[9.702,54.997],[9.638,55.022],[9.631,55.006],[9.609,54.977],[9.583,54.956]]]},"properties":{"code":"6400","name":"Sønderborg"}},
{"type":"Feature","geometry":{"type":"Polygon","coordinates":[[[9.97,55.073],[9.942,55.076],[9.898,55.098],[9.823,55.16],[9.657,55.126],[9.613,55.091],[9.598,55.073],[9.606,55.055],[9.638,55.022],[9.702,54.997],[9.75,54.996],[9.784,54.975],[9.815,54.969],[9.882,54.972],[9.91,54.998],[9.933,54.999],[9.998,55.053],[9.97,55.073]]]},"properties":{"code":"6430","name":"Nordborg"}},
{"type":"Feature","geometry":{"type":"Polygon","coordinates":[[[9.998,55.053],[9.933,54.999],[9.91,54.998],[9.882,54.972],[9.815,54.969],[9.838,54.942],[9.874,54.935],[9.889,54.944],[9.951,54.945],[9.953,54.946],[9.954,54.946],[10.02,54.949],[10.023,54.95],[10.112,54.97],[10.109,54.982],[10.045,55.029],[9.998,55.053]]]},"properties":{"code":"6440","name":"Augustenborg"}},
{"type":"Feature","geometry":{"type":"Polygon","coordinates":[[[10.182,54.867],[10.112,54.97],[10.023,54.95],[10.02,54.949],[9.954,54.946],[9.953,54.946],[9.951,54.945],[9.889,54.944],[9.874,54.935],[9.865,54.901],[9.874,54.892],[9.841,54.877],[9.821,54.857],[9.833,54.835],[9.894,54.842],[10.052,54.766],[10.182,54.758],[10.195,54.797],[10.191,54.843],[10.182,54.867]]]},"properties":{"code":"6470","name":"Sydals"}},
{"type":"Feature","geometry":{"type":"Polygon","coordinates":[[[9.365,55.312],[9.356,55.3],[9.297,55.29],[9.246,55.298],[9.199,55.297],[9.177,55.29],[9.108,55.297],[9.107,55.293],[9.105,55.262],[9.075,55.241],[9.131,55.235],[9.185,55.228],[9.253,55.213],[9.246,55.197],[9.251,55.167],[9.232,55.152],[9.249,55.139],[9.272,55.131],[9.293,55.143],[9.299,55.166],[9.39,55.15],[9.41,55.154],[9.423,55.175],[9.411,55.208],[9.42,55.268],[9.4,55.288],[9.415,55.31],[9.365,55.312]]]},"properties":{"code":"6500","name":"Vojens"}},
{"type":"Feature","geometry":{"type":"Polygon","coordinates":[[[9.108,55.297],[9.11,55.335],[9.055,55.316],[9.042,55.327],[8.975,55.338],[8.94,55.313],[8.892,55.323],[8.927,55.296],[8.908,55.279],[8.939,55.273],[8.936,55.221],[8.937,55.196],[8.963,55.192],[8.98,55.208],[8.981,55.209],[8.982,55.21],[9.003,55.217],[9.004,55.219],[9.02,55.23],[9.075,55.241],[9.105,55.262],[9.107,55.293],[9.108,55.297]]]},"properties":{"code":"6510","name":"Gram"}},
{"type":"Feature","geometry":{"type":"Polygon","coordinates":[[[8.983,55.128],[9.008,55.136],[9.04,55.134],[9.068,55.145],[9.098,55.139],[9.155,55.173],[9.127,55.181],[9.137,55.204],[9.124,55.214],[9.131,55.235],[9.075,55.241],[9.02,55.23],[9.004,55.219],[9.003,55.217],[8.982,55.21],[8.981,55.209],[8.98,55.208],[8.963,55.192],[8.937,55.196],[8.891,55.178],[8.895,55.146],[8.908,55.136],[8.983,55.128]]]},"properties":{"code":"6520","name":"Toftlund"}},
{"type":"Feature","geometry":{"type":"Polygon","coordinates":[[[9.249,55.139],[9.232,55.152],[9.189,55.153],[9.155,55.173],[9.098,55.139],[9.096,55.104],[9.145,55.098],[9.192,55.092],[9.247,55.122],[9.249,55.139]]]},"properties":{"code":"6534","name":"Agerskov"}},
{"type":"Feature","geometry":{"type":"Polygon","coordinates":[[[9.145,55.098],[9.096,55.104],[9.098,55.139],[9.068,55.145],[9.04,55.134],[9.008,55.136],[8.983,55.128],[8.99,55.119],[9.034,55.111],[9.033,55.097],[9.112,55.083],[9.145,55.098]]]},"properties":{"code":"6535","name":"Branderup J"}},
{"type":"Feature","geometry":{"type":"Polygon","coordinates":[[[9.131,55.235],[9.124,55.214],[9.137,55.204],[9.127,55.181],[9.155,55.173],[9.189,55.153],[9.232,55.152],[9.251,55.167],[9.246,55.197],[9.253,55.213],[9.185,55.228],[9.131,55.235]]]},"properties":{"code":"6541","name":"Bevtoft"}},
{"type":"Feature","geometry":{"type":"Polygon","coordinates":[[[9.316,55.381],[9.288,55.381],[9.253,55.382],[9.215,55.334],[9.199,55.341],[9.182,55.304],[9.199,55.297],[9.246,55.298],[9.297,55.29],[9.356,55.3],[9.365,55.312],[9.351,55.33],[9.309,55.335],[9.322,55.348],[9.316,55.381]]]},"properties":{"code":"6560","name":"Sommersted"}},
{"type":"Feature","geometry":{"type":"Polygon","coordinates":[[[9.399,55.46],[9.36,55.454],[9.358,55.454],[9.35,55.454],[9.347,55.454],[9.346,55.454],[9.342,55.452],[9.339,55.451],[9.338,55.451],[9.337,55.451],[9.313,55.447],[9.253,55.461],[9.217,55.437],[9.217,55.423],[9.222,55.42],[9.23,55.4],[9.284,55.39],[9.288,55.381],[9.316,55.381],[9.366,55.371],[9.367,55.371],[9.403,55.396],[9.437,55.401],[9.454,55.413],[9.411,55.456],[9.399,55.46]]]},"properties":{"code":"6580","name":"Vamdrup"}},
{"type":"Feature","geometry":{"type":"Polygon","coordinates":[[[9.232,55.594],[9.198,55.591],[9.214,55.574],[9.203,55.561],[9.202,55.551],[9.238,55.538],[9.26,55.519],[9.258,55.519],[9.204,55.507],[9.193,55.513],[9.192,55.514],[9.153,55.517],[9.147,55.534],[9.08,55.551],[9.05,55.561],[9.039,55.542],[9.043,55.511],[9.043,55.51],[9.045,55.494],[9.035,55.47],[9.052,55.454],[9.042,55.439],[9.069,55.434],[9.115,55.437],[9.166,55.45],[9.167,55.45],[9.174,55.451],[9.175,55.451],[9.217,55.437],[9.253,55.461],[9.272,55.49],[9.293,55.491],[9.294,55.491],[9.296,55.492],[9.297,55.493],[9.303,55.498],[9.262,55.536],[9.278,55.552],[9.278,55.585],[9.232,55.594]]]},"properties":{"code":"6600","name":"Vejen"}},
{"type":"Feature","geometry":{"type":"Polygon","coordinates":[[[9.203,55.561],[9.149,55.551],[9.147,55.534],[9.153,55.517],[9.192,55.514],[9.193,55.513],[9.204,55.507],[9.258,55.519],[9.26,55.519],[9.238,55.538],[9.202,55.551],[9.203,55.561]]]},"properties":{"code":"6621","name":"Gesten"}},
{"type":"Feature","geometry":{"type":"Polygon","coordinates":[[[9.185,55.618],[9.154,55.615],[9.082,55.594],[9.092,55.572],[9.08,55.551],[9.147,55.534],[9.149,55.551],[9.203,55.561],[9.214,55.574],[9.198,55.591],[9.232,55.594],[9.223,55.615],[9.185,55.618]]]},"properties":{"code":"6622","name":"Bække"}},
{"type":"Feature","geometry":{"type":"Polygon","coordinates":[[[9.189,55.628],[9.159,55.629],[9.157,55.665],[9.125,55.678],[9.129,55.695],[9.09,55.704],[9.067,55.69],[9.067,55.666],[9.04,55.653],[9.012,55.666],[8.97,55.655],[8.977,55.623],[8.993,55.606],[9.069,55.601],[9.082,55.594],[9.154,55.615],[9.185,55.618],[9.189,55.628]]]},"properties":{"code":"6623","name":"Vorbasse"}},
{"type":"Feature","geometry":{"type":"Polygon","coordinates":[[[9.199,55.297],[9.182,55.304],[9.199,55.341],[9.215,55.334],[9.253,55.382],[9.288,55.381],[9.284,55.39],[9.23,55.4],[9.222,55.42],[9.217,55.423],[9.217,55.437],[9.175,55.451],[9.174,55.451],[9.167,55.45],[9.166,55.45],[9.115,55.437],[9.069,55.434],[9.042,55.439],[9.005,55.441],[9.031,55.437],[9.042,55.42],[9.024,55.399],[8.988,55.389],[8.988,55.377],[8.933,55.381],[8.911,55.381],[8.896,55.365],[8.882,55.353],[8.882,55.352],[8.899,55.341],[8.892,55.323],[8.94,55.313],[8.975,55.338],[9.042,55.327],[9.055,55.316],[9.11,55.335],[9.108,55.297],[9.177,55.29],[9.199,55.297]]]},"properties":{"code":"6630","name":"Rødding"}},
{"type":"Feature","geometry":{"type":"Polygon","coordinates":[[[9.4,55.536],[9.404,55.548],[9.402,55.548],[9.385,55.554],[9.379,55.555],[9.378,55.556],[9.364,55.56],[9.357,55.562],[9.353,55.543],[9.364,55.515],[9.317,55.515],[9.262,55.536],[9.303,55.498],[9.297,55.493],[9.296,55.492],[9.294,55.491],[9.293,55.491],[9.272,55.49],[9.253,55.461],[9.313,55.447],[9.337,55.451],[9.338,55.451],[9.339,55.451],[9.342,55.452],[9.346,55.454],[9.347,55.454],[9.35,55.454],[9.358,55.454],[9.36,55.454],[9.399,55.46],[9.398,55.485],[9.364,55.491],[9.368,55.513],[9.4,55.536]]]},"properties":{"code":"6640","name":"Lunderskov"}},
{"type":"Feature","geometry":{"type":"Polygon","coordinates":[[[9.08,55.551],[9.092,55.572],[9.082,55.594],[9.069,55.601],[8.993,55.606],[8.998,55.594],[8.955,55.574],[8.954,55.554],[8.97,55.541],[8.95,55.518],[8.947,55.498],[8.965,55.465],[8.973,55.436],[9.005,55.441],[9.042,55.439],[9.052,55.454],[9.035,55.47],[9.045,55.494],[9.043,55.51],[9.043,55.511],[9.039,55.542],[9.05,55.561],[9.08,55.551]]]},"properties":{"code":"6650","name":"Brørup"}},
{"type":"Feature","geometry":{"type":"Polygon","coordinates":[[[9.005,55.441],[8.973,55.436],[8.92,55.409],[8.933,55.381],[8.988,55.377],[8.988,55.389],[9.024,55.399],[9.042,55.42],[9.031,55.437],[9.005,55.441]]]},"properties":{"code":"6660","name":"Lintrup"}},
{"type":"Feature","geometry":{"type":"Polygon","coordinates":[[[8.955,55.574],[8.91,55.573],[8.877,55.596],[8.874,55.591],[8.906,55.55],[8.875,55.545],[8.877,55.531],[8.827,55.528],[8.823,55.52],[8.859,55.508],[8.861,55.471],[8.87,55.459],[8.965,55.465],[8.947,55.498],[8.95,55.518],[8.97,55.541],[8.954,55.554],[8.955,55.574]]]},"properties":{"code":"6670","name":"Holsted"}},
{"type":"Feature","geometry":{"type":"Polygon","coordinates":[[[8.977,55.623],[8.926,55.628],[8.887,55.645],[8.909,55.62],[8.892,55.606],[8.877,55.596],[8.91,55.573],[8.955,55.574],[8.998,55.594],[8.993,55.606],[8.977,55.623]]]},"properties":{"code":"6682","name":"Hovborg"}},
{"type":"Feature","geometry":{"type":"Polygon","coordinates":[[[8.965,55.465],[8.87,55.459],[8.861,55.471],[8.846,55.438],[8.86,55.436],[8.867,55.408],[8.92,55.409],[8.973,55.436],[8.965,55.465]]]},"properties":{"code":"6683","name":"Føvling"}},
{"type":"Feature","geometry":{"type":"Polygon","coordinates":[[[8.859,55.508],[8.79,55.501],[8.759,55.508],[8.751,55.478],[8.778,55.471],[8.755,55.449],[8.774,55.439],[8.839,55.429],[8.846,55.438],[8.861,55.471],[8.859,55.508]]]},"properties":{"code":"6690","name":"Gørding"}},
{"type":"Feature","geometry":{"type":"Polygon","coordinates":[[[8.487,55.434],[8.482,55.447],[8.506,55.473],[8.463,55.477],[8.46,55.496],[8.436,55.488],[8.381,55.481],[8.415,55.468],[8.439,55.447],[8.487,55.434]]]},"properties":{"code":"6700","name":"Esbjerg"}},
{"type":"Feature","geometry":{"type":"Polygon","coordinates":[[[8.487,55.434],[8.534,55.413],[8.547,55.484],[8.538,55.488],[8.542,55.491],[8.558,55.488],[8.577,55.5],[8.619,55.499],[8.619,55.5],[8.618,55.501],[8.627,55.512],[8.675,55.518],[8.684,55.543],[8.661,55.547],[8.6,55.53],[8.507,55.522],[8.46,55.496],[8.463,55.477],[8.506,55.473],[8.482,55.447],[8.487,55.434]]]},"properties":{"code":"6705","name":"Esbjerg Ø"}},
{"type":"Feature","geometry":{"type":"Polygon","coordinates":[[[8.436,55.488],[8.426,55.51],[8.446,55.527],[8.435,55.553],[8.403,55.557],[8.411,55.572],[8.357,55.597],[8.329,55.583],[8.274,55.58],[8.262,55.566],[8.285,55.53],[8.323,55.525],[8.346,55.496],[8.341,55.482],[8.381,55.481],[8.436,55.488]]]},"properties":{"code":"6710","name":"Esbjerg V"}},
{"type":"Feature","geometry":{"type":"Polygon","coordinates":[[[8.46,55.496],[8.507,55.522],[8.6,55.53],[8.598,55.545],[8.573,55.56],[8.566,55.568],[8.565,55.57],[8.546,55.584],[8.471,55.585],[8.461,55.567],[8.435,55.553],[8.446,55.527],[8.426,55.51],[8.436,55.488],[8.46,55.496]]]},"properties":{"code":"6715","name":"Esbjerg N"}},
{"type":"Feature","geometry":{"type":"Polygon","coordinates":[[[8.381,55.481],[8.341,55.482],[8.329,55.467],[8.273,55.424],[6.586,55.353],[7.55,55.165],[7.797,55.191],[8.031,55.209],[8.299,55.233],[8.401,55.273],[8.576,55.339],[8.556,55.387],[8.534,55.413],[8.487,55.434],[8.439,55.447],[8.415,55.468],[8.381,55.481]]]},"properties":{"code":"6720","name":"Fanø"}},
{"type":"Feature","geometry":{"type":"Polygon","coordinates":[[[8.534,55.413],[8.556,55.387],[8.582,55.394],[8.646,55.453],[8.637,55.483],[8.619,55.499],[8.577,55.5],[8.558,55.488],[8.542,55.491],[8.538,55.488],[8.547,55.484],[8.534,55.413]]]},"properties":{"code":"6731","name":"Tjæreborg"}},
{"type":"Feature","geometry":{"type":"Polygon","coordinates":[[[8.823,55.52],[8.801,55.537],[8.762,55.553],[8.718,55.532],[8.68,55.549],[8.676,55.548],[8.679,55.545],[8.681,55.544],[8.684,55.543],[8.675,55.518],[8.627,55.512],[8.618,55.501],[8.619,55.5],[8.619,55.499],[8.637,55.483],[8.646,55.453],[8.582,55.394],[8.709,55.41],[8.723,55.421],[8.768,55.421],[8.774,55.439],[8.755,55.449],[8.778,55.471],[8.751,55.478],[8.759,55.508],[8.79,55.501],[8.859,55.508],[8.823,55.52]]]},"properties":{"code":"6740","name":"Bramming"}},
{"type":"Feature","geometry":{"type":"Polygon","coordinates":[[[8.874,55.591],[8.87,55.596],[8.776,55.58],[8.775,55.578],[8.768,55.562],[8.762,55.553],[8.801,55.537],[8.823,55.52],[8.827,55.528],[8.877,55.531],[8.875,55.545],[8.906,55.55],[8.874,55.591]]]},"properties":{"code":"6752","name":"Glejbjerg"}},
{"type":"Feature","geometry":{"type":"Polygon","coordinates":[[[8.877,55.596],[8.892,55.606],[8.868,55.621],[8.82,55.629],[8.784,55.618],[8.762,55.631],[8.745,55.631],[8.756,55.609],[8.756,55.608],[8.773,55.583],[8.776,55.58],[8.87,55.596],[8.874,55.591],[8.877,55.596]]]},"properties":{"code":"6753","name":"Agerbæk"}},
{"type":"Feature","geometry":{"type":"Polygon","coordinates":[[[8.892,55.323],[8.899,55.341],[8.882,55.352],[8.882,55.353],[8.896,55.365],[8.911,55.381],[8.933,55.381],[8.92,55.409],[8.867,55.408],[8.864,55.409],[8.854,55.41],[8.852,55.409],[8.851,55.409],[8.828,55.415],[8.817,55.397],[8.748,55.381],[8.708,55.381],[8.707,55.381],[8.696,55.377],[8.683,55.375],[8.644,55.364],[8.632,55.351],[8.576,55.339],[8.401,55.273],[8.299,55.233],[8.455,55.207],[8.488,55.22],[8.593,55.223],[8.666,55.241],[8.736,55.243],[8.737,55.243],[8.795,55.238],[8.86,55.225],[8.907,55.228],[8.908,55.227],[8.936,55.221],[8.939,55.273],[8.908,55.279],[8.927,55.296],[8.892,55.323]]]},"properties":{"code":"6760","name":"Ribe"}},
{"type":"Feature","geometry":{"type":"Polygon","coordinates":[[[8.846,55.438],[8.839,55.429],[8.774,55.439],[8.768,55.421],[8.723,55.421],[8.709,55.41],[8.582,55.394],[8.556,55.387],[8.576,55.339],[8.632,55.351],[8.644,55.364],[8.683,55.375],[8.696,55.377],[8.707,55.381],[8.708,55.381],[8.748,55.381],[8.817,55.397],[8.828,55.415],[8.851,55.409],[8.852,55.409],[8.854,55.41],[8.864,55.409],[8.867,55.408],[8.86,55.436],[8.846,55.438]]]},"properties":{"code":"6771","name":"Gredstedbro"}},
{"type":"Feature","geometry":{"type":"Polygon","coordinates":[[[8.908,55.136],[8.895,55.146],[8.891,55.178],[8.937,55.196],[8.936,55.221],[8.908,55.227],[8.907,55.228],[8.86,55.225],[8.795,55.238],[8.737,55.243],[8.736,55.243],[8.666,55.241],[8.593,55.223],[8.64,55.187],[8.633,55.16],[8.695,55.161],[8.705,55.154],[8.702,55.109],[8.74,55.108],[8.867,55.081],[8.883,55.103],[8.908,55.108],[8.908,55.136]]]},"properties":{"code":"6780","name":"Skærbæk"}},
{"type":"Feature","geometry":{"type":"Polygon","coordinates":[[[8.633,55.16],[8.64,55.187],[8.593,55.223],[8.488,55.22],[8.455,55.207],[8.299,55.233],[8.031,55.209],[7.797,55.191],[7.55,55.165],[8.041,55.097],[8.301,55.063],[8.397,55.069],[8.473,55.054],[8.474,55.025],[8.502,55],[8.589,55.055],[8.61,55.076],[8.633,55.16]]]},"properties":{"code":"6792","name":"Rømø"}},
{"type":"Feature","geometry":{"type":"Polygon","coordinates":[[[8.435,55.553],[8.461,55.567],[8.471,55.585],[8.546,55.584],[8.553,55.593],[8.554,55.597],[8.569,55.606],[8.57,55.606],[8.636,55.598],[8.636,55.597],[8.644,55.602],[8.645,55.602],[8.704,55.612],[8.699,55.626],[8.745,55.631],[8.762,55.631],[8.775,55.675],[8.758,55.678],[8.692,55.673],[8.671,55.681],[8.636,55.673],[8.615,55.69],[8.562,55.717],[8.578,55.728],[8.571,55.747],[8.548,55.77],[8.503,55.779],[8.462,55.781],[8.415,55.795],[8.393,55.765],[8.454,55.744],[8.469,55.725],[8.467,55.707],[8.44,55.704],[8.419,55.681],[8.377,55.674],[8.418,55.658],[8.432,55.639],[8.43,55.62],[8.385,55.607],[8.365,55.61],[8.357,55.597],[8.411,55.572],[8.403,55.557],[8.435,55.553]]]},"properties":{"code":"6800","name":"Varde"}},
{"type":"Feature","geometry":{"type":"Polygon","coordinates":[[[8.684,55.543],[8.681,55.544],[8.679,55.545],[8.676,55.548],[8.68,55.549],[8.718,55.532],[8.762,55.553],[8.768,55.562],[8.775,55.578],[8.776,55.58],[8.773,55.583],[8.756,55.608],[8.756,55.609],[8.745,55.631],[8.699,55.626],[8.704,55.612],[8.645,55.602],[8.644,55.602],[8.636,55.597],[8.636,55.598],[8.57,55.606],[8.569,55.606],[8.554,55.597],[8.553,55.593],[8.546,55.584],[8.565,55.57],[8.566,55.568],[8.573,55.56],[8.598,55.545],[8.6,55.53],[8.661,55.547],[8.684,55.543]]]},"properties":{"code":"6818","name":"Årre"}},
{"type":"Feature","geometry":{"type":"Polygon","coordinates":[[[8.775,55.675],[8.828,55.723],[8.83,55.743],[8.78,55.758],[8.753,55.758],[8.75,55.777],[8.705,55.774],[8.66,55.751],[8.679,55.729],[8.681,55.707],[8.7,55.701],[8.671,55.681],[8.692,55.673],[8.758,55.678],[8.775,55.675]]]},"properties":{"code":"6823","name":"Ansager"}},
{"type":"Feature","geometry":{"type":"Polygon","coordinates":[[[8.415,55.795],[8.424,55.799],[8.382,55.802],[8.351,55.822],[8.329,55.804],[8.304,55.797],[8.281,55.806],[8.263,55.832],[8.269,55.853],[8.301,55.882],[8.248,55.931],[8.192,55.898],[8.189,55.879],[8.203,55.866],[8.184,55.851],[8.171,55.815],[8.12,55.815],[7.894,55.782],[7.937,55.782],[8.211,55.752],[8.211,55.74],[8.27,55.745],[8.294,55.736],[8.326,55.749],[8.402,55.729],[8.469,55.725],[8.454,55.744],[8.393,55.765],[8.415,55.795]]]},"properties":{"code":"6830","name":"Nørre Nebel"}},
{"type":"Feature","geometry":{"type":"Polygon","coordinates":[[[8.321,55.679],[8.279,55.682],[8.25,55.677],[8.206,55.708],[8.16,55.712],[8.044,55.712],[4.391,55.665],[4.485,55.597],[8.086,55.651],[8.153,55.636],[8.144,55.615],[8.192,55.612],[8.177,55.586],[8.233,55.577],[8.27,55.584],[8.271,55.595],[8.318,55.626],[8.331,55.655],[8.324,55.677],[8.321,55.679]]]},"properties":{"code":"6840","name":"Oksbøl"}},
{"type":"Feature","geometry":{"type":"Polygon","coordinates":[[[8.377,55.674],[8.324,55.677],[8.331,55.655],[8.355,55.639],[8.347,55.612],[8.365,55.61],[8.385,55.607],[8.43,55.62],[8.432,55.639],[8.418,55.658],[8.377,55.674]]]},"properties":{"code":"6851","name":"Janderup Vestj"}},
{"type":"Feature","geometry":{"type":"Polygon","coordinates":[[[8.357,55.597],[8.365,55.61],[8.347,55.612],[8.355,55.639],[8.331,55.655],[8.318,55.626],[8.271,55.595],[8.27,55.584],[8.274,55.58],[8.329,55.583],[8.357,55.597]]]},"properties":{"code":"6852","name":"Billum"}},
{"type":"Feature","geometry":{"type":"Polygon","coordinates":[[[4.485,55.597],[4.748,55.402],[5.148,55.247],[5.401,55.247],[5.748,55.509],[8.015,55.605],[8.067,55.559],[8.168,55.563],[8.177,55.586],[8.192,55.612],[8.144,55.615],[8.153,55.636],[8.086,55.651],[4.485,55.597]]]},"properties":{"code":"6853","name":"Vejers Strand"}},
{"type":"Feature","geometry":{"type":"Polygon","coordinates":[[[7.894,55.782],[7.714,55.779],[4.248,55.77],[4.391,55.665],[8.044,55.712],[8.16,55.712],[8.206,55.708],[8.25,55.677],[8.279,55.682],[8.321,55.679],[8.333,55.697],[8.294,55.736],[8.27,55.745],[8.211,55.74],[8.211,55.752],[7.937,55.782],[7.894,55.782]]]},"properties":{"code":"6854","name":"Henne"}},
{"type":"Feature","geometry":{"type":"Polygon","coordinates":[[[8.469,55.725],[8.402,55.729],[8.326,55.749],[8.294,55.736],[8.333,55.697],[8.321,55.679],[8.324,55.677],[8.377,55.674],[8.419,55.681],[8.44,55.704],[8.467,55.707],[8.469,55.725]]]},"properties":{"code":"6855","name":"Outrup"}},
{"type":"Feature","geometry":{"type":"Polygon","coordinates":[[[8.274,55.58],[8.27,55.584],[8.233,55.577],[8.177,55.586],[8.168,55.563],[8.067,55.559],[8.015,55.605],[5.748,55.509],[6.586,55.353],[8.273,55.424],[8.329,55.467],[8.341,55.482],[8.346,55.496],[8.323,55.525],[8.285,55.53],[8.262,55.566],[8.274,55.58]]]},"properties":{"code":"6857","name":"Blåvand"}},
{"type":"Feature","geometry":{"type":"Polygon","coordinates":[[[8.671,55.681],[8.7,55.701],[8.681,55.707],[8.679,55.729],[8.66,55.751],[8.571,55.747],[8.578,55.728],[8.562,55.717],[8.615,55.69],[8.636,55.673],[8.671,55.681]]]},"properties":{"code":"6862","name":"Tistrup"}},
{"type":"Feature","geometry":{"type":"Polygon","coordinates":[[[8.571,55.747],[8.66,55.751],[8.705,55.774],[8.75,55.777],[8.759,55.806],[8.745,55.806],[8.708,55.838],[8.617,55.846],[8.595,55.837],[8.565,55.852],[8.513,55.81],[8.503,55.779],[8.548,55.77],[8.571,55.747]]]},"properties":{"code":"6870","name":"Ølgod"}},
{"type":"Feature","geometry":{"type":"Polygon","coordinates":[[[8.503,55.779],[8.513,55.81],[8.565,55.852],[8.595,55.837],[8.617,55.846],[8.708,55.838],[8.745,55.806],[8.759,55.806],[8.805,55.815],[8.817,55.826],[8.795,55.838],[8.825,55.85],[8.79,55.897],[8.753,55.909],[8.74,55.887],[8.703,55.889],[8.647,55.912],[8.616,55.914],[8.571,55.933],[8.52,55.929],[8.491,55.919],[8.435,55.921],[8.393,55.913],[8.361,55.915],[8.248,55.931],[8.37,55.881],[8.387,55.87],[8.488,55.84],[8.49,55.814],[8.457,55.82],[8.45,55.805],[8.424,55.799],[8.415,55.795],[8.462,55.781],[8.503,55.779]]]},"properties":{"code":"6880","name":"Tarm"}},
{"type":"Feature","geometry":{"type":"Polygon","coordinates":[[[8.424,55.799],[8.45,55.805],[8.457,55.82],[8.49,55.814],[8.488,55.84],[8.387,55.87],[8.37,55.881],[8.248,55.931],[8.301,55.882],[8.269,55.853],[8.263,55.832],[8.281,55.806],[8.304,55.797],[8.329,55.804],[8.351,55.822],[8.382,55.802],[8.424,55.799]]]},"properties":{"code":"6893","name":"Hemmet"}},
{"type":"Feature","geometry":{"type":"Polygon","coordinates":[[[8.753,55.909],[8.728,55.947],[8.729,55.963],[8.706,55.973],[8.716,56],[8.732,56.015],[8.689,56.019],[8.681,56.031],[8.605,56.035],[8.56,56.051],[8.55,56.076],[8.532,56.077],[8.47,56.078],[8.48,56.052],[8.462,56.034],[8.409,56.027],[8.368,56.011],[8.324,56.015],[8.21,56.042],[8.248,55.931],[8.361,55.915],[8.393,55.913],[8.435,55.921],[8.491,55.919],[8.52,55.929],[8.571,55.933],[8.616,55.914],[8.647,55.912],[8.703,55.889],[8.74,55.887],[8.753,55.909]]]},"properties":{"code":"6900","name":"Skjern"}},
{"type":"Feature","geometry":{"type":"Polygon","coordinates":[[[8.729,55.963],[8.745,55.975],[8.759,55.983],[8.757,56.004],[8.796,56.02],[8.765,56.045],[8.778,56.082],[8.81,56.095],[8.829,56.089],[8.83,56.097],[8.781,56.101],[8.76,56.115],[8.766,56.136],[8.731,56.145],[8.664,56.14],[8.637,56.125],[8.625,56.145],[8.585,56.148],[8.589,56.11],[8.564,56.098],[8.536,56.102],[8.532,56.077],[8.55,56.076],[8.56,56.051],[8.605,56.035],[8.681,56.031],[8.689,56.019],[8.732,56.015],[8.716,56],[8.706,55.973],[8.729,55.963]]]},"properties":{"code":"6920","name":"Videbæk"}},
{"type":"Feature","geometry":{"type":"Polygon","coordinates":[[[8.745,55.975],[8.827,55.974],[8.858,55.956],[8.868,55.927],[8.881,55.896],[8.931,55.891],[8.949,55.9],[8.999,55.916],[8.998,55.947],[9.013,55.969],[8.982,55.983],[8.955,55.995],[8.912,56],[8.918,56.021],[8.968,56.031],[8.941,56.059],[8.836,56.07],[8.829,56.089],[8.81,56.095],[8.778,56.082],[8.765,56.045],[8.796,56.02],[8.757,56.004],[8.759,55.983],[8.745,55.975]]]},"properties":{"code":"6933","name":"Kibæk"}},
{"type":"Feature","geometry":{"type":"Polygon","coordinates":[[[8.47,56.078],[8.464,56.079],[8.399,56.078],[8.364,56.067],[8.329,56.04],[8.324,56.015],[8.368,56.011],[8.409,56.027],[8.462,56.034],[8.48,56.052],[8.47,56.078]]]},"properties":{"code":"6940","name":"Lem St"}},
{"type":"Feature","geometry":{"type":"Polygon","coordinates":[[[8.324,56.015],[8.329,56.04],[8.364,56.067],[8.399,56.078],[8.464,56.079],[8.439,56.118],[8.438,56.136],[8.37,56.125],[8.363,56.135],[8.375,56.165],[8.363,56.17],[8.33,56.181],[8.276,56.179],[8.255,56.168],[8.182,56.161],[8.146,56.172],[8.117,56.173],[7.983,56.191],[7.699,56.218],[4.029,56.31],[3.248,56.084],[7.704,56.062],[7.808,56.061],[8.053,56.061],[8.099,56.067],[8.21,56.042],[8.324,56.015]]]},"properties":{"code":"6950","name":"Ringkøbing"}},
{"type":"Feature","geometry":{"type":"Polygon","coordinates":[[[8.248,55.931],[8.21,56.042],[8.099,56.067],[8.053,56.061],[7.808,56.061],[7.704,56.062],[3.248,56.084],[3.348,55.917],[4.248,55.77],[7.714,55.779],[7.894,55.782],[8.12,55.815],[8.171,55.815],[8.184,55.851],[8.203,55.866],[8.189,55.879],[8.192,55.898],[8.248,55.931]]]},"properties":{"code":"6960","name":"Hvide Sande"}},
{"type":"Feature","geometry":{"type":"Polygon","coordinates":[[[8.532,56.077],[8.536,56.102],[8.564,56.098],[8.589,56.11],[8.585,56.148],[8.581,56.176],[8.563,56.186],[8.515,56.194],[8.466,56.196],[8.451,56.174],[8.42,56.176],[8.363,56.17],[8.375,56.165],[8.363,56.135],[8.37,56.125],[8.438,56.136],[8.439,56.118],[8.464,56.079],[8.47,56.078],[8.532,56.077]]]},"properties":{"code":"6971","name":"Spjald"}},
{"type":"Feature","geometry":{"type":"Polygon","coordinates":[[[8.625,56.145],[8.621,56.192],[8.644,56.206],[8.616,56.219],[8.583,56.215],[8.553,56.236],[8.508,56.245],[8.47,56.214],[8.444,56.214],[8.466,56.196],[8.515,56.194],[8.563,56.186],[8.581,56.176],[8.585,56.148],[8.625,56.145]]]},"properties":{"code":"6973","name":"Ørnhøj"}},
{"type":"Feature","geometry":{"type":"Polygon","coordinates":[[[8.363,56.17],[8.42,56.176],[8.451,56.174],[8.466,56.196],[8.444,56.214],[8.318,56.22],[8.25,56.232],[8.236,56.215],[8.21,56.224],[8.157,56.223],[8.146,56.172],[8.182,56.161],[8.255,56.168],[8.276,56.179],[8.33,56.181],[8.363,56.17]]]},"properties":{"code":"6980","name":"Tim"}},
{"type":"Feature","geometry":{"type":"Polygon","coordinates":[[[8.146,56.172],[8.157,56.223],[8.21,56.224],[8.236,56.215],[8.25,56.232],[8.318,56.22],[8.444,56.214],[8.47,56.214],[8.508,56.245],[8.461,56.284],[8.408,56.309],[8.393,56.316],[8.346,56.317],[8.313,56.331],[8.281,56.299],[8.255,56.324],[8.204,56.341],[8.156,56.39],[8.147,56.417],[8.117,56.414],[4.743,56.51],[4.029,56.31],[7.699,56.218],[7.983,56.191],[8.117,56.173],[8.146,56.172]]]},"properties":{"code":"6990","name":"Ulfborg"}},
{"type":"Feature","geometry":{"type":"Polygon","coordinates":[[[9.988,55.624],[9.96,55.638],[9.909,55.656],[9.882,55.657],[9.846,55.649],[9.789,55.652],[9.737,55.618],[9.625,55.624],[9.622,55.625],[9.619,55.628],[9.616,55.63],[9.575,55.638],[9.573,55.638],[9.572,55.639],[9.564,55.641],[9.557,55.643],[9.541,55.645],[9.54,55.645],[9.533,55.646],[9.532,55.645],[9.529,55.645],[9.528,55.645],[9.527,55.645],[9.527,55.644],[9.526,55.645],[9.524,55.645],[9.522,55.644],[9.52,55.643],[9.519,55.643],[9.517,55.641],[9.511,55.621],[9.525,55.587],[9.536,55.581],[9.559,55.574],[9.57,55.568],[9.571,55.568],[9.596,55.545],[9.576,55.529],[9.603,55.501],[9.606,55.501],[9.629,55.505],[9.654,55.494],[9.671,55.52],[9.744,55.513],[9.751,55.551],[9.855,55.587],[9.931,55.583],[9.988,55.624]]]},"properties":{"code":"7000","name":"Fredericia"}},
{"type":"Feature","geometry":{"type":"Polygon","coordinates":[[[9.789,55.652],[9.714,55.686],[9.671,55.702],[9.617,55.7],[9.609,55.654],[9.575,55.638],[9.616,55.63],[9.619,55.628],[9.622,55.625],[9.625,55.624],[9.737,55.618],[9.789,55.652]]]},"properties":{"code":"7080","name":"Børkop"}},
{"type":"Feature","geometry":{"type":"Polygon","coordinates":[[[9.494,55.63],[9.495,55.629],[9.496,55.629],[9.496,55.628],[9.499,55.629],[9.499,55.63],[9.505,55.639],[9.506,55.639],[9.507,55.639],[9.516,55.641],[9.517,55.641],[9.519,55.643],[9.52,55.643],[9.522,55.644],[9.524,55.645],[9.526,55.645],[9.527,55.644],[9.527,55.645],[9.528,55.645],[9.529,55.645],[9.532,55.645],[9.533,55.646],[9.54,55.645],[9.541,55.645],[9.557,55.643],[9.564,55.641],[9.572,55.639],[9.573,55.638],[9.575,55.638],[9.609,55.654],[9.617,55.7],[9.588,55.698],[9.586,55.722],[9.604,55.742],[9.593,55.753],[9.596,55.77],[9.617,55.792],[9.604,55.808],[9.544,55.82],[9.515,55.8],[9.482,55.75],[9.446,55.727],[9.41,55.725],[9.43,55.709],[9.389,55.67],[9.349,55.671],[9.349,55.668],[9.352,55.638],[9.347,55.635],[9.346,55.635],[9.346,55.628],[9.346,55.627],[9.369,55.616],[9.376,55.613],[9.378,55.614],[9.39,55.616],[9.391,55.616],[9.395,55.615],[9.396,55.615],[9.397,55.615],[9.397,55.614],[9.4,55.616],[9.406,55.617],[9.407,55.617],[9.409,55.618],[9.41,55.619],[9.411,55.62],[9.41,55.621],[9.409,55.621],[9.43,55.621],[9.433,55.619],[9.444,55.622],[9.444,55.623],[9.444,55.624],[9.446,55.627],[9.446,55.628],[9.454,55.628],[9.468,55.633],[9.469,55.633],[9.475,55.634],[9.48,55.634],[9.494,55.63]]]},"properties":{"code":"7100","name":"Vejle"}},
{"type":"Feature","geometry":{"type":"Polygon","coordinates":[[[9.671,55.702],[9.684,55.74],[9.674,55.754],[9.624,55.758],[9.593,55.753],[9.604,55.742],[9.586,55.722],[9.588,55.698],[9.617,55.7],[9.671,55.702]]]},"properties":{"code":"7120","name":"Vejle Øst"}},
{"type":"Feature","geometry":{"type":"Polygon","coordinates":[[[10.147,55.712],[10.145,55.77],[10.177,55.793],[10.124,55.838],[10.029,55.84],[10.022,55.853],[9.971,55.841],[9.946,55.822],[9.946,55.807],[9.88,55.802],[9.901,55.779],[9.888,55.76],[9.905,55.746],[9.928,55.724],[9.953,55.685],[9.96,55.638],[9.988,55.624],[10.055,55.637],[10.147,55.712]]]},"properties":{"code":"7130","name":"Juelsminde"}},
{"type":"Feature","geometry":{"type":"Polygon","coordinates":[[[9.882,55.657],[9.845,55.674],[9.843,55.695],[9.863,55.735],[9.846,55.742],[9.799,55.73],[9.775,55.748],[9.754,55.755],[9.778,55.725],[9.718,55.707],[9.714,55.686],[9.789,55.652],[9.846,55.649],[9.882,55.657]]]},"properties":{"code":"7140","name":"Stouby"}},
{"type":"Feature","geometry":{"type":"Polygon","coordinates":[[[9.96,55.638],[9.953,55.685],[9.928,55.724],[9.905,55.746],[9.863,55.735],[9.843,55.695],[9.845,55.674],[9.882,55.657],[9.909,55.656],[9.96,55.638]]]},"properties":{"code":"7150","name":"Barrit"}},
{"type":"Feature","geometry":{"type":"Polygon","coordinates":[[[9.544,55.82],[9.545,55.82],[9.553,55.833],[9.527,55.853],[9.568,55.873],[9.612,55.91],[9.559,55.916],[9.523,55.907],[9.442,55.91],[9.436,55.909],[9.387,55.924],[9.39,55.92],[9.398,55.906],[9.46,55.864],[9.441,55.832],[9.44,55.83],[9.49,55.819],[9.515,55.8],[9.544,55.82]]]},"properties":{"code":"7160","name":"Tørring"}},
{"type":"Feature","geometry":{"type":"Polygon","coordinates":[[[9.604,55.808],[9.645,55.831],[9.644,55.864],[9.6,55.858],[9.568,55.873],[9.527,55.853],[9.553,55.833],[9.545,55.82],[9.544,55.82],[9.604,55.808]]]},"properties":{"code":"7171","name":"Uldum"}},
{"type":"Feature","geometry":{"type":"Polygon","coordinates":[[[9.398,55.906],[9.375,55.906],[9.398,55.867],[9.39,55.837],[9.421,55.825],[9.44,55.83],[9.441,55.832],[9.46,55.864],[9.398,55.906]]]},"properties":{"code":"7173","name":"Vonge"}},
{"type":"Feature","geometry":{"type":"Polygon","coordinates":[[[9.349,55.671],[9.389,55.67],[9.43,55.709],[9.41,55.725],[9.399,55.732],[9.34,55.736],[9.325,55.745],[9.289,55.733],[9.299,55.704],[9.319,55.699],[9.32,55.662],[9.349,55.671]]]},"properties":{"code":"7182","name":"Bredsten"}},
{"type":"Feature","geometry":{"type":"Polygon","coordinates":[[[9.32,55.662],[9.319,55.699],[9.299,55.704],[9.289,55.733],[9.236,55.74],[9.243,55.707],[9.215,55.678],[9.186,55.681],[9.168,55.695],[9.157,55.665],[9.159,55.629],[9.189,55.628],[9.221,55.655],[9.22,55.656],[9.221,55.656],[9.233,55.66],[9.235,55.66],[9.27,55.645],[9.309,55.651],[9.32,55.662]]]},"properties":{"code":"7183","name":"Randbøl"}},
{"type":"Feature","geometry":{"type":"Polygon","coordinates":[[[9.236,55.74],[9.227,55.751],[9.182,55.762],[9.192,55.743],[9.159,55.734],[9.149,55.702],[9.168,55.695],[9.186,55.681],[9.215,55.678],[9.243,55.707],[9.236,55.74]]]},"properties":{"code":"7184","name":"Vandel"}},
{"type":"Feature","geometry":{"type":"Polygon","coordinates":[[[9.157,55.665],[9.168,55.695],[9.149,55.702],[9.159,55.734],[9.192,55.743],[9.182,55.762],[9.183,55.766],[9.146,55.781],[9.096,55.781],[9.091,55.768],[9.055,55.769],[9.037,55.773],[9.021,55.745],[8.997,55.746],[8.991,55.727],[9.028,55.739],[9.061,55.714],[9.09,55.704],[9.129,55.695],[9.125,55.678],[9.157,55.665]]]},"properties":{"code":"7190","name":"Billund"}},
{"type":"Feature","geometry":{"type":"Polygon","coordinates":[[[8.887,55.645],[8.886,55.661],[8.905,55.702],[8.95,55.727],[8.991,55.727],[8.997,55.746],[9.021,55.745],[9.037,55.773],[9.055,55.769],[9.071,55.845],[9.011,55.831],[8.967,55.841],[8.98,55.824],[8.95,55.792],[8.891,55.814],[8.871,55.803],[8.817,55.826],[8.805,55.815],[8.759,55.806],[8.75,55.777],[8.753,55.758],[8.78,55.758],[8.83,55.743],[8.828,55.723],[8.775,55.675],[8.762,55.631],[8.784,55.618],[8.82,55.629],[8.868,55.621],[8.892,55.606],[8.909,55.62],[8.887,55.645]]]},"properties":{"code":"7200","name":"Grindsted"}},
{"type":"Feature","geometry":{"type":"Polygon","coordinates":[[[9.09,55.704],[9.061,55.714],[9.028,55.739],[8.991,55.727],[8.95,55.727],[8.905,55.702],[8.886,55.661],[8.887,55.645],[8.926,55.628],[8.977,55.623],[8.97,55.655],[9.012,55.666],[9.04,55.653],[9.067,55.666],[9.067,55.69],[9.09,55.704]]]},"properties":{"code":"7250","name":"Hejnsvig"}},
{"type":"Feature","geometry":{"type":"Polygon","coordinates":[[[8.817,55.826],[8.871,55.803],[8.891,55.814],[8.95,55.792],[8.98,55.824],[8.967,55.841],[8.966,55.885],[8.949,55.9],[8.931,55.891],[8.881,55.896],[8.84,55.882],[8.825,55.85],[8.795,55.838],[8.817,55.826]]]},"properties":{"code":"7260","name":"Sønder Omme"}},
{"type":"Feature","geometry":{"type":"Polygon","coordinates":[[[8.825,55.85],[8.84,55.882],[8.881,55.896],[8.868,55.927],[8.837,55.919],[8.829,55.905],[8.79,55.897],[8.825,55.85]]]},"properties":{"code":"7270","name":"Stakroge"}},
{"type":"Feature","geometry":{"type":"Polygon","coordinates":[[[8.79,55.897],[8.829,55.905],[8.837,55.919],[8.868,55.927],[8.858,55.956],[8.827,55.974],[8.745,55.975],[8.729,55.963],[8.728,55.947],[8.753,55.909],[8.79,55.897]]]},"properties":{"code":"7280","name":"Sønder Felding"}},
{"type":"Feature","geometry":{"type":"Polygon","coordinates":[[[9.515,55.8],[9.49,55.819],[9.44,55.83],[9.421,55.825],[9.39,55.837],[9.392,55.798],[9.365,55.777],[9.325,55.745],[9.34,55.736],[9.399,55.732],[9.41,55.725],[9.446,55.727],[9.482,55.75],[9.515,55.8]]]},"properties":{"code":"7300","name":"Jelling"}},
{"type":"Feature","geometry":{"type":"Polygon","coordinates":[[[9.325,55.745],[9.365,55.777],[9.343,55.8],[9.299,55.794],[9.269,55.772],[9.232,55.765],[9.183,55.766],[9.182,55.762],[9.227,55.751],[9.236,55.74],[9.289,55.733],[9.325,55.745]]]},"properties":{"code":"7321","name":"Gadbjerg"}},
{"type":"Feature","geometry":{"type":"Polygon","coordinates":[[[9.387,55.924],[9.374,55.932],[9.354,55.938],[9.317,55.931],[9.281,55.938],[9.26,55.952],[9.217,55.951],[9.179,55.915],[9.175,55.894],[9.14,55.884],[9.117,55.869],[9.097,55.877],[9.071,55.845],[9.055,55.769],[9.091,55.768],[9.096,55.781],[9.146,55.781],[9.183,55.766],[9.232,55.765],[9.269,55.772],[9.299,55.794],[9.343,55.8],[9.365,55.777],[9.392,55.798],[9.39,55.837],[9.398,55.867],[9.375,55.906],[9.398,55.906],[9.39,55.92],[9.387,55.924]]]},"properties":{"code":"7323","name":"Give"}},
{"type":"Feature","geometry":{"type":"Polygon","coordinates":[[[8.949,55.9],[8.966,55.885],[8.967,55.841],[9.011,55.831],[9.071,55.845],[9.097,55.877],[9.117,55.869],[9.14,55.884],[9.175,55.894],[9.179,55.915],[9.217,55.951],[9.212,55.973],[9.179,55.989],[9.168,56.026],[9.104,56.03],[9.073,56.003],[9.083,55.987],[9.046,55.983],[9.01,55.993],[8.982,55.983],[9.013,55.969],[8.998,55.947],[8.999,55.916],[8.949,55.9]]]},"properties":{"code":"7330","name":"Brande"}},
{"type":"Feature","geometry":{"type":"Polygon","coordinates":[[[9.374,55.932],[9.332,55.982],[9.342,56.005],[9.316,56.005],[9.342,56.033],[9.343,56.057],[9.308,56.076],[9.276,56.057],[9.239,56.069],[9.196,56.06],[9.178,56.064],[9.182,56.048],[9.168,56.026],[9.179,55.989],[9.212,55.973],[9.217,55.951],[9.26,55.952],[9.281,55.938],[9.317,55.931],[9.354,55.938],[9.374,55.932]]]},"properties":{"code":"7361","name":"Ejstrupholm"}},
{"type":"Feature","geometry":{"type":"Polygon","coordinates":[[[9.342,56.005],[9.379,56.009],[9.425,56.022],[9.414,56.034],[9.434,56.068],[9.397,56.088],[9.346,56.098],[9.319,56.089],[9.308,56.076],[9.343,56.057],[9.342,56.033],[9.316,56.005],[9.342,56.005]]]},"properties":{"code":"7362","name":"Hampen"}},
{"type":"Feature","geometry":{"type":"Polygon","coordinates":[[[8.829,56.089],[8.836,56.07],[8.941,56.059],[8.968,56.031],[8.918,56.021],[8.912,56],[8.955,55.995],[8.982,55.983],[9.01,55.993],[9.046,55.983],[9.083,55.987],[9.073,56.003],[9.104,56.03],[9.168,56.026],[9.182,56.048],[9.178,56.064],[9.14,56.067],[9.125,56.098],[9.102,56.104],[9.111,56.123],[9.108,56.164],[9.078,56.173],[9.022,56.186],[8.971,56.189],[8.968,56.205],[8.911,56.216],[8.933,56.239],[8.932,56.274],[8.873,56.284],[8.841,56.236],[8.811,56.238],[8.803,56.222],[8.798,56.206],[8.818,56.193],[8.849,56.202],[8.878,56.17],[8.862,56.156],[8.8,56.136],[8.766,56.136],[8.76,56.115],[8.781,56.101],[8.83,56.097],[8.829,56.089]]]},"properties":{"code":"7400","name":"Herning"}},
{"type":"Feature","geometry":{"type":"Polygon","coordinates":[[[9.308,56.076],[9.319,56.089],[9.296,56.1],[9.243,56.109],[9.219,56.131],[9.186,56.15],[9.193,56.171],[9.15,56.209],[9.107,56.209],[9.078,56.173],[9.108,56.164],[9.111,56.123],[9.102,56.104],[9.125,56.098],[9.14,56.067],[9.178,56.064],[9.196,56.06],[9.239,56.069],[9.276,56.057],[9.308,56.076]]]},"properties":{"code":"7430","name":"Ikast"}},
{"type":"Feature","geometry":{"type":"Polygon","coordinates":[[[9.397,56.088],[9.423,56.126],[9.404,56.129],[9.342,56.129],[9.322,56.135],[9.307,56.173],[9.28,56.181],[9.223,56.219],[9.193,56.239],[9.187,56.268],[9.117,56.267],[9.157,56.237],[9.15,56.209],[9.193,56.171],[9.186,56.15],[9.219,56.131],[9.243,56.109],[9.296,56.1],[9.319,56.089],[9.346,56.098],[9.397,56.088]]]},"properties":{"code":"7441","name":"Bording"}},
{"type":"Feature","geometry":{"type":"Polygon","coordinates":[[[9.404,56.129],[9.366,56.176],[9.374,56.208],[9.368,56.225],[9.292,56.241],[9.265,56.264],[9.222,56.258],[9.223,56.219],[9.28,56.181],[9.307,56.173],[9.322,56.135],[9.342,56.129],[9.404,56.129]]]},"properties":{"code":"7442","name":"Engesvang"}},
{"type":"Feature","geometry":{"type":"Polygon","coordinates":[[[9.078,56.173],[9.107,56.209],[9.15,56.209],[9.157,56.237],[9.117,56.267],[9.075,56.268],[9.045,56.269],[9.023,56.28],[8.947,56.285],[8.932,56.274],[8.933,56.239],[8.911,56.216],[8.968,56.205],[8.971,56.189],[9.022,56.186],[9.078,56.173]]]},"properties":{"code":"7451","name":"Sunds"}},
{"type":"Feature","geometry":{"type":"Polygon","coordinates":[[[9.223,56.219],[9.222,56.258],[9.265,56.264],[9.252,56.279],[9.278,56.307],[9.298,56.312],[9.32,56.341],[9.304,56.368],[9.252,56.365],[9.257,56.381],[9.179,56.401],[9.172,56.383],[9.136,56.377],[9.055,56.41],[9.019,56.407],[9.061,56.392],[9.074,56.377],[9.058,56.357],[9.072,56.345],[9.043,56.326],[9.086,56.287],[9.075,56.268],[9.117,56.267],[9.187,56.268],[9.193,56.239],[9.223,56.219]]]},"properties":{"code":"7470","name":"Karup J"}},
{"type":"Feature","geometry":{"type":"Polygon","coordinates":[[[8.766,56.136],[8.8,56.136],[8.862,56.156],[8.878,56.17],[8.849,56.202],[8.818,56.193],[8.798,56.206],[8.803,56.222],[8.782,56.227],[8.736,56.224],[8.729,56.233],[8.66,56.216],[8.644,56.206],[8.621,56.192],[8.625,56.145],[8.637,56.125],[8.664,56.14],[8.731,56.145],[8.766,56.136]]]},"properties":{"code":"7480","name":"Vildbjerg"}},
{"type":"Feature","geometry":{"type":"Polygon","coordinates":[[[8.932,56.274],[8.947,56.285],[8.911,56.302],[8.894,56.328],[8.868,56.341],[8.804,56.349],[8.777,56.338],[8.807,56.311],[8.743,56.288],[8.74,56.28],[8.713,56.245],[8.729,56.233],[8.736,56.224],[8.782,56.227],[8.803,56.222],[8.811,56.238],[8.841,56.236],[8.873,56.284],[8.932,56.274]]]},"properties":{"code":"7490","name":"Aulum"}},
{"type":"Feature","geometry":{"type":"Polygon","coordinates":[[[8.616,56.219],[8.603,56.281],[8.65,56.296],[8.683,56.278],[8.698,56.285],[8.74,56.28],[8.743,56.288],[8.807,56.311],[8.777,56.338],[8.804,56.349],[8.868,56.341],[8.897,56.355],[8.929,56.353],[8.931,56.379],[8.914,56.379],[8.847,56.405],[8.825,56.408],[8.798,56.425],[8.694,56.432],[8.664,56.399],[8.626,56.406],[8.595,56.422],[8.571,56.41],[8.535,56.424],[8.509,56.421],[8.511,56.404],[8.471,56.402],[8.44,56.387],[8.469,56.385],[8.44,56.341],[8.447,56.327],[8.408,56.309],[8.461,56.284],[8.508,56.245],[8.553,56.236],[8.583,56.215],[8.616,56.219]]]},"properties":{"code":"7500","name":"Holstebro"}},
{"type":"Feature","geometry":{"type":"Polygon","coordinates":[[[9.075,56.268],[9.086,56.287],[9.043,56.326],[9.072,56.345],[9.058,56.357],[9.074,56.377],[9.061,56.392],[9.019,56.407],[8.978,56.413],[8.963,56.409],[8.956,56.379],[8.931,56.379],[8.929,56.353],[8.897,56.355],[8.868,56.341],[8.894,56.328],[8.911,56.302],[8.947,56.285],[9.023,56.28],[9.045,56.269],[9.075,56.268]]]},"properties":{"code":"7540","name":"Haderup"}},
{"type":"Feature","geometry":{"type":"Polygon","coordinates":[[[8.644,56.206],[8.66,56.216],[8.729,56.233],[8.713,56.245],[8.74,56.28],[8.698,56.285],[8.683,56.278],[8.65,56.296],[8.603,56.281],[8.616,56.219],[8.644,56.206]]]},"properties":{"code":"7550","name":"Sørvad"}},
{"type":"Feature","geometry":{"type":"Polygon","coordinates":[[[8.694,56.432],[8.698,56.449],[8.665,56.498],[8.624,56.451],[8.588,56.429],[8.595,56.422],[8.626,56.406],[8.664,56.399],[8.694,56.432]]]},"properties":{"code":"7560","name":"Hjerm"}},
{"type":"Feature","geometry":{"type":"Polygon","coordinates":[[[8.408,56.309],[8.447,56.327],[8.44,56.341],[8.469,56.385],[8.44,56.387],[8.404,56.404],[8.376,56.382],[8.302,56.38],[8.237,56.392],[8.23,56.411],[8.204,56.419],[8.147,56.417],[8.156,56.39],[8.204,56.341],[8.255,56.324],[8.281,56.299],[8.313,56.331],[8.346,56.317],[8.393,56.316],[8.408,56.309]]]},"properties":{"code":"7570","name":"Vemb"}},
{"type":"Feature","geometry":{"type":"Polygon","coordinates":[[[8.595,56.422],[8.588,56.429],[8.624,56.451],[8.665,56.498],[8.685,56.507],[8.695,56.548],[8.681,56.581],[8.651,56.599],[8.6,56.584],[8.561,56.578],[8.517,56.564],[8.525,56.542],[8.497,56.524],[8.497,56.497],[8.481,56.472],[8.455,56.477],[8.425,56.429],[8.41,56.432],[8.393,56.411],[8.404,56.404],[8.44,56.387],[8.471,56.402],[8.511,56.404],[8.509,56.421],[8.535,56.424],[8.571,56.41],[8.595,56.422]]]},"properties":{"code":"7600","name":"Struer"}},
{"type":"Feature","geometry":{"type":"Polygon","coordinates":[[[8.517,56.564],[8.479,56.579],[8.427,56.612],[8.375,56.624],[8.316,56.639],[8.28,56.626],[8.221,56.62],[8.202,56.61],[8.153,56.565],[8.125,56.547],[8.079,56.547],[7.989,56.567],[7.686,56.593],[5.423,56.713],[5.031,56.589],[7.814,56.438],[8.073,56.442],[8.157,56.454],[8.205,56.456],[8.214,56.464],[8.28,56.46],[8.341,56.455],[8.38,56.463],[8.41,56.432],[8.425,56.429],[8.455,56.477],[8.481,56.472],[8.497,56.497],[8.497,56.524],[8.525,56.542],[8.517,56.564]]]},"properties":{"code":"7620","name":"Lemvig"}},
{"type":"Feature","geometry":{"type":"Polygon","coordinates":[[[8.147,56.417],[8.204,56.419],[8.23,56.411],[8.248,56.432],[8.277,56.443],[8.28,56.46],[8.214,56.464],[8.205,56.456],[8.157,56.454],[8.073,56.442],[7.814,56.438],[5.031,56.589],[4.743,56.51],[8.117,56.414],[8.147,56.417]]]},"properties":{"code":"7650","name":"Bøvlingbjerg"}},
{"type":"Feature","geometry":{"type":"Polygon","coordinates":[[[8.404,56.404],[8.393,56.411],[8.41,56.432],[8.38,56.463],[8.341,56.455],[8.28,56.46],[8.277,56.443],[8.248,56.432],[8.23,56.411],[8.237,56.392],[8.302,56.38],[8.376,56.382],[8.404,56.404]]]},"properties":{"code":"7660","name":"Bækmarksbro"}},
{"type":"Feature","geometry":{"type":"Polygon","coordinates":[[[8.316,56.639],[8.29,56.677],[8.25,56.689],[8.211,56.677],[8.196,56.695],[5.682,56.794],[5.423,56.713],[7.686,56.593],[7.989,56.567],[8.079,56.547],[8.125,56.547],[8.153,56.565],[8.202,56.61],[8.221,56.62],[8.28,56.626],[8.316,56.639]]]},"properties":{"code":"7673","name":"Harboøre"}},
{"type":"Feature","geometry":{"type":"Polygon","coordinates":[[[8.25,56.689],[8.22,56.716],[8.096,56.753],[7.679,56.797],[6.238,56.965],[5.682,56.794],[8.196,56.695],[8.211,56.677],[8.25,56.689]]]},"properties":{"code":"7680","name":"Thyborøn"}},
{"type":"Feature","geometry":{"type":"Polygon","coordinates":[[[8.974,57.056],[8.906,57.062],[8.789,57.089],[8.747,57.084],[8.731,57.065],[8.618,57.077],[8.551,57.081],[8.463,57.114],[7.981,57.496],[7.496,57.348],[7.832,57.184],[8.257,56.972],[8.321,56.945],[8.336,56.931],[8.385,56.928],[8.462,56.915],[8.482,56.905],[8.553,56.917],[8.613,56.888],[8.636,56.87],[8.63,56.886],[8.722,56.92],[8.786,56.925],[8.824,56.952],[8.869,56.967],[8.867,56.979],[8.891,57.004],[8.92,57.008],[8.935,57.038],[8.974,57.056]]]},"properties":{"code":"7700","name":"Thisted"}},
{"type":"Feature","geometry":{"type":"Polygon","coordinates":[[[8.789,57.089],[8.801,57.106],[8.781,57.121],[8.758,57.157],[8.77,57.227],[8.756,57.267],[8.456,57.616],[7.981,57.496],[8.463,57.114],[8.551,57.081],[8.618,57.077],[8.731,57.065],[8.747,57.084],[8.789,57.089]]]},"properties":{"code":"7730","name":"Hanstholm"}},
{"type":"Feature","geometry":{"type":"Polygon","coordinates":[[[8.974,57.056],[9.043,57.045],[9.061,57.05],[9.06,57.09],[9.035,57.123],[9.03,57.158],[9.075,57.18],[9.092,57.197],[9.118,57.245],[9.177,57.364],[9.178,57.404],[9.148,57.45],[9.147,57.452],[9.09,57.515],[9.005,57.593],[8.886,57.694],[8.456,57.616],[8.756,57.267],[8.77,57.227],[8.758,57.157],[8.781,57.121],[8.801,57.106],[8.789,57.089],[8.906,57.062],[8.974,57.056]]]},"properties":{"code":"7741","name":"Frøstrup"}},
{"type":"Feature","geometry":{"type":"Polygon","coordinates":[[[8.869,56.967],[8.898,56.963],[8.94,56.991],[9.011,56.965],[9.032,56.948],[9.098,56.958],[9.123,56.973],[9.113,57.01],[9.077,57.054],[9.061,57.05],[9.043,57.045],[8.974,57.056],[8.935,57.038],[8.92,57.008],[8.891,57.004],[8.867,56.979],[8.869,56.967]]]},"properties":{"code":"7742","name":"Vesløs"}},
{"type":"Feature","geometry":{"type":"Polygon","coordinates":[[[7.496,57.348],[7.218,57.262],[7.702,57.101],[8.136,56.95],[8.269,56.924],[8.309,56.905],[8.395,56.89],[8.432,56.844],[8.458,56.845],[8.474,56.827],[8.506,56.818],[8.529,56.823],[8.558,56.804],[8.583,56.808],[8.599,56.811],[8.602,56.828],[8.623,56.839],[8.636,56.87],[8.613,56.888],[8.553,56.917],[8.482,56.905],[8.462,56.915],[8.385,56.928],[8.336,56.931],[8.321,56.945],[8.257,56.972],[7.832,57.184],[7.496,57.348]]]},"properties":{"code":"7752","name":"Snedsted"}},
{"type":"Feature","geometry":{"type":"Polygon","coordinates":[[[7.218,57.262],[6.934,57.173],[7.673,56.971],[8.293,56.846],[8.299,56.822],[8.359,56.783],[8.384,56.785],[8.441,56.775],[8.466,56.784],[8.514,56.781],[8.558,56.804],[8.529,56.823],[8.506,56.818],[8.474,56.827],[8.458,56.845],[8.432,56.844],[8.395,56.89],[8.309,56.905],[8.269,56.924],[8.136,56.95],[7.702,57.101],[7.218,57.262]]]},"properties":{"code":"7755","name":"Bedsted Thy"}},
{"type":"Feature","geometry":{"type":"Polygon","coordinates":[[[8.375,56.624],[8.422,56.677],[8.451,56.69],[8.506,56.673],[8.552,56.697],[8.531,56.719],[8.495,56.721],[8.493,56.733],[8.515,56.754],[8.514,56.781],[8.466,56.784],[8.441,56.775],[8.384,56.785],[8.359,56.783],[8.356,56.757],[8.342,56.741],[8.282,56.709],[8.29,56.677],[8.316,56.639],[8.375,56.624]]]},"properties":{"code":"7760","name":"Hurup Thy"}},
{"type":"Feature","geometry":{"type":"Polygon","coordinates":[[[8.29,56.677],[8.282,56.709],[8.342,56.741],[8.356,56.757],[8.359,56.783],[8.299,56.822],[8.293,56.846],[7.673,56.971],[6.934,57.173],[6.238,56.965],[7.679,56.797],[8.096,56.753],[8.22,56.716],[8.25,56.689],[8.29,56.677]]]},"properties":{"code":"7770","name":"Vestervig"}},
{"type":"Feature","geometry":{"type":"Polygon","coordinates":[[[8.651,56.599],[8.694,56.648],[8.606,56.677],[8.591,56.694],[8.552,56.697],[8.506,56.673],[8.451,56.69],[8.422,56.677],[8.375,56.624],[8.427,56.612],[8.479,56.579],[8.517,56.564],[8.561,56.578],[8.6,56.584],[8.651,56.599]]]},"properties":{"code":"7790","name":"Thyholm"}},
{"type":"Feature","geometry":{"type":"Polygon","coordinates":[[[9.055,56.41],[9.055,56.436],[9.078,56.445],[9.073,56.481],[9.032,56.506],[9.096,56.53],[9.087,56.556],[9.067,56.563],[9.067,56.589],[9.084,56.619],[9.028,56.647],[8.983,56.649],[8.937,56.625],[8.942,56.604],[8.922,56.596],[8.96,56.565],[8.922,56.551],[8.878,56.555],[8.85,56.549],[8.854,56.53],[8.884,56.509],[8.933,56.496],[8.914,56.479],[8.923,56.463],[8.92,56.429],[8.967,56.426],[8.978,56.413],[9.019,56.407],[9.055,56.41]]]},"properties":{"code":"7800","name":"Skive"}},
{"type":"Feature","geometry":{"type":"Polygon","coordinates":[[[8.931,56.379],[8.956,56.379],[8.963,56.409],[8.978,56.413],[8.967,56.426],[8.92,56.429],[8.923,56.463],[8.914,56.479],[8.933,56.496],[8.884,56.509],[8.854,56.53],[8.85,56.549],[8.808,56.566],[8.773,56.551],[8.695,56.548],[8.685,56.507],[8.665,56.498],[8.698,56.449],[8.694,56.432],[8.798,56.425],[8.825,56.408],[8.847,56.405],[8.914,56.379],[8.931,56.379]]]},"properties":{"code":"7830","name":"Vinderup"}},
{"type":"Feature","geometry":{"type":"Polygon","coordinates":[[[9.096,56.53],[9.121,56.518],[9.194,56.525],[9.205,56.532],[9.231,56.55],[9.247,56.575],[9.269,56.576],[9.293,56.597],[9.302,56.617],[9.283,56.649],[9.263,56.657],[9.194,56.647],[9.146,56.669],[9.113,56.636],[9.084,56.619],[9.067,56.589],[9.067,56.563],[9.087,56.556],[9.096,56.53]]]},"properties":{"code":"7840","name":"Højslev"}},
{"type":"Feature","geometry":{"type":"Polygon","coordinates":[[[9.078,56.445],[9.112,56.435],[9.177,56.47],[9.198,56.476],[9.211,56.506],[9.194,56.525],[9.121,56.518],[9.096,56.53],[9.032,56.506],[9.073,56.481],[9.078,56.445]]]},"properties":{"code":"7850","name":"Stoholm Jyll"}},
{"type":"Feature","geometry":{"type":"Polygon","coordinates":[[[8.695,56.548],[8.773,56.551],[8.808,56.566],[8.85,56.549],[8.878,56.555],[8.922,56.551],[8.96,56.565],[8.922,56.596],[8.942,56.604],[8.937,56.625],[8.983,56.649],[8.974,56.664],[8.871,56.684],[8.845,56.702],[8.807,56.703],[8.739,56.661],[8.694,56.648],[8.651,56.599],[8.681,56.581],[8.695,56.548]]]},"properties":{"code":"7860","name":"Spøttrup"}},
{"type":"Feature","geometry":{"type":"Polygon","coordinates":[[[9.084,56.619],[9.113,56.636],[9.146,56.669],[9.152,56.689],[9.182,56.7],[9.212,56.72],[9.158,56.759],[9.144,56.794],[9.123,56.815],[9.042,56.808],[9.005,56.793],[8.939,56.817],[8.919,56.818],[8.898,56.783],[8.848,56.765],[8.854,56.755],[8.81,56.711],[8.807,56.703],[8.845,56.702],[8.871,56.684],[8.974,56.664],[8.983,56.649],[9.028,56.647],[9.084,56.619]]]},"properties":{"code":"7870","name":"Roslev"}},
{"type":"Feature","geometry":{"type":"Polygon","coordinates":[[[9.123,56.815],[9.137,56.85],[9.101,56.856],[8.999,56.893],[8.903,56.848],[8.919,56.818],[8.939,56.817],[9.005,56.793],[9.042,56.808],[9.123,56.815]]]},"properties":{"code":"7884","name":"Fur"}},
{"type":"Feature","geometry":{"type":"Polygon","coordinates":[[[8.722,56.92],[8.759,56.861],[8.789,56.845],[8.77,56.822],[8.744,56.813],[8.702,56.818],[8.696,56.805],[8.659,56.811],[8.599,56.811],[8.583,56.808],[8.586,56.79],[8.615,56.773],[8.658,56.767],[8.686,56.771],[8.715,56.771],[8.73,56.787],[8.757,56.78],[8.749,56.736],[8.81,56.711],[8.854,56.755],[8.848,56.765],[8.898,56.783],[8.919,56.818],[8.903,56.848],[8.999,56.893],[9.032,56.948],[9.011,56.965],[8.94,56.991],[8.898,56.963],[8.869,56.967],[8.824,56.952],[8.786,56.925],[8.722,56.92]]]},"properties":{"code":"7900","name":"Nykøbing M"}},
{"type":"Feature","geometry":{"type":"Polygon","coordinates":[[[8.636,56.87],[8.623,56.839],[8.602,56.828],[8.599,56.811],[8.659,56.811],[8.696,56.805],[8.702,56.818],[8.744,56.813],[8.77,56.822],[8.789,56.845],[8.759,56.861],[8.722,56.92],[8.63,56.886],[8.636,56.87]]]},"properties":{"code":"7950","name":"Erslev"}},
{"type":"Feature","geometry":{"type":"Polygon","coordinates":[[[8.558,56.804],[8.514,56.781],[8.515,56.754],[8.493,56.733],[8.495,56.721],[8.531,56.719],[8.552,56.697],[8.591,56.694],[8.599,56.711],[8.586,56.727],[8.612,56.758],[8.658,56.767],[8.615,56.773],[8.586,56.79],[8.583,56.808],[8.558,56.804]]]},"properties":{"code":"7960","name":"Karby"}},
{"type":"Feature","geometry":{"type":"Polygon","coordinates":[[[8.658,56.767],[8.612,56.758],[8.586,56.727],[8.599,56.711],[8.619,56.719],[8.665,56.72],[8.699,56.728],[8.697,56.762],[8.686,56.771],[8.658,56.767]]]},"properties":{"code":"7970","name":"Redsted M"}},
{"type":"Feature","geometry":{"type":"Polygon","coordinates":[[[8.686,56.771],[8.697,56.762],[8.699,56.728],[8.716,56.722],[8.749,56.736],[8.757,56.78],[8.73,56.787],[8.715,56.771],[8.686,56.771]]]},"properties":{"code":"7980","name":"Vils"}},
{"type":"Feature","geometry":{"type":"Polygon","coordinates":[[[8.694,56.648],[8.739,56.661],[8.807,56.703],[8.81,56.711],[8.749,56.736],[8.716,56.722],[8.699,56.728],[8.665,56.72],[8.619,56.719],[8.599,56.711],[8.591,56.694],[8.606,56.677],[8.694,56.648]]]},"properties":{"code":"7990","name":"Øster Assels"}},
{"type":"Feature","geometry":{"type":"Polygon","coordinates":[[[10.221,56.169],[10.191,56.168],[10.18,56.157],[10.173,56.144],[10.19,56.133],[10.207,56.121],[10.239,56.131],[10.33,56.121],[10.323,56.148],[10.307,56.168],[10.286,56.173],[10.221,56.169]]]},"properties":{"code":"8000","name":"Aarhus C"}},
{"type":"Feature","geometry":{"type":"Polygon","coordinates":[[[10.221,56.169],[10.201,56.189],[10.208,56.216],[10.205,56.237],[10.167,56.241],[10.129,56.221],[10.117,56.216],[10.138,56.184],[10.166,56.185],[10.191,56.168],[10.221,56.169]]]},"properties":{"code":"8200","name":"Aarhus N"}},
{"type":"Feature","geometry":{"type":"Polygon","coordinates":[[[10.191,56.168],[10.166,56.185],[10.138,56.184],[10.116,56.175],[10.144,56.163],[10.18,56.157],[10.191,56.168]]]},"properties":{"code":"8210","name":"Aarhus V"}},
{"type":"Feature","geometry":{"type":"Polygon","coordinates":[[[10.116,56.175],[10.093,56.17],[10.042,56.178],[10.023,56.177],[10.029,56.157],[10.062,56.138],[10.104,56.147],[10.133,56.141],[10.144,56.163],[10.116,56.175]]]},"properties":{"code":"8220","name":"Brabrand"}},
{"type":"Feature","geometry":{"type":"Polygon","coordinates":[[[10.18,56.157],[10.144,56.163],[10.133,56.141],[10.173,56.144],[10.18,56.157]]]},"properties":{"code":"8230","name":"Åbyhøj"}},
{"type":"Feature","geometry":{"type":"Polygon","coordinates":[[[10.307,56.168],[10.316,56.199],[10.285,56.207],[10.259,56.202],[10.24,56.224],[10.208,56.216],[10.201,56.189],[10.221,56.169],[10.286,56.173],[10.307,56.168]]]},"properties":{"code":"8240","name":"Risskov"}},
{"type":"Feature","geometry":{"type":"Polygon","coordinates":[[[10.316,56.199],[10.329,56.211],[10.387,56.232],[10.323,56.244],[10.294,56.242],[10.264,56.236],[10.24,56.224],[10.259,56.202],[10.285,56.207],[10.316,56.199]]]},"properties":{"code":"8250","name":"Egå"}},
{"type":"Feature","geometry":{"type":"Polygon","coordinates":[[[10.173,56.144],[10.133,56.141],[10.104,56.147],[10.062,56.138],[10.027,56.117],[10.054,56.111],[10.113,56.124],[10.125,56.109],[10.148,56.106],[10.19,56.133],[10.173,56.144]]]},"properties":{"code":"8260","name":"Viby J"}},
{"type":"Feature","geometry":{"type":"Polygon","coordinates":[[[10.19,56.133],[10.148,56.106],[10.174,56.094],[10.209,56.099],[10.212,56.08],[10.249,56.084],[10.297,56.073],[10.379,56.087],[10.33,56.121],[10.239,56.131],[10.207,56.121],[10.19,56.133]]]},"properties":{"code":"8270","name":"Højbjerg"}},
{"type":"Feature","geometry":{"type":"Polygon","coordinates":[[[10.177,55.793],[10.246,55.816],[10.319,55.85],[10.378,55.858],[10.431,55.882],[10.342,56.041],[10.302,56.035],[10.232,56.011],[10.191,56.019],[10.156,56.017],[10.123,56.026],[10.11,56.01],[10.041,55.997],[10.014,55.981],[10.035,55.954],[10.074,55.957],[10.085,55.949],[10.074,55.926],[10.093,55.913],[10.087,55.896],[10.074,55.875],[10.052,55.872],[10.022,55.853],[10.029,55.84],[10.124,55.838],[10.177,55.793]]]},"properties":{"code":"8300","name":"Odder"}},
{"type":"Feature","geometry":{"type":"Polygon","coordinates":[[[10.887,55.865],[10.879,55.946],[10.88,56.022],[10.762,56.028],[10.675,56.054],[10.581,56.052],[10.431,56.035],[10.482,55.97],[10.494,55.945],[10.481,55.899],[10.431,55.882],[10.378,55.858],[10.418,55.804],[10.44,55.747],[10.456,55.688],[10.483,55.68],[10.571,55.691],[10.717,55.698],[10.723,55.72],[10.771,55.793],[10.793,55.818],[10.887,55.865]]]},"properties":{"code":"8305","name":"Samsø"}},
{"type":"Feature","geometry":{"type":"Polygon","coordinates":[[[10.125,56.109],[10.109,56.081],[10.087,56.074],[10.091,56.067],[10.115,56.058],[10.129,56.078],[10.174,56.094],[10.148,56.106],[10.125,56.109]]]},"properties":{"code":"8310","name":"Tranbjerg J"}},
{"type":"Feature","geometry":{"type":"Polygon","coordinates":[[[10.174,56.094],[10.129,56.078],[10.115,56.058],[10.131,56.045],[10.192,56.053],[10.212,56.08],[10.209,56.099],[10.174,56.094]]]},"properties":{"code":"8320","name":"Mårslet"}},
{"type":"Feature","geometry":{"type":"Polygon","coordinates":[[[10.212,56.08],[10.192,56.053],[10.246,56.039],[10.275,56.045],[10.401,56.055],[10.379,56.087],[10.297,56.073],[10.249,56.084],[10.212,56.08]]]},"properties":{"code":"8330","name":"Beder"}},
{"type":"Feature","geometry":{"type":"Polygon","coordinates":[[[10.342,56.041],[10.405,56.049],[10.401,56.055],[10.275,56.045],[10.246,56.039],[10.192,56.053],[10.131,56.045],[10.123,56.026],[10.156,56.017],[10.191,56.019],[10.232,56.011],[10.302,56.035],[10.342,56.041]]]},"properties":{"code":"8340","name":"Malling"}},
{"type":"Feature","geometry":{"type":"Polygon","coordinates":[[[10.035,55.954],[10.023,55.924],[10.016,55.911],[10.052,55.872],[10.074,55.875],[10.087,55.896],[10.093,55.913],[10.074,55.926],[10.085,55.949],[10.074,55.957],[10.035,55.954]]]},"properties":{"code":"8350","name":"Hundslund"}},
{"type":"Feature","geometry":{"type":"Polygon","coordinates":[[[10.123,56.026],[10.131,56.045],[10.115,56.058],[10.091,56.067],[10.066,56.052],[10.041,55.997],[10.11,56.01],[10.123,56.026]]]},"properties":{"code":"8355","name":"Solbjerg"}},
{"type":"Feature","geometry":{"type":"Polygon","coordinates":[[[10.054,56.111],[10.05,56.096],[10.087,56.074],[10.109,56.081],[10.125,56.109],[10.113,56.124],[10.054,56.111]]]},"properties":{"code":"8361","name":"Hasselager"}},
{"type":"Feature","geometry":{"type":"Polygon","coordinates":[[[10.027,56.117],[9.98,56.111],[9.946,56.098],[9.959,56.079],[10.018,56.073],[10.066,56.052],[10.091,56.067],[10.087,56.074],[10.05,56.096],[10.054,56.111],[10.027,56.117]]]},"properties":{"code":"8362","name":"Hørning"}},
{"type":"Feature","geometry":{"type":"Polygon","coordinates":[[[10.231,56.364],[10.236,56.373],[10.195,56.391],[10.145,56.391],[10.115,56.379],[10.097,56.372],[10.071,56.382],[9.984,56.382],[9.959,56.362],[9.964,56.337],[9.943,56.316],[9.966,56.298],[9.99,56.301],[10.04,56.296],[10.076,56.301],[10.117,56.286],[10.132,56.306],[10.166,56.298],[10.198,56.324],[10.166,56.327],[10.162,56.347],[10.231,56.364]]]},"properties":{"code":"8370","name":"Hadsten"}},
{"type":"Feature","geometry":{"type":"Polygon","coordinates":[[[10.167,56.241],[10.185,56.264],[10.187,56.278],[10.166,56.298],[10.132,56.306],[10.117,56.286],[10.126,56.261],[10.129,56.221],[10.167,56.241]]]},"properties":{"code":"8380","name":"Trige"}},
{"type":"Feature","geometry":{"type":"Polygon","coordinates":[[[10.117,56.216],[10.107,56.218],[10.042,56.178],[10.093,56.17],[10.116,56.175],[10.138,56.184],[10.117,56.216]]]},"properties":{"code":"8381","name":"Tilst"}},
{"type":"Feature","geometry":{"type":"Polygon","coordinates":[[[10.129,56.221],[10.126,56.261],[10.117,56.286],[10.076,56.301],[10.04,56.296],[9.99,56.301],[9.966,56.298],[9.966,56.281],[9.94,56.272],[9.948,56.251],[10.019,56.243],[10.046,56.225],[10.107,56.218],[10.117,56.216],[10.129,56.221]]]},"properties":{"code":"8382","name":"Hinnerup"}},
{"type":"Feature","geometry":{"type":"Polygon","coordinates":[[[11.111,56.171],[10.877,56.273],[10.816,56.289],[10.761,56.3],[10.727,56.298],[10.725,56.312],[10.703,56.316],[10.698,56.336],[10.665,56.31],[10.64,56.304],[10.654,56.259],[10.594,56.254],[10.53,56.258],[10.543,56.204],[10.597,56.181],[10.591,56.167],[10.627,56.123],[10.675,56.054],[10.762,56.028],[10.88,56.022],[11.008,56.087],[11.055,56.138],[11.111,56.171]]]},"properties":{"code":"8400","name":"Ebeltoft"}},
{"type":"Feature","geometry":{"type":"Polygon","coordinates":[[[10.64,56.304],[10.598,56.308],[10.528,56.324],[10.526,56.344],[10.503,56.341],[10.44,56.381],[10.417,56.377],[10.43,56.328],[10.391,56.308],[10.37,56.307],[10.393,56.287],[10.43,56.262],[10.486,56.269],[10.53,56.258],[10.594,56.254],[10.654,56.259],[10.64,56.304]]]},"properties":{"code":"8410","name":"Rønde"}},
{"type":"Feature","geometry":{"type":"Polygon","coordinates":[[[10.33,56.121],[10.379,56.087],[10.401,56.055],[10.405,56.049],[10.431,56.035],[10.581,56.052],[10.675,56.054],[10.627,56.123],[10.591,56.167],[10.597,56.181],[10.543,56.204],[10.53,56.258],[10.486,56.269],[10.43,56.262],[10.387,56.232],[10.329,56.211],[10.316,56.199],[10.307,56.168],[10.323,56.148],[10.33,56.121]]]},"properties":{"code":"8420","name":"Knebel"}},
{"type":"Feature","geometry":{"type":"Polygon","coordinates":[[[11.194,56.208],[11.007,56.27],[10.909,56.306],[10.857,56.315],[10.865,56.33],[10.838,56.341],[10.803,56.323],[10.76,56.334],[10.734,56.329],[10.725,56.312],[10.727,56.298],[10.761,56.3],[10.816,56.289],[10.877,56.273],[11.111,56.171],[11.194,56.208]]]},"properties":{"code":"8444","name":"Balle"}},
{"type":"Feature","geometry":{"type":"Polygon","coordinates":[[[9.943,56.316],[9.901,56.309],[9.845,56.311],[9.827,56.295],[9.783,56.271],[9.771,56.262],[9.787,56.233],[9.85,56.235],[9.898,56.214],[9.906,56.213],[9.93,56.224],[9.948,56.251],[9.94,56.272],[9.966,56.281],[9.966,56.298],[9.943,56.316]]]},"properties":{"code":"8450","name":"Hammel"}},
{"type":"Feature","geometry":{"type":"Polygon","coordinates":[[[10.023,56.177],[9.997,56.179],[9.97,56.175],[9.971,56.151],[9.96,56.129],[9.98,56.111],[10.027,56.117],[10.062,56.138],[10.029,56.157],[10.023,56.177]]]},"properties":{"code":"8462","name":"Harlev J"}},
{"type":"Feature","geometry":{"type":"Polygon","coordinates":[[[9.98,56.111],[9.96,56.129],[9.971,56.151],[9.97,56.175],[9.997,56.179],[9.96,56.212],[9.906,56.213],[9.898,56.214],[9.859,56.188],[9.859,56.18],[9.858,56.169],[9.851,56.144],[9.894,56.124],[9.927,56.124],[9.946,56.098],[9.98,56.111]]]},"properties":{"code":"8464","name":"Galten"}},
{"type":"Feature","geometry":{"type":"Polygon","coordinates":[[[10.042,56.178],[10.107,56.218],[10.046,56.225],[10.019,56.243],[9.948,56.251],[9.93,56.224],[9.906,56.213],[9.96,56.212],[9.997,56.179],[10.023,56.177],[10.042,56.178]]]},"properties":{"code":"8471","name":"Sabro"}},
{"type":"Feature","geometry":{"type":"Polygon","coordinates":[[[9.787,56.233],[9.772,56.204],[9.792,56.191],[9.859,56.18],[9.859,56.188],[9.898,56.214],[9.85,56.235],[9.787,56.233]]]},"properties":{"code":"8472","name":"Sporup"}},
{"type":"Feature","geometry":{"type":"Polygon","coordinates":[[[11.446,56.423],[11.187,56.614],[11.109,56.691],[10.946,56.869],[10.927,56.87],[10.866,56.853],[10.804,56.807],[10.765,56.588],[10.768,56.545],[10.751,56.53],[10.756,56.495],[10.789,56.471],[10.773,56.45],[10.739,56.447],[10.738,56.423],[10.723,56.415],[10.733,56.396],[10.778,56.4],[10.798,56.383],[10.825,56.344],[10.838,56.341],[10.865,56.33],[10.857,56.315],[10.909,56.306],[11.007,56.27],[11.194,56.208],[11.292,56.245],[11.316,56.292],[11.339,56.322],[11.446,56.423]]]},"properties":{"code":"8500","name":"Grenaa"}},
{"type":"Feature","geometry":{"type":"Polygon","coordinates":[[[10.208,56.216],[10.24,56.224],[10.264,56.236],[10.234,56.263],[10.185,56.264],[10.167,56.241],[10.205,56.237],[10.208,56.216]]]},"properties":{"code":"8520","name":"Lystrup"}},
{"type":"Feature","geometry":{"type":"Polygon","coordinates":[[[10.294,56.242],[10.289,56.27],[10.26,56.28],[10.264,56.289],[10.24,56.303],[10.219,56.33],[10.198,56.324],[10.166,56.298],[10.187,56.278],[10.185,56.264],[10.234,56.263],[10.264,56.236],[10.294,56.242]]]},"properties":{"code":"8530","name":"Hjortshøj"}},
{"type":"Feature","geometry":{"type":"Polygon","coordinates":[[[10.387,56.232],[10.43,56.262],[10.393,56.287],[10.333,56.287],[10.316,56.297],[10.26,56.28],[10.289,56.27],[10.294,56.242],[10.323,56.244],[10.387,56.232]]]},"properties":{"code":"8541","name":"Skødstrup"}},
{"type":"Feature","geometry":{"type":"Polygon","coordinates":[[[10.198,56.324],[10.219,56.33],[10.24,56.303],[10.264,56.289],[10.26,56.28],[10.316,56.297],[10.333,56.287],[10.393,56.287],[10.37,56.307],[10.325,56.354],[10.231,56.364],[10.162,56.347],[10.166,56.327],[10.198,56.324]]]},"properties":{"code":"8543","name":"Hornslet"}},
{"type":"Feature","geometry":{"type":"Polygon","coordinates":[[[10.231,56.364],[10.325,56.354],[10.37,56.307],[10.391,56.308],[10.43,56.328],[10.417,56.377],[10.373,56.394],[10.339,56.396],[10.295,56.386],[10.269,56.409],[10.236,56.405],[10.195,56.391],[10.236,56.373],[10.231,56.364]]]},"properties":{"code":"8544","name":"Mørke"}},
{"type":"Feature","geometry":{"type":"Polygon","coordinates":[[[10.526,56.344],[10.55,56.355],[10.546,56.381],[10.566,56.388],[10.547,56.406],[10.498,56.41],[10.462,56.419],[10.425,56.419],[10.42,56.406],[10.373,56.394],[10.417,56.377],[10.44,56.381],[10.503,56.341],[10.526,56.344]]]},"properties":{"code":"8550","name":"Ryomgård"}},
{"type":"Feature","geometry":{"type":"Polygon","coordinates":[[[10.698,56.336],[10.673,56.352],[10.674,56.371],[10.705,56.39],[10.733,56.396],[10.723,56.415],[10.677,56.411],[10.652,56.399],[10.615,56.401],[10.566,56.388],[10.546,56.381],[10.55,56.355],[10.526,56.344],[10.528,56.324],[10.598,56.308],[10.64,56.304],[10.665,56.31],[10.698,56.336]]]},"properties":{"code":"8560","name":"Kolind"}},
{"type":"Feature","geometry":{"type":"Polygon","coordinates":[[[10.725,56.312],[10.734,56.329],[10.76,56.334],[10.803,56.323],[10.838,56.341],[10.825,56.344],[10.798,56.383],[10.778,56.4],[10.733,56.396],[10.705,56.39],[10.674,56.371],[10.673,56.352],[10.698,56.336],[10.703,56.316],[10.725,56.312]]]},"properties":{"code":"8570","name":"Trustrup"}},
{"type":"Feature","geometry":{"type":"Polygon","coordinates":[[[10.566,56.388],[10.615,56.401],[10.652,56.399],[10.677,56.411],[10.644,56.425],[10.603,56.424],[10.574,56.437],[10.567,56.464],[10.535,56.473],[10.506,56.453],[10.498,56.41],[10.547,56.406],[10.566,56.388]]]},"properties":{"code":"8581","name":"Nimtofte"}},
{"type":"Feature","geometry":{"type":"Polygon","coordinates":[[[10.804,56.807],[10.659,56.716],[10.604,56.664],[10.534,56.618],[10.529,56.587],[10.554,56.498],[10.588,56.478],[10.621,56.485],[10.637,56.474],[10.666,56.481],[10.675,56.462],[10.739,56.447],[10.773,56.45],[10.789,56.471],[10.756,56.495],[10.751,56.53],[10.768,56.545],[10.765,56.588],[10.804,56.807]]]},"properties":{"code":"8585","name":"Glesborg"}},
{"type":"Feature","geometry":{"type":"Polygon","coordinates":[[[10.739,56.447],[10.675,56.462],[10.666,56.481],[10.637,56.474],[10.621,56.485],[10.588,56.478],[10.567,56.464],[10.574,56.437],[10.603,56.424],[10.644,56.425],[10.677,56.411],[10.723,56.415],[10.738,56.423],[10.739,56.447]]]},"properties":{"code":"8586","name":"Ørum Djurs"}},
{"type":"Feature","geometry":{"type":"Polygon","coordinates":[[[12.145,56.507],[11.689,57.086],[11.521,57.047],[11.449,57.019],[11.349,56.988],[10.946,56.869],[11.109,56.691],[11.187,56.614],[11.446,56.423],[11.985,56.475],[12.145,56.507]]]},"properties":{"code":"8592","name":"Anholt"}},
{"type":"Feature","geometry":{"type":"Polygon","coordinates":[[[9.423,56.126],[9.428,56.114],[9.486,56.098],[9.518,56.11],[9.524,56.124],[9.56,56.123],[9.582,56.113],[9.642,56.116],[9.652,56.123],[9.704,56.115],[9.751,56.138],[9.759,56.159],[9.746,56.173],[9.75,56.194],[9.732,56.19],[9.689,56.223],[9.69,56.245],[9.671,56.242],[9.659,56.264],[9.596,56.266],[9.585,56.252],[9.606,56.229],[9.582,56.207],[9.521,56.233],[9.501,56.223],[9.47,56.241],[9.452,56.222],[9.374,56.208],[9.366,56.176],[9.404,56.129],[9.423,56.126]]]},"properties":{"code":"8600","name":"Silkeborg"}},
{"type":"Feature","geometry":{"type":"Polygon","coordinates":[[[9.374,56.208],[9.452,56.222],[9.47,56.241],[9.531,56.265],[9.575,56.263],[9.566,56.279],[9.54,56.29],[9.55,56.307],[9.498,56.311],[9.472,56.324],[9.439,56.356],[9.446,56.366],[9.404,56.35],[9.32,56.341],[9.298,56.312],[9.278,56.307],[9.252,56.279],[9.265,56.264],[9.292,56.241],[9.368,56.225],[9.374,56.208]]]},"properties":{"code":"8620","name":"Kjellerup"}},
{"type":"Feature","geometry":{"type":"Polygon","coordinates":[[[9.596,56.266],[9.575,56.263],[9.531,56.265],[9.47,56.241],[9.501,56.223],[9.521,56.233],[9.582,56.207],[9.606,56.229],[9.585,56.252],[9.596,56.266]]]},"properties":{"code":"8632","name":"Lemming"}},
{"type":"Feature","geometry":{"type":"Polygon","coordinates":[[[9.859,56.18],[9.792,56.191],[9.772,56.204],[9.75,56.194],[9.746,56.173],[9.759,56.159],[9.858,56.169],[9.859,56.18]]]},"properties":{"code":"8641","name":"Sorring"}},
{"type":"Feature","geometry":{"type":"Polygon","coordinates":[[[9.659,56.264],[9.664,56.296],[9.679,56.3],[9.663,56.315],[9.625,56.309],[9.577,56.318],[9.55,56.307],[9.54,56.29],[9.566,56.279],[9.575,56.263],[9.596,56.266],[9.659,56.264]]]},"properties":{"code":"8643","name":"Ans By"}},
{"type":"Feature","geometry":{"type":"Polygon","coordinates":[[[9.434,56.068],[9.452,56.054],[9.501,56.046],[9.561,56.056],[9.568,56.056],[9.569,56.056],[9.596,56.069],[9.624,56.07],[9.638,56.086],[9.642,56.116],[9.582,56.113],[9.56,56.123],[9.524,56.124],[9.518,56.11],[9.486,56.098],[9.428,56.114],[9.423,56.126],[9.397,56.088],[9.434,56.068]]]},"properties":{"code":"8653","name":"Them"}},
{"type":"Feature","geometry":{"type":"Polygon","coordinates":[[[9.425,56.022],[9.436,56.005],[9.465,55.992],[9.532,55.997],[9.539,56.014],[9.58,56.003],[9.605,56.013],[9.561,56.056],[9.501,56.046],[9.452,56.054],[9.434,56.068],[9.414,56.034],[9.425,56.022]]]},"properties":{"code":"8654","name":"Bryrup"}},
{"type":"Feature","geometry":{"type":"Polygon","coordinates":[[[10.041,55.997],[10.066,56.052],[10.018,56.073],[9.959,56.079],[9.946,56.098],[9.927,56.124],[9.894,56.124],[9.851,56.144],[9.819,56.132],[9.855,56.113],[9.862,56.08],[9.823,56.08],[9.807,56.069],[9.777,56.073],[9.762,56.061],[9.767,56.041],[9.701,56.041],[9.703,56.054],[9.672,56.059],[9.661,56.042],[9.665,56.041],[9.696,56.01],[9.732,56.009],[9.799,56.017],[9.787,55.992],[9.808,55.974],[9.843,55.961],[9.875,55.958],[9.878,55.966],[9.941,55.969],[9.969,55.992],[10.014,55.981],[10.041,55.997]]]},"properties":{"code":"8660","name":"Skanderborg"}},
{"type":"Feature","geometry":{"type":"Polygon","coordinates":[[[9.858,56.169],[9.759,56.159],[9.751,56.138],[9.819,56.132],[9.851,56.144],[9.858,56.169]]]},"properties":{"code":"8670","name":"Låsby"}},
{"type":"Feature","geometry":{"type":"Polygon","coordinates":[[[9.642,56.116],[9.638,56.086],[9.624,56.07],[9.672,56.059],[9.703,56.054],[9.701,56.041],[9.767,56.041],[9.762,56.061],[9.777,56.073],[9.807,56.069],[9.823,56.08],[9.862,56.08],[9.855,56.113],[9.819,56.132],[9.751,56.138],[9.704,56.115],[9.652,56.123],[9.642,56.116]]]},"properties":{"code":"8680","name":"Ry"}},
{"type":"Feature","geometry":{"type":"Polygon","coordinates":[[[10.022,55.853],[10.052,55.872],[10.016,55.911],[10.023,55.924],[9.954,55.931],[9.951,55.931],[9.922,55.931],[9.921,55.931],[9.919,55.931],[9.876,55.922],[9.814,55.928],[9.802,55.941],[9.797,55.942],[9.791,55.942],[9.758,55.934],[9.757,55.932],[9.751,55.929],[9.704,55.918],[9.694,55.904],[9.693,55.896],[9.691,55.873],[9.685,55.863],[9.685,55.837],[9.717,55.839],[9.719,55.838],[9.719,55.837],[9.721,55.835],[9.747,55.834],[9.786,55.816],[9.814,55.828],[9.85,55.822],[9.846,55.806],[9.88,55.802],[9.946,55.807],[9.946,55.822],[9.971,55.841],[10.022,55.853]]]},"properties":{"code":"8700","name":"Horsens"}},
{"type":"Feature","geometry":{"type":"Polygon","coordinates":[[[9.714,55.686],[9.718,55.707],[9.778,55.725],[9.754,55.755],[9.732,55.744],[9.684,55.74],[9.671,55.702],[9.714,55.686]]]},"properties":{"code":"8721","name":"Daugård"}},
{"type":"Feature","geometry":{"type":"Polygon","coordinates":[[[9.593,55.753],[9.624,55.758],[9.674,55.754],[9.684,55.74],[9.732,55.744],[9.754,55.755],[9.775,55.748],[9.792,55.766],[9.766,55.792],[9.709,55.787],[9.674,55.795],[9.617,55.792],[9.596,55.77],[9.593,55.753]]]},"properties":{"code":"8722","name":"Hedensted"}},
{"type":"Feature","geometry":{"type":"Polygon","coordinates":[[[9.617,55.792],[9.674,55.795],[9.709,55.787],[9.766,55.792],[9.786,55.816],[9.747,55.834],[9.721,55.835],[9.719,55.837],[9.719,55.838],[9.717,55.839],[9.685,55.837],[9.645,55.831],[9.604,55.808],[9.617,55.792]]]},"properties":{"code":"8723","name":"Løsning"}},
{"type":"Feature","geometry":{"type":"Polygon","coordinates":[[[10.014,55.981],[9.969,55.992],[9.941,55.969],[9.878,55.966],[9.875,55.958],[9.89,55.941],[9.919,55.931],[9.921,55.931],[9.922,55.931],[9.951,55.931],[9.954,55.931],[10.023,55.924],[10.035,55.954],[10.014,55.981]]]},"properties":{"code":"8732","name":"Hovedgård"}},
{"type":"Feature","geometry":{"type":"Polygon","coordinates":[[[9.612,55.91],[9.645,55.915],[9.665,55.912],[9.666,55.911],[9.694,55.904],[9.704,55.918],[9.751,55.929],[9.729,55.93],[9.702,55.947],[9.701,55.979],[9.686,55.995],[9.696,56.01],[9.665,56.041],[9.661,56.042],[9.672,56.059],[9.624,56.07],[9.596,56.069],[9.569,56.056],[9.568,56.056],[9.561,56.056],[9.605,56.013],[9.58,56.003],[9.539,56.014],[9.532,55.997],[9.465,55.992],[9.504,55.969],[9.513,55.933],[9.537,55.932],[9.559,55.916],[9.612,55.91]]]},"properties":{"code":"8740","name":"Brædstrup"}},
{"type":"Feature","geometry":{"type":"Polygon","coordinates":[[[9.808,55.974],[9.802,55.941],[9.814,55.928],[9.876,55.922],[9.919,55.931],[9.89,55.941],[9.875,55.958],[9.843,55.961],[9.808,55.974]]]},"properties":{"code":"8751","name":"Gedved"}},
{"type":"Feature","geometry":{"type":"Polygon","coordinates":[[[9.696,56.01],[9.686,55.995],[9.701,55.979],[9.702,55.947],[9.729,55.93],[9.751,55.929],[9.757,55.932],[9.758,55.934],[9.791,55.942],[9.797,55.942],[9.802,55.941],[9.808,55.974],[9.787,55.992],[9.799,56.017],[9.732,56.009],[9.696,56.01]]]},"properties":{"code":"8752","name":"Østbirk"}},
{"type":"Feature","geometry":{"type":"Polygon","coordinates":[[[9.645,55.831],[9.685,55.837],[9.685,55.863],[9.691,55.873],[9.693,55.896],[9.694,55.904],[9.666,55.911],[9.665,55.912],[9.645,55.915],[9.644,55.864],[9.645,55.831]]]},"properties":{"code":"8762","name":"Flemming"}},
{"type":"Feature","geometry":{"type":"Polygon","coordinates":[[[9.568,55.873],[9.6,55.858],[9.644,55.864],[9.645,55.915],[9.612,55.91],[9.568,55.873]]]},"properties":{"code":"8763","name":"Rask Mølle"}},
{"type":"Feature","geometry":{"type":"Polygon","coordinates":[[[9.559,55.916],[9.537,55.932],[9.513,55.933],[9.504,55.969],[9.479,55.967],[9.446,55.942],[9.454,55.925],[9.442,55.91],[9.523,55.907],[9.559,55.916]]]},"properties":{"code":"8765","name":"Klovborg"}},
{"type":"Feature","geometry":{"type":"Polygon","coordinates":[[[9.442,55.91],[9.454,55.925],[9.446,55.942],[9.479,55.967],[9.504,55.969],[9.465,55.992],[9.436,56.005],[9.425,56.022],[9.379,56.009],[9.342,56.005],[9.332,55.982],[9.374,55.932],[9.387,55.924],[9.436,55.909],[9.442,55.91]]]},"properties":{"code":"8766","name":"Nørre Snede"}},
{"type":"Feature","geometry":{"type":"Polygon","coordinates":[[[9.786,55.816],[9.766,55.792],[9.792,55.766],[9.836,55.783],[9.846,55.806],[9.85,55.822],[9.814,55.828],[9.786,55.816]]]},"properties":{"code":"8781","name":"Stenderup"}},
{"type":"Feature","geometry":{"type":"Polygon","coordinates":[[[9.88,55.802],[9.846,55.806],[9.836,55.783],[9.792,55.766],[9.775,55.748],[9.799,55.73],[9.846,55.742],[9.863,55.735],[9.905,55.746],[9.888,55.76],[9.901,55.779],[9.88,55.802]]]},"properties":{"code":"8783","name":"Hornsyld"}},
{"type":"Feature","geometry":{"type":"Polygon","coordinates":[[[10.261,55.683],[10.403,55.682],[10.456,55.688],[10.44,55.747],[10.418,55.804],[10.378,55.858],[10.319,55.85],[10.246,55.816],[10.177,55.793],[10.145,55.77],[10.147,55.712],[10.261,55.683]]]},"properties":{"code":"8789","name":"Endelave"}},
{"type":"Feature","geometry":{"type":"Polygon","coordinates":[[[10.431,55.882],[10.481,55.899],[10.494,55.945],[10.482,55.97],[10.431,56.035],[10.405,56.049],[10.342,56.041],[10.431,55.882]]]},"properties":{"code":"8799","name":"Tunø"}},
{"type":"Feature","geometry":{"type":"Polygon","coordinates":[[[9.32,56.341],[9.404,56.35],[9.446,56.366],[9.458,56.376],[9.521,56.38],[9.527,56.399],[9.559,56.401],[9.565,56.427],[9.53,56.444],[9.518,56.471],[9.481,56.465],[9.448,56.484],[9.445,56.499],[9.409,56.511],[9.375,56.511],[9.375,56.494],[9.346,56.478],[9.292,56.491],[9.255,56.486],[9.248,56.519],[9.205,56.532],[9.194,56.525],[9.211,56.506],[9.198,56.476],[9.177,56.47],[9.112,56.435],[9.078,56.445],[9.055,56.436],[9.055,56.41],[9.136,56.377],[9.172,56.383],[9.179,56.401],[9.257,56.381],[9.252,56.365],[9.304,56.368],[9.32,56.341]]]},"properties":{"code":"8800","name":"Viborg"}},
{"type":"Feature","geometry":{"type":"Polygon","coordinates":[[[9.565,56.427],[9.622,56.433],[9.645,56.449],[9.674,56.449],[9.703,56.467],[9.776,56.45],[9.786,56.46],[9.786,56.518],[9.782,56.542],[9.793,56.562],[9.752,56.556],[9.703,56.59],[9.678,56.59],[9.629,56.57],[9.612,56.556],[9.56,56.551],[9.529,56.559],[9.511,56.572],[9.477,56.569],[9.415,56.545],[9.384,56.538],[9.403,56.532],[9.409,56.511],[9.445,56.499],[9.448,56.484],[9.481,56.465],[9.518,56.471],[9.53,56.444],[9.565,56.427]]]},"properties":{"code":"8830","name":"Tjele"}},
{"type":"Feature","geometry":{"type":"Polygon","coordinates":[[[9.205,56.532],[9.248,56.519],[9.255,56.486],[9.292,56.491],[9.346,56.478],[9.375,56.494],[9.375,56.511],[9.409,56.511],[9.403,56.532],[9.384,56.538],[9.363,56.537],[9.346,56.554],[9.3,56.544],[9.271,56.562],[9.269,56.576],[9.247,56.575],[9.231,56.55],[9.205,56.532]]]},"properties":{"code":"8831","name":"Løgstrup"}},
{"type":"Feature","geometry":{"type":"Polygon","coordinates":[[[9.269,56.576],[9.271,56.562],[9.3,56.544],[9.346,56.554],[9.363,56.537],[9.384,56.538],[9.415,56.545],[9.477,56.569],[9.47,56.588],[9.426,56.599],[9.417,56.634],[9.394,56.665],[9.336,56.66],[9.283,56.649],[9.302,56.617],[9.293,56.597],[9.269,56.576]]]},"properties":{"code":"8832","name":"Skals"}},
{"type":"Feature","geometry":{"type":"Polygon","coordinates":[[[9.55,56.307],[9.577,56.318],[9.575,56.334],[9.553,56.346],[9.558,56.371],[9.521,56.38],[9.458,56.376],[9.446,56.366],[9.439,56.356],[9.472,56.324],[9.498,56.311],[9.55,56.307]]]},"properties":{"code":"8840","name":"Rødkærsbro"}},
{"type":"Feature","geometry":{"type":"Polygon","coordinates":[[[9.679,56.3],[9.694,56.305],[9.732,56.315],[9.73,56.334],[9.749,56.341],[9.724,56.365],[9.741,56.413],[9.776,56.45],[9.703,56.467],[9.674,56.449],[9.645,56.449],[9.622,56.433],[9.565,56.427],[9.559,56.401],[9.527,56.399],[9.521,56.38],[9.558,56.371],[9.553,56.346],[9.575,56.334],[9.577,56.318],[9.625,56.309],[9.663,56.315],[9.679,56.3]]]},"properties":{"code":"8850","name":"Bjerringbro"}},
{"type":"Feature","geometry":{"type":"Polygon","coordinates":[[[9.776,56.45],[9.741,56.413],[9.724,56.365],[9.749,56.341],[9.808,56.334],[9.848,56.349],[9.842,56.416],[9.85,56.433],[9.838,56.45],[9.788,56.444],[9.776,56.45]]]},"properties":{"code":"8860","name":"Ulstrup"}},
{"type":"Feature","geometry":{"type":"Polygon","coordinates":[[[9.984,56.382],[9.946,56.416],[9.962,56.421],[9.973,56.446],[9.928,56.439],[9.899,56.419],[9.842,56.416],[9.848,56.349],[9.823,56.33],[9.845,56.311],[9.901,56.309],[9.943,56.316],[9.964,56.337],[9.959,56.362],[9.984,56.382]]]},"properties":{"code":"8870","name":"Langå"}},
{"type":"Feature","geometry":{"type":"Polygon","coordinates":[[[9.845,56.311],[9.823,56.33],[9.848,56.349],[9.808,56.334],[9.749,56.341],[9.73,56.334],[9.732,56.315],[9.694,56.305],[9.727,56.293],[9.75,56.296],[9.783,56.271],[9.827,56.295],[9.845,56.311]]]},"properties":{"code":"8881","name":"Thorsø"}},
{"type":"Feature","geometry":{"type":"Polygon","coordinates":[[[9.783,56.271],[9.75,56.296],[9.727,56.293],[9.694,56.305],[9.679,56.3],[9.664,56.296],[9.659,56.264],[9.671,56.242],[9.69,56.245],[9.725,56.239],[9.737,56.253],[9.771,56.262],[9.783,56.271]]]},"properties":{"code":"8882","name":"Fårvang"}},
{"type":"Feature","geometry":{"type":"Polygon","coordinates":[[[9.771,56.262],[9.737,56.253],[9.725,56.239],[9.69,56.245],[9.689,56.223],[9.732,56.19],[9.75,56.194],[9.772,56.204],[9.787,56.233],[9.771,56.262]]]},"properties":{"code":"8883","name":"Gjern"}},
{"type":"Feature","geometry":{"type":"Polygon","coordinates":[[[10.04,56.457],[10.032,56.47],[10.031,56.456],[10.04,56.457]]]},"properties":{"code":"8900","name":"Randers C"}},
{"type":"Feature","geometry":{"type":"Polygon","coordinates":[[[9.776,56.45],[9.788,56.444],[9.838,56.45],[9.85,56.433],[9.842,56.416],[9.899,56.419],[9.928,56.439],[9.973,56.446],[9.995,56.457],[10.031,56.456],[10.032,56.47],[10.023,56.503],[10.044,56.514],[9.987,56.511],[9.97,56.534],[9.927,56.525],[9.873,56.532],[9.855,56.518],[9.821,56.524],[9.786,56.518],[9.786,56.46],[9.776,56.45]]]},"properties":{"code":"8920","name":"Randers NV"}},
{"type":"Feature","geometry":{"type":"Polygon","coordinates":[[[10.04,56.457],[10.088,56.465],[10.132,56.457],[10.217,56.479],[10.232,56.503],[10.227,56.547],[10.214,56.564],[10.153,56.557],[10.132,56.544],[10.132,56.53],[10.091,56.506],[10.068,56.517],[10.044,56.514],[10.023,56.503],[10.032,56.47],[10.04,56.457]]]},"properties":{"code":"8930","name":"Randers NØ"}},
{"type":"Feature","geometry":{"type":"Polygon","coordinates":[[[10.115,56.379],[10.092,56.402],[10.058,56.423],[10.04,56.457],[10.031,56.456],[9.995,56.457],[9.973,56.446],[9.962,56.421],[9.946,56.416],[9.984,56.382],[10.071,56.382],[10.097,56.372],[10.115,56.379]]]},"properties":{"code":"8940","name":"Randers SV"}},
{"type":"Feature","geometry":{"type":"Polygon","coordinates":[[[10.217,56.479],[10.269,56.47],[10.3,56.468],[10.403,56.49],[10.428,56.52],[10.431,56.547],[10.492,56.606],[10.444,56.599],[10.347,56.609],[10.301,56.608],[10.286,56.591],[10.246,56.566],[10.227,56.547],[10.232,56.503],[10.217,56.479]]]},"properties":{"code":"8950","name":"Ørsted"}},
{"type":"Feature","geometry":{"type":"Polygon","coordinates":[[[10.195,56.391],[10.236,56.405],[10.269,56.409],[10.306,56.421],[10.266,56.431],[10.269,56.47],[10.217,56.479],[10.132,56.457],[10.088,56.465],[10.04,56.457],[10.058,56.423],[10.092,56.402],[10.115,56.379],[10.145,56.391],[10.195,56.391]]]},"properties":{"code":"8960","name":"Randers SØ"}},
{"type":"Feature","geometry":{"type":"Polygon","coordinates":[[[10.567,56.464],[10.588,56.478],[10.554,56.498],[10.529,56.587],[10.534,56.618],[10.492,56.606],[10.431,56.547],[10.428,56.52],[10.403,56.49],[10.3,56.468],[10.269,56.47],[10.266,56.431],[10.306,56.421],[10.335,56.435],[10.335,56.452],[10.411,56.458],[10.447,56.471],[10.506,56.453],[10.535,56.473],[10.567,56.464]]]},"properties":{"code":"8961","name":"Allingåbro"}},
{"type":"Feature","geometry":{"type":"Polygon","coordinates":[[[10.373,56.394],[10.42,56.406],[10.425,56.419],[10.462,56.419],[10.498,56.41],[10.506,56.453],[10.447,56.471],[10.411,56.458],[10.335,56.452],[10.335,56.435],[10.306,56.421],[10.269,56.409],[10.295,56.386],[10.339,56.396],[10.373,56.394]]]},"properties":{"code":"8963","name":"Auning"}},
{"type":"Feature","geometry":{"type":"Polygon","coordinates":[[[10.659,56.716],[10.552,56.707],[10.382,56.689],[10.356,56.701],[10.252,56.705],[10.215,56.699],[10.176,56.678],[10.104,56.682],[10.087,56.642],[10.109,56.624],[10.227,56.593],[10.246,56.566],[10.286,56.591],[10.301,56.608],[10.347,56.609],[10.444,56.599],[10.492,56.606],[10.534,56.618],[10.604,56.664],[10.659,56.716]]]},"properties":{"code":"8970","name":"Havndal"}},
{"type":"Feature","geometry":{"type":"Polygon","coordinates":[[[10.044,56.514],[10.068,56.517],[10.091,56.506],[10.132,56.53],[10.132,56.544],[10.097,56.538],[10.026,56.565],[10.008,56.596],[9.958,56.592],[9.949,56.581],[9.97,56.534],[9.987,56.511],[10.044,56.514]]]},"properties":{"code":"8981","name":"Spentrup"}},
{"type":"Feature","geometry":{"type":"Polygon","coordinates":[[[10.227,56.547],[10.246,56.566],[10.227,56.593],[10.109,56.624],[10.053,56.604],[10.008,56.596],[10.026,56.565],[10.097,56.538],[10.132,56.544],[10.153,56.557],[10.214,56.564],[10.227,56.547]]]},"properties":{"code":"8983","name":"Gjerlev J"}},
{"type":"Feature","geometry":{"type":"Polygon","coordinates":[[[9.786,56.518],[9.821,56.524],[9.855,56.518],[9.873,56.532],[9.927,56.525],[9.97,56.534],[9.949,56.581],[9.9,56.572],[9.872,56.58],[9.867,56.595],[9.815,56.592],[9.796,56.576],[9.752,56.556],[9.793,56.562],[9.782,56.542],[9.786,56.518]]]},"properties":{"code":"8990","name":"Fårup"}},
{"type":"Feature","geometry":{"type":"Polygon","coordinates":[[[9.78,57.014],[9.828,57.021],[9.914,57.016],[9.958,57.02],[9.973,57.033],[9.958,57.058],[9.934,57.051],[9.887,57.063],[9.845,57.08],[9.812,57.082],[9.762,57.05],[9.756,57.039],[9.78,57.014]]]},"properties":{"code":"9000","name":"Aalborg"}},
{"type":"Feature","geometry":{"type":"Polygon","coordinates":[[[9.78,57.014],[9.804,56.996],[9.848,56.993],[9.907,57],[9.914,57.016],[9.828,57.021],[9.78,57.014]]]},"properties":{"code":"9200","name":"Aalborg SV"}},
{"type":"Feature","geometry":{"type":"Polygon","coordinates":[[[9.914,57.016],[9.907,57],[9.933,56.984],[9.956,56.982],[9.963,57.011],[9.958,57.02],[9.914,57.016]]]},"properties":{"code":"9210","name":"Aalborg SØ"}},
{"type":"Feature","geometry":{"type":"Polygon","coordinates":[[[9.958,57.02],[9.963,57.011],[10.005,57.02],[10.021,57.011],[10.037,57.039],[10.073,57.036],[10.086,57.047],[10.046,57.063],[10.024,57.082],[9.994,57.082],[9.958,57.058],[9.973,57.033],[9.958,57.02]]]},"properties":{"code":"9220","name":"Aalborg Øst"}},
{"type":"Feature","geometry":{"type":"Polygon","coordinates":[[[9.804,56.996],[9.763,56.955],[9.779,56.933],[9.851,56.934],[9.871,56.916],[9.926,56.921],[9.938,56.915],[9.961,56.937],[9.933,56.984],[9.907,57],[9.848,56.993],[9.804,56.996]]]},"properties":{"code":"9230","name":"Svenstrup J"}},
{"type":"Feature","geometry":{"type":"Polygon","coordinates":[[[9.762,57.05],[9.704,57.049],[9.659,57.052],[9.601,57.017],[9.564,57.022],[9.479,57.026],[9.439,57.024],[9.394,57.019],[9.391,56.979],[9.407,56.973],[9.405,56.934],[9.434,56.924],[9.426,56.897],[9.508,56.893],[9.509,56.886],[9.555,56.87],[9.552,56.846],[9.605,56.835],[9.649,56.86],[9.66,56.897],[9.723,56.904],[9.705,56.934],[9.715,56.964],[9.763,56.955],[9.804,56.996],[9.78,57.014],[9.756,57.039],[9.762,57.05]]]},"properties":{"code":"9240","name":"Nibe"}},
{"type":"Feature","geometry":{"type":"Polygon","coordinates":[[[9.933,56.984],[9.961,56.937],[9.938,56.915],[9.952,56.903],[10.021,56.904],[10.06,56.891],[10.058,56.909],[10.091,56.928],[10.073,56.931],[10.053,56.963],[10.025,56.989],[10.021,57.011],[10.005,57.02],[9.963,57.011],[9.956,56.982],[9.933,56.984]]]},"properties":{"code":"9260","name":"Gistrup"}},
{"type":"Feature","geometry":{"type":"Polygon","coordinates":[[[10.021,57.011],[10.025,56.989],[10.063,56.991],[10.094,57.025],[10.096,57.04],[10.086,57.047],[10.073,57.036],[10.037,57.039],[10.021,57.011]]]},"properties":{"code":"9270","name":"Klarup"}},
{"type":"Feature","geometry":{"type":"Polygon","coordinates":[[[10.091,56.928],[10.114,56.925],[10.142,56.943],[10.17,56.905],[10.165,56.872],[10.153,56.849],[10.175,56.824],[10.198,56.811],[10.225,56.831],[10.193,56.847],[10.223,56.861],[10.306,56.85],[10.436,56.863],[10.629,56.872],[10.556,56.886],[10.474,56.905],[10.406,56.927],[10.344,56.963],[10.347,56.973],[10.296,56.99],[10.252,56.982],[10.199,56.994],[10.157,57.006],[10.128,57.026],[10.096,57.04],[10.094,57.025],[10.063,56.991],[10.025,56.989],[10.053,56.963],[10.073,56.931],[10.091,56.928]]]},"properties":{"code":"9280","name":"Storvorde"}},
{"type":"Feature","geometry":{"type":"Polygon","coordinates":[[[10.06,56.891],[10.039,56.867],[10.078,56.841],[10.119,56.854],[10.137,56.87],[10.165,56.872],[10.17,56.905],[10.142,56.943],[10.114,56.925],[10.091,56.928],[10.058,56.909],[10.06,56.891]]]},"properties":{"code":"9293","name":"Kongerslev"}},
{"type":"Feature","geometry":{"type":"Polygon","coordinates":[[[10.711,57.375],[10.636,57.366],[10.542,57.36],[10.508,57.362],[10.458,57.376],[10.435,57.367],[10.38,57.379],[10.355,57.367],[10.331,57.341],[10.355,57.329],[10.347,57.312],[10.357,57.295],[10.396,57.304],[10.425,57.301],[10.437,57.279],[10.408,57.252],[10.452,57.243],[10.432,57.214],[10.452,57.201],[10.443,57.188],[10.451,57.19],[10.543,57.146],[10.757,57.073],[10.721,57.184],[10.709,57.276],[10.722,57.324],[10.711,57.375]]]},"properties":{"code":"9300","name":"Sæby"}},
{"type":"Feature","geometry":{"type":"Polygon","coordinates":[[[10.086,57.047],[10.096,57.04],[10.128,57.026],[10.159,57.065],[10.158,57.08],[10.186,57.094],[10.196,57.11],[10.188,57.112],[10.15,57.119],[10.144,57.133],[10.115,57.146],[10.091,57.142],[10.055,57.171],[10.043,57.17],[10.001,57.138],[9.996,57.113],[9.979,57.104],[9.994,57.082],[10.024,57.082],[10.046,57.063],[10.086,57.047]]]},"properties":{"code":"9310","name":"Vodskov"}},
{"type":"Feature","geometry":{"type":"Polygon","coordinates":[[[10.188,57.112],[10.206,57.183],[10.231,57.203],[10.21,57.216],[10.213,57.239],[10.215,57.249],[10.136,57.246],[10.124,57.219],[10.073,57.2],[10.036,57.209],[10.023,57.19],[10.043,57.17],[10.055,57.171],[10.091,57.142],[10.115,57.146],[10.144,57.133],[10.15,57.119],[10.188,57.112]]]},"properties":{"code":"9320","name":"Hjallerup"}},
{"type":"Feature","geometry":{"type":"Polygon","coordinates":[[[10.408,57.252],[10.37,57.246],[10.301,57.268],[10.26,57.267],[10.26,57.251],[10.213,57.239],[10.21,57.216],[10.231,57.203],[10.206,57.183],[10.188,57.112],[10.196,57.11],[10.221,57.109],[10.32,57.104],[10.336,57.15],[10.364,57.178],[10.421,57.191],[10.443,57.188],[10.452,57.201],[10.432,57.214],[10.452,57.243],[10.408,57.252]]]},"properties":{"code":"9330","name":"Dronninglund"}},
{"type":"Feature","geometry":{"type":"Polygon","coordinates":[[[10.443,57.188],[10.421,57.191],[10.364,57.178],[10.336,57.15],[10.32,57.104],[10.644,57.063],[10.776,57.039],[10.757,57.073],[10.543,57.146],[10.451,57.19],[10.443,57.188]]]},"properties":{"code":"9340","name":"Asaa"}},
{"type":"Feature","geometry":{"type":"Polygon","coordinates":[[[10.347,57.312],[10.313,57.311],[10.269,57.296],[10.262,57.309],[10.216,57.299],[10.215,57.249],[10.213,57.239],[10.26,57.251],[10.26,57.267],[10.301,57.268],[10.37,57.246],[10.408,57.252],[10.437,57.279],[10.425,57.301],[10.396,57.304],[10.357,57.295],[10.347,57.312]]]},"properties":{"code":"9352","name":"Dybvad"}},
{"type":"Feature","geometry":{"type":"Polygon","coordinates":[[[10.199,56.994],[10.223,57.009],[10.247,57.038],[10.246,57.055],[10.219,57.101],[10.221,57.109],[10.196,57.11],[10.186,57.094],[10.158,57.08],[10.159,57.065],[10.128,57.026],[10.157,57.006],[10.199,56.994]]]},"properties":{"code":"9362","name":"Gandrup"}},
{"type":"Feature","geometry":{"type":"Polygon","coordinates":[[[10.927,56.87],[10.839,56.961],[10.776,57.039],[10.644,57.063],[10.32,57.104],[10.221,57.109],[10.219,57.101],[10.246,57.055],[10.247,57.038],[10.223,57.009],[10.199,56.994],[10.252,56.982],[10.296,56.99],[10.347,56.973],[10.344,56.963],[10.406,56.927],[10.474,56.905],[10.556,56.886],[10.629,56.872],[10.834,56.854],[10.866,56.853],[10.927,56.87]]]},"properties":{"code":"9370","name":"Hals"}},
{"type":"Feature","geometry":{"type":"Polygon","coordinates":[[[10.001,57.138],[9.952,57.144],[9.94,57.129],[9.95,57.114],[9.979,57.104],[9.996,57.113],[10.001,57.138]]]},"properties":{"code":"9380","name":"Vestbjerg"}},
{"type":"Feature","geometry":{"type":"Polygon","coordinates":[[[10.043,57.17],[10.023,57.19],[9.992,57.191],[9.96,57.176],[9.917,57.173],[9.877,57.191],[9.853,57.189],[9.872,57.171],[9.916,57.152],[9.952,57.144],[10.001,57.138],[10.043,57.17]]]},"properties":{"code":"9381","name":"Sulsted"}},
{"type":"Feature","geometry":{"type":"Polygon","coordinates":[[[10.036,57.209],[9.968,57.231],[9.934,57.226],[9.835,57.243],[9.787,57.232],[9.837,57.217],[9.877,57.191],[9.917,57.173],[9.96,57.176],[9.992,57.191],[10.023,57.19],[10.036,57.209]]]},"properties":{"code":"9382","name":"Tylstrup"}},
{"type":"Feature","geometry":{"type":"Polygon","coordinates":[[[9.958,57.058],[9.994,57.082],[9.979,57.104],[9.95,57.114],[9.94,57.129],[9.952,57.144],[9.916,57.152],[9.892,57.104],[9.845,57.08],[9.887,57.063],[9.934,57.051],[9.958,57.058]]]},"properties":{"code":"9400","name":"Nørresundby"}},
{"type":"Feature","geometry":{"type":"Polygon","coordinates":[[[9.845,57.08],[9.892,57.104],[9.916,57.152],[9.872,57.171],[9.853,57.189],[9.836,57.135],[9.808,57.135],[9.787,57.108],[9.792,57.089],[9.812,57.082],[9.845,57.08]]]},"properties":{"code":"9430","name":"Vadum"}},
{"type":"Feature","geometry":{"type":"Polygon","coordinates":[[[9.812,57.082],[9.792,57.089],[9.787,57.108],[9.808,57.135],[9.836,57.135],[9.853,57.189],[9.877,57.191],[9.837,57.217],[9.787,57.232],[9.739,57.238],[9.733,57.224],[9.702,57.175],[9.664,57.167],[9.591,57.172],[9.619,57.148],[9.674,57.126],[9.652,57.116],[9.679,57.1],[9.652,57.071],[9.659,57.052],[9.704,57.049],[9.762,57.05],[9.812,57.082]]]},"properties":{"code":"9440","name":"Aabybro"}},
{"type":"Feature","geometry":{"type":"Polygon","coordinates":[[[9.659,57.052],[9.652,57.071],[9.679,57.1],[9.652,57.116],[9.674,57.126],[9.619,57.148],[9.591,57.172],[9.569,57.184],[9.491,57.203],[9.447,57.231],[9.25,57.364],[9.2,57.389],[9.301,57.277],[9.335,57.221],[9.4,57.163],[9.369,57.107],[9.37,57.092],[9.427,57.092],[9.429,57.037],[9.439,57.024],[9.479,57.026],[9.564,57.022],[9.601,57.017],[9.659,57.052]]]},"properties":{"code":"9460","name":"Brovst"}},
{"type":"Feature","geometry":{"type":"Polygon","coordinates":[[[9.147,57.452],[9.296,57.405],[9.538,57.338],[9.635,57.305],[9.7,57.294],[9.726,57.296],[9.792,57.315],[9.825,57.316],[9.832,57.339],[9.801,57.347],[9.797,57.375],[9.845,57.4],[9.889,57.408],[9.877,57.43],[9.814,57.447],[9.784,57.451],[9.736,57.445],[9.692,57.45],[9.527,57.487],[9.407,57.511],[9.005,57.593],[9.09,57.515],[9.147,57.452]]]},"properties":{"code":"9480","name":"Løkken"}},
{"type":"Feature","geometry":{"type":"Polygon","coordinates":[[[9.733,57.224],[9.659,57.257],[9.639,57.26],[9.633,57.235],[9.599,57.236],[9.577,57.22],[9.521,57.256],[9.368,57.312],[9.25,57.364],[9.447,57.231],[9.491,57.203],[9.569,57.184],[9.591,57.172],[9.664,57.167],[9.702,57.175],[9.733,57.224]]]},"properties":{"code":"9490","name":"Pandrup"}},
{"type":"Feature","geometry":{"type":"Polygon","coordinates":[[[9.178,57.404],[9.2,57.389],[9.25,57.364],[9.368,57.312],[9.521,57.256],[9.577,57.22],[9.599,57.236],[9.633,57.235],[9.639,57.26],[9.57,57.288],[9.148,57.45],[9.178,57.404]]]},"properties":{"code":"9492","name":"Blokhus"}},
{"type":"Feature","geometry":{"type":"Polygon","coordinates":[[[9.148,57.45],[9.57,57.288],[9.639,57.26],[9.659,57.257],[9.733,57.224],[9.739,57.238],[9.747,57.253],[9.73,57.283],[9.7,57.294],[9.635,57.305],[9.538,57.338],[9.296,57.405],[9.147,57.452],[9.148,57.45]]]},"properties":{"code":"9493","name":"Saltum"}},
{"type":"Feature","geometry":{"type":"Polygon","coordinates":[[[9.752,56.556],[9.796,56.576],[9.815,56.592],[9.867,56.595],[9.898,56.609],[9.893,56.636],[9.914,56.647],[9.96,56.656],[9.993,56.675],[9.989,56.698],[9.953,56.72],[9.917,56.733],[9.866,56.726],[9.856,56.741],[9.799,56.733],[9.763,56.739],[9.704,56.74],[9.678,56.728],[9.696,56.718],[9.69,56.698],[9.64,56.671],[9.597,56.684],[9.581,56.683],[9.569,56.638],[9.597,56.629],[9.594,56.598],[9.549,56.59],[9.549,56.574],[9.529,56.559],[9.56,56.551],[9.612,56.556],[9.629,56.57],[9.678,56.59],[9.703,56.59],[9.752,56.556]]]},"properties":{"code":"9500","name":"Hobro"}},
{"type":"Feature","geometry":{"type":"Polygon","coordinates":[[[9.953,56.72],[10,56.738],[10.043,56.748],[10.052,56.762],[10.047,56.796],[9.99,56.791],[9.93,56.801],[9.843,56.801],[9.805,56.822],[9.777,56.792],[9.774,56.767],[9.812,56.748],[9.799,56.733],[9.856,56.741],[9.866,56.726],[9.917,56.733],[9.953,56.72]]]},"properties":{"code":"9510","name":"Arden"}},
{"type":"Feature","geometry":{"type":"Polygon","coordinates":[[[9.952,56.903],[9.9,56.885],[9.875,56.887],[9.848,56.852],[9.822,56.859],[9.8,56.838],[9.754,56.844],[9.73,56.842],[9.712,56.807],[9.714,56.791],[9.777,56.792],[9.805,56.822],[9.843,56.801],[9.93,56.801],[9.99,56.791],[9.973,56.809],[9.987,56.831],[10.024,56.831],[10.047,56.839],[10.074,56.828],[10.078,56.841],[10.039,56.867],[10.06,56.891],[10.021,56.904],[9.952,56.903]]]},"properties":{"code":"9520","name":"Skørping"}},
{"type":"Feature","geometry":{"type":"Polygon","coordinates":[[[9.763,56.955],[9.715,56.964],[9.705,56.934],[9.723,56.904],[9.744,56.892],[9.754,56.844],[9.8,56.838],[9.822,56.859],[9.848,56.852],[9.875,56.887],[9.9,56.885],[9.952,56.903],[9.938,56.915],[9.926,56.921],[9.871,56.916],[9.851,56.934],[9.779,56.933],[9.763,56.955]]]},"properties":{"code":"9530","name":"Støvring"}},
{"type":"Feature","geometry":{"type":"Polygon","coordinates":[[[9.605,56.835],[9.64,56.801],[9.693,56.8],[9.712,56.807],[9.73,56.842],[9.754,56.844],[9.744,56.892],[9.723,56.904],[9.66,56.897],[9.649,56.86],[9.605,56.835]]]},"properties":{"code":"9541","name":"Suldrup"}},
{"type":"Feature","geometry":{"type":"Polygon","coordinates":[[[10.104,56.682],[10.053,56.696],[10.018,56.678],[9.993,56.675],[9.96,56.656],[9.914,56.647],[9.893,56.636],[9.898,56.609],[9.867,56.595],[9.872,56.58],[9.9,56.572],[9.949,56.581],[9.958,56.592],[10.008,56.596],[10.053,56.604],[10.109,56.624],[10.087,56.642],[10.104,56.682]]]},"properties":{"code":"9550","name":"Mariager"}},
{"type":"Feature","geometry":{"type":"Polygon","coordinates":[[[10.866,56.853],[10.834,56.854],[10.629,56.872],[10.436,56.863],[10.306,56.85],[10.223,56.861],[10.193,56.847],[10.225,56.831],[10.198,56.811],[10.14,56.795],[10.093,56.799],[10.084,56.768],[10.052,56.762],[10.043,56.748],[10,56.738],[9.953,56.72],[9.989,56.698],[9.993,56.675],[10.018,56.678],[10.053,56.696],[10.104,56.682],[10.176,56.678],[10.215,56.699],[10.252,56.705],[10.356,56.701],[10.382,56.689],[10.552,56.707],[10.659,56.716],[10.804,56.807],[10.866,56.853]]]},"properties":{"code":"9560","name":"Hadsund"}},
{"type":"Feature","geometry":{"type":"Polygon","coordinates":[[[10.165,56.872],[10.137,56.87],[10.119,56.854],[10.078,56.841],[10.074,56.828],[10.093,56.799],[10.14,56.795],[10.198,56.811],[10.175,56.824],[10.153,56.849],[10.165,56.872]]]},"properties":{"code":"9574","name":"Bælum"}},
{"type":"Feature","geometry":{"type":"Polygon","coordinates":[[[10.052,56.762],[10.084,56.768],[10.093,56.799],[10.074,56.828],[10.047,56.839],[10.024,56.831],[9.987,56.831],[9.973,56.809],[9.99,56.791],[10.047,56.796],[10.052,56.762]]]},"properties":{"code":"9575","name":"Terndrup"}},
{"type":"Feature","geometry":{"type":"Polygon","coordinates":[[[9.426,56.897],[9.432,56.891],[9.401,56.878],[9.385,56.854],[9.405,56.833],[9.373,56.817],[9.39,56.792],[9.407,56.736],[9.363,56.727],[9.394,56.731],[9.435,56.739],[9.52,56.733],[9.566,56.74],[9.57,56.768],[9.64,56.801],[9.605,56.835],[9.552,56.846],[9.555,56.87],[9.509,56.886],[9.508,56.893],[9.426,56.897]]]},"properties":{"code":"9600","name":"Aars"}},
{"type":"Feature","geometry":{"type":"Polygon","coordinates":[[[9.799,56.733],[9.812,56.748],[9.774,56.767],[9.777,56.792],[9.714,56.791],[9.712,56.807],[9.693,56.8],[9.64,56.801],[9.57,56.768],[9.566,56.74],[9.582,56.726],[9.597,56.684],[9.64,56.671],[9.69,56.698],[9.696,56.718],[9.678,56.728],[9.704,56.74],[9.763,56.739],[9.799,56.733]]]},"properties":{"code":"9610","name":"Nørager"}},
{"type":"Feature","geometry":{"type":"Polygon","coordinates":[[[9.417,56.634],[9.495,56.649],[9.548,56.631],[9.569,56.638],[9.581,56.683],[9.597,56.684],[9.582,56.726],[9.566,56.74],[9.52,56.733],[9.435,56.739],[9.394,56.731],[9.394,56.704],[9.42,56.696],[9.394,56.665],[9.417,56.634]]]},"properties":{"code":"9620","name":"Aalestrup"}},
{"type":"Feature","geometry":{"type":"Polygon","coordinates":[[[9.283,56.649],[9.336,56.66],[9.394,56.665],[9.42,56.696],[9.394,56.704],[9.394,56.731],[9.363,56.727],[9.335,56.725],[9.333,56.701],[9.286,56.689],[9.263,56.657],[9.283,56.649]]]},"properties":{"code":"9631","name":"Gedsted"}},
{"type":"Feature","geometry":{"type":"Polygon","coordinates":[[[9.529,56.559],[9.549,56.574],[9.549,56.59],[9.594,56.598],[9.597,56.629],[9.569,56.638],[9.548,56.631],[9.495,56.649],[9.417,56.634],[9.426,56.599],[9.47,56.588],[9.477,56.569],[9.511,56.572],[9.529,56.559]]]},"properties":{"code":"9632","name":"Møldrup"}},
{"type":"Feature","geometry":{"type":"Polygon","coordinates":[[[9.263,56.657],[9.286,56.689],[9.333,56.701],[9.335,56.725],[9.363,56.727],[9.407,56.736],[9.39,56.792],[9.373,56.817],[9.405,56.833],[9.385,56.854],[9.401,56.878],[9.432,56.891],[9.402,56.888],[9.316,56.86],[9.318,56.85],[9.266,56.834],[9.233,56.83],[9.138,56.85],[9.137,56.85],[9.123,56.815],[9.144,56.794],[9.158,56.759],[9.212,56.72],[9.182,56.7],[9.152,56.689],[9.146,56.669],[9.194,56.647],[9.263,56.657]]]},"properties":{"code":"9640","name":"Farsø"}},
{"type":"Feature","geometry":{"type":"Polygon","coordinates":[[[9.098,56.958],[9.197,56.929],[9.244,56.923],[9.262,56.911],[9.221,56.865],[9.138,56.85],[9.233,56.83],[9.266,56.834],[9.318,56.85],[9.316,56.86],[9.402,56.888],[9.432,56.891],[9.426,56.897],[9.434,56.924],[9.405,56.934],[9.407,56.973],[9.391,56.979],[9.394,57.019],[9.329,57.006],[9.307,57.024],[9.258,57.031],[9.219,57.02],[9.2,57.028],[9.113,57.01],[9.123,56.973],[9.098,56.958]]]},"properties":{"code":"9670","name":"Løgstør"}},
{"type":"Feature","geometry":{"type":"Polygon","coordinates":[[[9.032,56.948],[8.999,56.893],[9.101,56.856],[9.137,56.85],[9.138,56.85],[9.221,56.865],[9.262,56.911],[9.244,56.923],[9.197,56.929],[9.098,56.958],[9.032,56.948]]]},"properties":{"code":"9681","name":"Ranum"}},
{"type":"Feature","geometry":{"type":"Polygon","coordinates":[[[9.061,57.05],[9.077,57.054],[9.113,57.01],[9.2,57.028],[9.219,57.02],[9.258,57.031],[9.307,57.024],[9.329,57.006],[9.394,57.019],[9.439,57.024],[9.429,57.037],[9.427,57.092],[9.37,57.092],[9.369,57.107],[9.4,57.163],[9.335,57.221],[9.301,57.277],[9.2,57.389],[9.178,57.404],[9.177,57.364],[9.118,57.245],[9.092,57.197],[9.075,57.18],[9.03,57.158],[9.035,57.123],[9.06,57.09],[9.061,57.05]]]},"properties":{"code":"9690","name":"Fjerritslev"}},
{"type":"Feature","geometry":{"type":"Polygon","coordinates":[[[10.136,57.246],[10.127,57.263],[10.093,57.256],[10.05,57.262],[10.027,57.289],[10.049,57.314],[9.989,57.328],[9.954,57.33],[9.931,57.321],[9.867,57.343],[9.832,57.339],[9.825,57.316],[9.792,57.315],[9.726,57.296],[9.7,57.294],[9.73,57.283],[9.747,57.253],[9.739,57.238],[9.787,57.232],[9.835,57.243],[9.934,57.226],[9.968,57.231],[10.036,57.209],[10.073,57.2],[10.124,57.219],[10.136,57.246]]]},"properties":{"code":"9700","name":"Brønderslev"}},
{"type":"Feature","geometry":{"type":"Polygon","coordinates":[[[10.215,57.249],[10.216,57.299],[10.211,57.285],[10.169,57.288],[10.165,57.306],[10.193,57.319],[10.19,57.337],[10.157,57.327],[10.103,57.335],[10.063,57.328],[10.049,57.314],[10.027,57.289],[10.05,57.262],[10.093,57.256],[10.127,57.263],[10.136,57.246],[10.215,57.249]]]},"properties":{"code":"9740","name":"Jerslev J"}},
{"type":"Feature","geometry":{"type":"Polygon","coordinates":[[[10.355,57.367],[10.336,57.378],[10.335,57.378],[10.323,57.381],[10.307,57.376],[10.305,57.376],[10.297,57.378],[10.296,57.378],[10.282,57.38],[10.281,57.38],[10.276,57.381],[10.26,57.382],[10.255,57.383],[10.241,57.385],[10.224,57.36],[10.2,57.359],[10.19,57.337],[10.193,57.319],[10.165,57.306],[10.169,57.288],[10.211,57.285],[10.216,57.299],[10.262,57.309],[10.269,57.296],[10.313,57.311],[10.347,57.312],[10.355,57.329],[10.331,57.341],[10.355,57.367]]]},"properties":{"code":"9750","name":"Østervrå"}},
{"type":"Feature","geometry":{"type":"Polygon","coordinates":[[[9.832,57.339],[9.867,57.343],[9.931,57.321],[9.954,57.33],[9.989,57.328],[10.049,57.314],[10.063,57.328],[10.103,57.335],[10.071,57.38],[10.049,57.396],[10.016,57.387],[9.935,57.386],[9.889,57.408],[9.845,57.4],[9.797,57.375],[9.801,57.347],[9.832,57.339]]]},"properties":{"code":"9760","name":"Vrå"}},
{"type":"Feature","geometry":{"type":"Polygon","coordinates":[[[9.005,57.593],[9.407,57.511],[9.527,57.487],[9.692,57.45],[9.736,57.445],[9.784,57.451],[9.814,57.447],[9.877,57.43],[9.889,57.408],[9.935,57.386],[10.016,57.387],[10.049,57.396],[10.076,57.409],[10.144,57.419],[10.162,57.454],[10.132,57.472],[10.132,57.473],[10.128,57.474],[10.131,57.477],[10.13,57.496],[10.129,57.496],[10.13,57.504],[10.129,57.508],[10.129,57.509],[10.129,57.511],[10.135,57.521],[10.148,57.525],[10.138,57.545],[10.164,57.56],[10.134,57.574],[10.124,57.603],[10.093,57.729],[10.078,57.616],[10.054,57.591],[10.063,57.538],[10.036,57.53],[9.988,57.54],[9.972,57.513],[9.864,57.516],[9.834,57.537],[9.703,57.599],[9.381,57.986],[8.886,57.694],[9.005,57.593]]]},"properties":{"code":"9800","name":"Hjørring"}},
{"type":"Feature","geometry":{"type":"Polygon","coordinates":[[[10.19,57.337],[10.2,57.359],[10.224,57.36],[10.241,57.385],[10.242,57.389],[10.24,57.392],[10.241,57.394],[10.24,57.394],[10.24,57.395],[10.239,57.395],[10.239,57.396],[10.205,57.411],[10.144,57.419],[10.076,57.409],[10.049,57.396],[10.071,57.38],[10.103,57.335],[10.157,57.327],[10.19,57.337]]]},"properties":{"code":"9830","name":"Tårs"}},
{"type":"Feature","geometry":{"type":"Polygon","coordinates":[[[10.093,57.729],[10.09,57.763],[10.064,57.827],[9.986,57.959],[10.027,58.259],[9.381,57.986],[9.703,57.599],[9.834,57.537],[9.864,57.516],[9.972,57.513],[9.988,57.54],[10.036,57.53],[10.063,57.538],[10.054,57.591],[10.078,57.616],[10.093,57.729]]]},"properties":{"code":"9850","name":"Hirtshals"}},
{"type":"Feature","geometry":{"type":"Polygon","coordinates":[[[10.323,57.381],[10.323,57.418],[10.301,57.426],[10.312,57.447],[10.361,57.453],[10.39,57.488],[10.375,57.506],[10.368,57.509],[10.366,57.51],[10.348,57.526],[10.313,57.554],[10.308,57.552],[10.288,57.545],[10.264,57.535],[10.259,57.531],[10.257,57.53],[10.25,57.524],[10.24,57.522],[10.241,57.521],[10.242,57.521],[10.245,57.52],[10.243,57.518],[10.243,57.516],[10.238,57.512],[10.228,57.511],[10.201,57.512],[10.169,57.515],[10.166,57.515],[10.159,57.516],[10.148,57.518],[10.147,57.518],[10.148,57.525],[10.135,57.521],[10.129,57.511],[10.129,57.509],[10.129,57.508],[10.13,57.504],[10.129,57.496],[10.13,57.496],[10.131,57.477],[10.128,57.474],[10.132,57.473],[10.132,57.472],[10.162,57.454],[10.144,57.419],[10.205,57.411],[10.239,57.396],[10.239,57.395],[10.24,57.395],[10.24,57.394],[10.241,57.394],[10.24,57.392],[10.242,57.389],[10.241,57.385],[10.255,57.383],[10.26,57.382],[10.276,57.381],[10.281,57.38],[10.282,57.38],[10.296,57.378],[10.297,57.378],[10.305,57.376],[10.307,57.376],[10.323,57.381]]]},"properties":{"code":"9870","name":"Sindal"}},
{"type":"Feature","geometry":{"type":"Polygon","coordinates":[[[10.148,57.525],[10.147,57.518],[10.148,57.518],[10.159,57.516],[10.166,57.515],[10.169,57.515],[10.201,57.512],[10.228,57.511],[10.238,57.512],[10.243,57.516],[10.243,57.518],[10.245,57.52],[10.242,57.521],[10.241,57.521],[10.24,57.522],[10.25,57.524],[10.257,57.53],[10.259,57.531],[10.264,57.535],[10.288,57.545],[10.308,57.552],[10.313,57.554],[10.335,57.596],[10.237,57.631],[10.201,57.655],[10.137,57.711],[10.09,57.763],[10.093,57.729],[10.124,57.603],[10.134,57.574],[10.164,57.56],[10.138,57.545],[10.148,57.525]]]},"properties":{"code":"9881","name":"Bindslev"}},
{"type":"Feature","geometry":{"type":"Polygon","coordinates":[[[10.711,57.375],[10.731,57.399],[10.825,57.458],[11.044,57.607],[10.862,57.609],[10.695,57.605],[10.628,57.59],[10.599,57.579],[10.587,57.563],[10.574,57.539],[10.564,57.496],[10.48,57.481],[10.435,57.494],[10.407,57.509],[10.375,57.506],[10.39,57.488],[10.361,57.453],[10.312,57.447],[10.301,57.426],[10.323,57.418],[10.323,57.381],[10.335,57.378],[10.336,57.378],[10.355,57.367],[10.38,57.379],[10.435,57.367],[10.458,57.376],[10.508,57.362],[10.542,57.36],[10.636,57.366],[10.711,57.375]]]},"properties":{"code":"9900","name":"Frederikshavn"}},
{"type":"Feature","geometry":{"type":"Polygon","coordinates":[[[10.946,56.869],[11.349,56.988],[11.449,57.019],[11.521,57.047],[11.689,57.086],[11.397,57.448],[11.21,57.644],[11.044,57.607],[10.825,57.458],[10.731,57.399],[10.711,57.375],[10.722,57.324],[10.709,57.276],[10.721,57.184],[10.757,57.073],[10.776,57.039],[10.839,56.961],[10.927,56.87],[10.946,56.869]]]},"properties":{"code":"9940","name":"Læsø"}},
{"type":"Feature","geometry":{"type":"Polygon","coordinates":[[[10.587,57.563],[10.489,57.519],[10.455,57.494],[10.435,57.494],[10.48,57.481],[10.564,57.496],[10.574,57.539],[10.587,57.563]]]},"properties":{"code":"9970","name":"Strandby"}},
{"type":"Feature","geometry":{"type":"Polygon","coordinates":[[[10.375,57.506],[10.407,57.509],[10.435,57.494],[10.455,57.494],[10.489,57.519],[10.587,57.563],[10.599,57.579],[10.544,57.578],[10.387,57.563],[10.348,57.526],[10.366,57.51],[10.368,57.509],[10.375,57.506]]]},"properties":{"code":"9981","name":"Jerup"}},
{"type":"Feature","geometry":{"type":"Polygon","coordinates":[[[10.09,57.763],[10.137,57.711],[10.201,57.655],[10.237,57.631],[10.335,57.596],[10.313,57.554],[10.348,57.526],[10.387,57.563],[10.544,57.578],[10.599,57.579],[10.628,57.59],[10.532,57.624],[10.478,57.653],[10.458,57.639],[10.343,57.645],[10.274,57.666],[10.261,57.675],[10.064,57.827],[10.09,57.763]]]},"properties":{"code":"9982","name":"Ålbæk"}},
{"type":"Feature","geometry":{"type":"Polygon","coordinates":[[[10.064,57.827],[10.261,57.675],[10.274,57.666],[10.343,57.645],[10.458,57.639],[10.478,57.653],[10.532,57.624],[10.628,57.59],[10.695,57.605],[10.862,57.609],[11.044,57.607],[11.21,57.644],[11.046,57.814],[10.54,58.131],[10.027,58.259],[9.986,57.959],[10.064,57.827]]]},"properties":{"code":"9990","name":"Skagen"}}
]}